cuadro,titulo,fila,departamento,columna,valor,unidad
Cuadro 1,"Cuadro 1. Cantidad de niños, niñas y adolescentes en Acogimiento Familiar por etapa de desarrollo y sexo, según propuesta de atención",Familia Amiga y Alternativa Familiar,Total país,Primera Infancia|Mujeres,31.0,cantidad
Cuadro 1,"Cuadro 1. Cantidad de niños, niñas y adolescentes en Acogimiento Familiar por etapa de desarrollo y sexo, según propuesta de atención",Familia Amiga y Alternativa Familiar,Total país,Primera Infancia|Varones,43.0,cantidad
Cuadro 1,"Cuadro 1. Cantidad de niños, niñas y adolescentes en Acogimiento Familiar por etapa de desarrollo y sexo, según propuesta de atención",Familia Amiga y Alternativa Familiar,Total país,Infancia|Mujeres,77.0,cantidad
Cuadro 1,"Cuadro 1. Cantidad de niños, niñas y adolescentes en Acogimiento Familiar por etapa de desarrollo y sexo, según propuesta de atención",Familia Amiga y Alternativa Familiar,Total país,Infancia|Varones,76.0,cantidad
Cuadro 1,"Cuadro 1. Cantidad de niños, niñas y adolescentes en Acogimiento Familiar por etapa de desarrollo y sexo, según propuesta de atención",Familia Amiga y Alternativa Familiar,Total país,Adolescencia|Mujeres,63.0,cantidad
Cuadro 1,"Cuadro 1. Cantidad de niños, niñas y adolescentes en Acogimiento Familiar por etapa de desarrollo y sexo, según propuesta de atención",Familia Amiga y Alternativa Familiar,Total país,Adolescencia|Varones,44.0,cantidad
Cuadro 1,"Cuadro 1. Cantidad de niños, niñas y adolescentes en Acogimiento Familiar por etapa de desarrollo y sexo, según propuesta de atención",Familia Amiga y Alternativa Familiar,Total país,Juventud|Mujeres,11.0,cantidad
Cuadro 1,"Cuadro 1. Cantidad de niños, niñas y adolescentes en Acogimiento Familiar por etapa de desarrollo y sexo, según propuesta de atención",Familia Amiga y Alternativa Familiar,Total país,Juventud|Varones,1.0,cantidad
Cuadro 1,"Cuadro 1. Cantidad de niños, niñas y adolescentes en Acogimiento Familiar por etapa de desarrollo y sexo, según propuesta de atención",Familia Amiga y Alternativa Familiar,Total país,Juventud y Adultez|Mujeres,1.0,cantidad
Cuadro 1,"Cuadro 1. Cantidad de niños, niñas y adolescentes en Acogimiento Familiar por etapa de desarrollo y sexo, según propuesta de atención",Familia Amiga y Alternativa Familiar,Total país,Juventud y Adultez|Varones,2.0,cantidad
Cuadro 1,"Cuadro 1. Cantidad de niños, niñas y adolescentes en Acogimiento Familiar por etapa de desarrollo y sexo, según propuesta de atención",Familia Amiga y Alternativa Familiar,Total país,Total|Mujeres,183.0,cantidad
Cuadro 1,"Cuadro 1. Cantidad de niños, niñas y adolescentes en Acogimiento Familiar por etapa de desarrollo y sexo, según propuesta de atención",Familia Amiga y Alternativa Familiar,Total país,Total|Varones,166.0,cantidad
Cuadro 1,"Cuadro 1. Cantidad de niños, niñas y adolescentes en Acogimiento Familiar por etapa de desarrollo y sexo, según propuesta de atención",Familia Amiga y Alternativa Familiar,Total país,Total general,349.0,cantidad
Cuadro 1,"Cuadro 1. Cantidad de niños, niñas y adolescentes en Acogimiento Familiar por etapa de desarrollo y sexo, según propuesta de atención",Amiga Parcial,Total país,Primera Infancia|Mujeres,0.0,cantidad
Cuadro 1,"Cuadro 1. Cantidad de niños, niñas y adolescentes en Acogimiento Familiar por etapa de desarrollo y sexo, según propuesta de atención",Amiga Parcial,Total país,Primera Infancia|Varones,0.0,cantidad
Cuadro 1,"Cuadro 1. Cantidad de niños, niñas y adolescentes en Acogimiento Familiar por etapa de desarrollo y sexo, según propuesta de atención",Amiga Parcial,Total país,Infancia|Mujeres,0.0,cantidad
Cuadro 1,"Cuadro 1. Cantidad de niños, niñas y adolescentes en Acogimiento Familiar por etapa de desarrollo y sexo, según propuesta de atención",Amiga Parcial,Total país,Infancia|Varones,1.0,cantidad
Cuadro 1,"Cuadro 1. Cantidad de niños, niñas y adolescentes en Acogimiento Familiar por etapa de desarrollo y sexo, según propuesta de atención",Amiga Parcial,Total país,Adolescencia|Mujeres,0.0,cantidad
Cuadro 1,"Cuadro 1. Cantidad de niños, niñas y adolescentes en Acogimiento Familiar por etapa de desarrollo y sexo, según propuesta de atención",Amiga Parcial,Total país,Adolescencia|Varones,0.0,cantidad
Cuadro 1,"Cuadro 1. Cantidad de niños, niñas y adolescentes en Acogimiento Familiar por etapa de desarrollo y sexo, según propuesta de atención",Amiga Parcial,Total país,Juventud|Mujeres,0.0,cantidad
Cuadro 1,"Cuadro 1. Cantidad de niños, niñas y adolescentes en Acogimiento Familiar por etapa de desarrollo y sexo, según propuesta de atención",Amiga Parcial,Total país,Juventud|Varones,0.0,cantidad
Cuadro 1,"Cuadro 1. Cantidad de niños, niñas y adolescentes en Acogimiento Familiar por etapa de desarrollo y sexo, según propuesta de atención",Amiga Parcial,Total país,Juventud y Adultez|Mujeres,0.0,cantidad
Cuadro 1,"Cuadro 1. Cantidad de niños, niñas y adolescentes en Acogimiento Familiar por etapa de desarrollo y sexo, según propuesta de atención",Amiga Parcial,Total país,Juventud y Adultez|Varones,0.0,cantidad
Cuadro 1,"Cuadro 1. Cantidad de niños, niñas y adolescentes en Acogimiento Familiar por etapa de desarrollo y sexo, según propuesta de atención",Amiga Parcial,Total país,Total|Mujeres,0.0,cantidad
Cuadro 1,"Cuadro 1. Cantidad de niños, niñas y adolescentes en Acogimiento Familiar por etapa de desarrollo y sexo, según propuesta de atención",Amiga Parcial,Total país,Total|Varones,1.0,cantidad
Cuadro 1,"Cuadro 1. Cantidad de niños, niñas y adolescentes en Acogimiento Familiar por etapa de desarrollo y sexo, según propuesta de atención",Amiga Parcial,Total país,Total general,1.0,cantidad
Cuadro 1,"Cuadro 1. Cantidad de niños, niñas y adolescentes en Acogimiento Familiar por etapa de desarrollo y sexo, según propuesta de atención",Amiga,Total país,Primera Infancia|Mujeres,25.0,cantidad
Cuadro 1,"Cuadro 1. Cantidad de niños, niñas y adolescentes en Acogimiento Familiar por etapa de desarrollo y sexo, según propuesta de atención",Amiga,Total país,Primera Infancia|Varones,35.0,cantidad
Cuadro 1,"Cuadro 1. Cantidad de niños, niñas y adolescentes en Acogimiento Familiar por etapa de desarrollo y sexo, según propuesta de atención",Amiga,Total país,Infancia|Mujeres,72.0,cantidad
Cuadro 1,"Cuadro 1. Cantidad de niños, niñas y adolescentes en Acogimiento Familiar por etapa de desarrollo y sexo, según propuesta de atención",Amiga,Total país,Infancia|Varones,64.0,cantidad
Cuadro 1,"Cuadro 1. Cantidad de niños, niñas y adolescentes en Acogimiento Familiar por etapa de desarrollo y sexo, según propuesta de atención",Amiga,Total país,Adolescencia|Mujeres,50.0,cantidad
Cuadro 1,"Cuadro 1. Cantidad de niños, niñas y adolescentes en Acogimiento Familiar por etapa de desarrollo y sexo, según propuesta de atención",Amiga,Total país,Adolescencia|Varones,25.0,cantidad
Cuadro 1,"Cuadro 1. Cantidad de niños, niñas y adolescentes en Acogimiento Familiar por etapa de desarrollo y sexo, según propuesta de atención",Amiga,Total país,Juventud|Mujeres,6.0,cantidad
Cuadro 1,"Cuadro 1. Cantidad de niños, niñas y adolescentes en Acogimiento Familiar por etapa de desarrollo y sexo, según propuesta de atención",Amiga,Total país,Juventud|Varones,0.0,cantidad
Cuadro 1,"Cuadro 1. Cantidad de niños, niñas y adolescentes en Acogimiento Familiar por etapa de desarrollo y sexo, según propuesta de atención",Amiga,Total país,Juventud y Adultez|Mujeres,0.0,cantidad
Cuadro 1,"Cuadro 1. Cantidad de niños, niñas y adolescentes en Acogimiento Familiar por etapa de desarrollo y sexo, según propuesta de atención",Amiga,Total país,Juventud y Adultez|Varones,1.0,cantidad
Cuadro 1,"Cuadro 1. Cantidad de niños, niñas y adolescentes en Acogimiento Familiar por etapa de desarrollo y sexo, según propuesta de atención",Amiga,Total país,Total|Mujeres,153.0,cantidad
Cuadro 1,"Cuadro 1. Cantidad de niños, niñas y adolescentes en Acogimiento Familiar por etapa de desarrollo y sexo, según propuesta de atención",Amiga,Total país,Total|Varones,125.0,cantidad
Cuadro 1,"Cuadro 1. Cantidad de niños, niñas y adolescentes en Acogimiento Familiar por etapa de desarrollo y sexo, según propuesta de atención",Amiga,Total país,Total general,278.0,cantidad
Cuadro 1,"Cuadro 1. Cantidad de niños, niñas y adolescentes en Acogimiento Familiar por etapa de desarrollo y sexo, según propuesta de atención",Amiga Urgencia,Total país,Primera Infancia|Mujeres,4.0,cantidad
Cuadro 1,"Cuadro 1. Cantidad de niños, niñas y adolescentes en Acogimiento Familiar por etapa de desarrollo y sexo, según propuesta de atención",Amiga Urgencia,Total país,Primera Infancia|Varones,4.0,cantidad
Cuadro 1,"Cuadro 1. Cantidad de niños, niñas y adolescentes en Acogimiento Familiar por etapa de desarrollo y sexo, según propuesta de atención",Amiga Urgencia,Total país,Infancia|Mujeres,2.0,cantidad
Cuadro 1,"Cuadro 1. Cantidad de niños, niñas y adolescentes en Acogimiento Familiar por etapa de desarrollo y sexo, según propuesta de atención",Amiga Urgencia,Total país,Infancia|Varones,2.0,cantidad
Cuadro 1,"Cuadro 1. Cantidad de niños, niñas y adolescentes en Acogimiento Familiar por etapa de desarrollo y sexo, según propuesta de atención",Amiga Urgencia,Total país,Adolescencia|Mujeres,0.0,cantidad
Cuadro 1,"Cuadro 1. Cantidad de niños, niñas y adolescentes en Acogimiento Familiar por etapa de desarrollo y sexo, según propuesta de atención",Amiga Urgencia,Total país,Adolescencia|Varones,0.0,cantidad
Cuadro 1,"Cuadro 1. Cantidad de niños, niñas y adolescentes en Acogimiento Familiar por etapa de desarrollo y sexo, según propuesta de atención",Amiga Urgencia,Total país,Juventud|Mujeres,0.0,cantidad
Cuadro 1,"Cuadro 1. Cantidad de niños, niñas y adolescentes en Acogimiento Familiar por etapa de desarrollo y sexo, según propuesta de atención",Amiga Urgencia,Total país,Juventud|Varones,0.0,cantidad
Cuadro 1,"Cuadro 1. Cantidad de niños, niñas y adolescentes en Acogimiento Familiar por etapa de desarrollo y sexo, según propuesta de atención",Amiga Urgencia,Total país,Juventud y Adultez|Mujeres,0.0,cantidad
Cuadro 1,"Cuadro 1. Cantidad de niños, niñas y adolescentes en Acogimiento Familiar por etapa de desarrollo y sexo, según propuesta de atención",Amiga Urgencia,Total país,Juventud y Adultez|Varones,0.0,cantidad
Cuadro 1,"Cuadro 1. Cantidad de niños, niñas y adolescentes en Acogimiento Familiar por etapa de desarrollo y sexo, según propuesta de atención",Amiga Urgencia,Total país,Total|Mujeres,6.0,cantidad
Cuadro 1,"Cuadro 1. Cantidad de niños, niñas y adolescentes en Acogimiento Familiar por etapa de desarrollo y sexo, según propuesta de atención",Amiga Urgencia,Total país,Total|Varones,6.0,cantidad
Cuadro 1,"Cuadro 1. Cantidad de niños, niñas y adolescentes en Acogimiento Familiar por etapa de desarrollo y sexo, según propuesta de atención",Amiga Urgencia,Total país,Total general,12.0,cantidad
Cuadro 1,"Cuadro 1. Cantidad de niños, niñas y adolescentes en Acogimiento Familiar por etapa de desarrollo y sexo, según propuesta de atención",Cuidadoras 1a. Atención/ Hogares Alternativa Familiar,Total país,Primera Infancia|Mujeres,2.0,cantidad
Cuadro 1,"Cuadro 1. Cantidad de niños, niñas y adolescentes en Acogimiento Familiar por etapa de desarrollo y sexo, según propuesta de atención",Cuidadoras 1a. Atención/ Hogares Alternativa Familiar,Total país,Primera Infancia|Varones,4.0,cantidad
Cuadro 1,"Cuadro 1. Cantidad de niños, niñas y adolescentes en Acogimiento Familiar por etapa de desarrollo y sexo, según propuesta de atención",Cuidadoras 1a. Atención/ Hogares Alternativa Familiar,Total país,Infancia|Mujeres,3.0,cantidad
Cuadro 1,"Cuadro 1. Cantidad de niños, niñas y adolescentes en Acogimiento Familiar por etapa de desarrollo y sexo, según propuesta de atención",Cuidadoras 1a. Atención/ Hogares Alternativa Familiar,Total país,Infancia|Varones,9.0,cantidad
Cuadro 1,"Cuadro 1. Cantidad de niños, niñas y adolescentes en Acogimiento Familiar por etapa de desarrollo y sexo, según propuesta de atención",Cuidadoras 1a. Atención/ Hogares Alternativa Familiar,Total país,Adolescencia|Mujeres,13.0,cantidad
Cuadro 1,"Cuadro 1. Cantidad de niños, niñas y adolescentes en Acogimiento Familiar por etapa de desarrollo y sexo, según propuesta de atención",Cuidadoras 1a. Atención/ Hogares Alternativa Familiar,Total país,Adolescencia|Varones,19.0,cantidad
Cuadro 1,"Cuadro 1. Cantidad de niños, niñas y adolescentes en Acogimiento Familiar por etapa de desarrollo y sexo, según propuesta de atención",Cuidadoras 1a. Atención/ Hogares Alternativa Familiar,Total país,Juventud|Mujeres,5.0,cantidad
Cuadro 1,"Cuadro 1. Cantidad de niños, niñas y adolescentes en Acogimiento Familiar por etapa de desarrollo y sexo, según propuesta de atención",Cuidadoras 1a. Atención/ Hogares Alternativa Familiar,Total país,Juventud|Varones,1.0,cantidad
Cuadro 1,"Cuadro 1. Cantidad de niños, niñas y adolescentes en Acogimiento Familiar por etapa de desarrollo y sexo, según propuesta de atención",Cuidadoras 1a. Atención/ Hogares Alternativa Familiar,Total país,Juventud y Adultez|Mujeres,1.0,cantidad
Cuadro 1,"Cuadro 1. Cantidad de niños, niñas y adolescentes en Acogimiento Familiar por etapa de desarrollo y sexo, según propuesta de atención",Cuidadoras 1a. Atención/ Hogares Alternativa Familiar,Total país,Juventud y Adultez|Varones,1.0,cantidad
Cuadro 1,"Cuadro 1. Cantidad de niños, niñas y adolescentes en Acogimiento Familiar por etapa de desarrollo y sexo, según propuesta de atención",Cuidadoras 1a. Atención/ Hogares Alternativa Familiar,Total país,Total|Mujeres,24.0,cantidad
Cuadro 1,"Cuadro 1. Cantidad de niños, niñas y adolescentes en Acogimiento Familiar por etapa de desarrollo y sexo, según propuesta de atención",Cuidadoras 1a. Atención/ Hogares Alternativa Familiar,Total país,Total|Varones,34.0,cantidad
Cuadro 1,"Cuadro 1. Cantidad de niños, niñas y adolescentes en Acogimiento Familiar por etapa de desarrollo y sexo, según propuesta de atención",Cuidadoras 1a. Atención/ Hogares Alternativa Familiar,Total país,Total general,58.0,cantidad
Cuadro 1,"Cuadro 1. Cantidad de niños, niñas y adolescentes en Acogimiento Familiar por etapa de desarrollo y sexo, según propuesta de atención",Familia Extensa,Total país,Primera Infancia|Mujeres,203.0,cantidad
Cuadro 1,"Cuadro 1. Cantidad de niños, niñas y adolescentes en Acogimiento Familiar por etapa de desarrollo y sexo, según propuesta de atención",Familia Extensa,Total país,Primera Infancia|Varones,184.0,cantidad
Cuadro 1,"Cuadro 1. Cantidad de niños, niñas y adolescentes en Acogimiento Familiar por etapa de desarrollo y sexo, según propuesta de atención",Familia Extensa,Total país,Infancia|Mujeres,681.0,cantidad
Cuadro 1,"Cuadro 1. Cantidad de niños, niñas y adolescentes en Acogimiento Familiar por etapa de desarrollo y sexo, según propuesta de atención",Familia Extensa,Total país,Infancia|Varones,644.0,cantidad
Cuadro 1,"Cuadro 1. Cantidad de niños, niñas y adolescentes en Acogimiento Familiar por etapa de desarrollo y sexo, según propuesta de atención",Familia Extensa,Total país,Adolescencia|Mujeres,400.0,cantidad
Cuadro 1,"Cuadro 1. Cantidad de niños, niñas y adolescentes en Acogimiento Familiar por etapa de desarrollo y sexo, según propuesta de atención",Familia Extensa,Total país,Adolescencia|Varones,388.0,cantidad
Cuadro 1,"Cuadro 1. Cantidad de niños, niñas y adolescentes en Acogimiento Familiar por etapa de desarrollo y sexo, según propuesta de atención",Familia Extensa,Total país,Juventud|Mujeres,51.0,cantidad
Cuadro 1,"Cuadro 1. Cantidad de niños, niñas y adolescentes en Acogimiento Familiar por etapa de desarrollo y sexo, según propuesta de atención",Familia Extensa,Total país,Juventud|Varones,37.0,cantidad
Cuadro 1,"Cuadro 1. Cantidad de niños, niñas y adolescentes en Acogimiento Familiar por etapa de desarrollo y sexo, según propuesta de atención",Familia Extensa,Total país,Juventud y Adultez|Mujeres,1.0,cantidad
Cuadro 1,"Cuadro 1. Cantidad de niños, niñas y adolescentes en Acogimiento Familiar por etapa de desarrollo y sexo, según propuesta de atención",Familia Extensa,Total país,Juventud y Adultez|Varones,4.0,cantidad
Cuadro 1,"Cuadro 1. Cantidad de niños, niñas y adolescentes en Acogimiento Familiar por etapa de desarrollo y sexo, según propuesta de atención",Familia Extensa,Total país,Total|Mujeres,1336.0,cantidad
Cuadro 1,"Cuadro 1. Cantidad de niños, niñas y adolescentes en Acogimiento Familiar por etapa de desarrollo y sexo, según propuesta de atención",Familia Extensa,Total país,Total|Varones,1257.0,cantidad
Cuadro 1,"Cuadro 1. Cantidad de niños, niñas y adolescentes en Acogimiento Familiar por etapa de desarrollo y sexo, según propuesta de atención",Familia Extensa,Total país,Total general,2593.0,cantidad
Cuadro 1,"Cuadro 1. Cantidad de niños, niñas y adolescentes en Acogimiento Familiar por etapa de desarrollo y sexo, según propuesta de atención",Extensa Parcial,Total país,Primera Infancia|Mujeres,0.0,cantidad
Cuadro 1,"Cuadro 1. Cantidad de niños, niñas y adolescentes en Acogimiento Familiar por etapa de desarrollo y sexo, según propuesta de atención",Extensa Parcial,Total país,Primera Infancia|Varones,1.0,cantidad
Cuadro 1,"Cuadro 1. Cantidad de niños, niñas y adolescentes en Acogimiento Familiar por etapa de desarrollo y sexo, según propuesta de atención",Extensa Parcial,Total país,Infancia|Mujeres,7.0,cantidad
Cuadro 1,"Cuadro 1. Cantidad de niños, niñas y adolescentes en Acogimiento Familiar por etapa de desarrollo y sexo, según propuesta de atención",Extensa Parcial,Total país,Infancia|Varones,5.0,cantidad
Cuadro 1,"Cuadro 1. Cantidad de niños, niñas y adolescentes en Acogimiento Familiar por etapa de desarrollo y sexo, según propuesta de atención",Extensa Parcial,Total país,Adolescencia|Mujeres,1.0,cantidad
Cuadro 1,"Cuadro 1. Cantidad de niños, niñas y adolescentes en Acogimiento Familiar por etapa de desarrollo y sexo, según propuesta de atención",Extensa Parcial,Total país,Adolescencia|Varones,1.0,cantidad
Cuadro 1,"Cuadro 1. Cantidad de niños, niñas y adolescentes en Acogimiento Familiar por etapa de desarrollo y sexo, según propuesta de atención",Extensa Parcial,Total país,Juventud|Mujeres,0.0,cantidad
Cuadro 1,"Cuadro 1. Cantidad de niños, niñas y adolescentes en Acogimiento Familiar por etapa de desarrollo y sexo, según propuesta de atención",Extensa Parcial,Total país,Juventud|Varones,0.0,cantidad
Cuadro 1,"Cuadro 1. Cantidad de niños, niñas y adolescentes en Acogimiento Familiar por etapa de desarrollo y sexo, según propuesta de atención",Extensa Parcial,Total país,Juventud y Adultez|Mujeres,0.0,cantidad
Cuadro 1,"Cuadro 1. Cantidad de niños, niñas y adolescentes en Acogimiento Familiar por etapa de desarrollo y sexo, según propuesta de atención",Extensa Parcial,Total país,Juventud y Adultez|Varones,0.0,cantidad
Cuadro 1,"Cuadro 1. Cantidad de niños, niñas y adolescentes en Acogimiento Familiar por etapa de desarrollo y sexo, según propuesta de atención",Extensa Parcial,Total país,Total|Mujeres,8.0,cantidad
Cuadro 1,"Cuadro 1. Cantidad de niños, niñas y adolescentes en Acogimiento Familiar por etapa de desarrollo y sexo, según propuesta de atención",Extensa Parcial,Total país,Total|Varones,7.0,cantidad
Cuadro 1,"Cuadro 1. Cantidad de niños, niñas y adolescentes en Acogimiento Familiar por etapa de desarrollo y sexo, según propuesta de atención",Extensa Parcial,Total país,Total general,15.0,cantidad
Cuadro 1,"Cuadro 1. Cantidad de niños, niñas y adolescentes en Acogimiento Familiar por etapa de desarrollo y sexo, según propuesta de atención",Extensa,Total país,Primera Infancia|Mujeres,203.0,cantidad
Cuadro 1,"Cuadro 1. Cantidad de niños, niñas y adolescentes en Acogimiento Familiar por etapa de desarrollo y sexo, según propuesta de atención",Extensa,Total país,Primera Infancia|Varones,183.0,cantidad
Cuadro 1,"Cuadro 1. Cantidad de niños, niñas y adolescentes en Acogimiento Familiar por etapa de desarrollo y sexo, según propuesta de atención",Extensa,Total país,Infancia|Mujeres,674.0,cantidad
Cuadro 1,"Cuadro 1. Cantidad de niños, niñas y adolescentes en Acogimiento Familiar por etapa de desarrollo y sexo, según propuesta de atención",Extensa,Total país,Infancia|Varones,639.0,cantidad
Cuadro 1,"Cuadro 1. Cantidad de niños, niñas y adolescentes en Acogimiento Familiar por etapa de desarrollo y sexo, según propuesta de atención",Extensa,Total país,Adolescencia|Mujeres,399.0,cantidad
Cuadro 1,"Cuadro 1. Cantidad de niños, niñas y adolescentes en Acogimiento Familiar por etapa de desarrollo y sexo, según propuesta de atención",Extensa,Total país,Adolescencia|Varones,387.0,cantidad
Cuadro 1,"Cuadro 1. Cantidad de niños, niñas y adolescentes en Acogimiento Familiar por etapa de desarrollo y sexo, según propuesta de atención",Extensa,Total país,Juventud|Mujeres,51.0,cantidad
Cuadro 1,"Cuadro 1. Cantidad de niños, niñas y adolescentes en Acogimiento Familiar por etapa de desarrollo y sexo, según propuesta de atención",Extensa,Total país,Juventud|Varones,37.0,cantidad
Cuadro 1,"Cuadro 1. Cantidad de niños, niñas y adolescentes en Acogimiento Familiar por etapa de desarrollo y sexo, según propuesta de atención",Extensa,Total país,Juventud y Adultez|Mujeres,1.0,cantidad
Cuadro 1,"Cuadro 1. Cantidad de niños, niñas y adolescentes en Acogimiento Familiar por etapa de desarrollo y sexo, según propuesta de atención",Extensa,Total país,Juventud y Adultez|Varones,4.0,cantidad
Cuadro 1,"Cuadro 1. Cantidad de niños, niñas y adolescentes en Acogimiento Familiar por etapa de desarrollo y sexo, según propuesta de atención",Extensa,Total país,Total|Mujeres,1328.0,cantidad
Cuadro 1,"Cuadro 1. Cantidad de niños, niñas y adolescentes en Acogimiento Familiar por etapa de desarrollo y sexo, según propuesta de atención",Extensa,Total país,Total|Varones,1250.0,cantidad
Cuadro 1,"Cuadro 1. Cantidad de niños, niñas y adolescentes en Acogimiento Familiar por etapa de desarrollo y sexo, según propuesta de atención",Extensa,Total país,Total general,2578.0,cantidad
Cuadro 1,"Cuadro 1. Cantidad de niños, niñas y adolescentes en Acogimiento Familiar por etapa de desarrollo y sexo, según propuesta de atención",Familia Afinidad,Total país,Primera Infancia|Mujeres,8.0,cantidad
Cuadro 1,"Cuadro 1. Cantidad de niños, niñas y adolescentes en Acogimiento Familiar por etapa de desarrollo y sexo, según propuesta de atención",Familia Afinidad,Total país,Primera Infancia|Varones,16.0,cantidad
Cuadro 1,"Cuadro 1. Cantidad de niños, niñas y adolescentes en Acogimiento Familiar por etapa de desarrollo y sexo, según propuesta de atención",Familia Afinidad,Total país,Infancia|Mujeres,81.0,cantidad
Cuadro 1,"Cuadro 1. Cantidad de niños, niñas y adolescentes en Acogimiento Familiar por etapa de desarrollo y sexo, según propuesta de atención",Familia Afinidad,Total país,Infancia|Varones,66.0,cantidad
Cuadro 1,"Cuadro 1. Cantidad de niños, niñas y adolescentes en Acogimiento Familiar por etapa de desarrollo y sexo, según propuesta de atención",Familia Afinidad,Total país,Adolescencia|Mujeres,57.0,cantidad
Cuadro 1,"Cuadro 1. Cantidad de niños, niñas y adolescentes en Acogimiento Familiar por etapa de desarrollo y sexo, según propuesta de atención",Familia Afinidad,Total país,Adolescencia|Varones,69.0,cantidad
Cuadro 1,"Cuadro 1. Cantidad de niños, niñas y adolescentes en Acogimiento Familiar por etapa de desarrollo y sexo, según propuesta de atención",Familia Afinidad,Total país,Juventud|Mujeres,6.0,cantidad
Cuadro 1,"Cuadro 1. Cantidad de niños, niñas y adolescentes en Acogimiento Familiar por etapa de desarrollo y sexo, según propuesta de atención",Familia Afinidad,Total país,Juventud|Varones,4.0,cantidad
Cuadro 1,"Cuadro 1. Cantidad de niños, niñas y adolescentes en Acogimiento Familiar por etapa de desarrollo y sexo, según propuesta de atención",Familia Afinidad,Total país,Juventud y Adultez|Mujeres,0.0,cantidad
Cuadro 1,"Cuadro 1. Cantidad de niños, niñas y adolescentes en Acogimiento Familiar por etapa de desarrollo y sexo, según propuesta de atención",Familia Afinidad,Total país,Juventud y Adultez|Varones,1.0,cantidad
Cuadro 1,"Cuadro 1. Cantidad de niños, niñas y adolescentes en Acogimiento Familiar por etapa de desarrollo y sexo, según propuesta de atención",Familia Afinidad,Total país,Total|Mujeres,152.0,cantidad
Cuadro 1,"Cuadro 1. Cantidad de niños, niñas y adolescentes en Acogimiento Familiar por etapa de desarrollo y sexo, según propuesta de atención",Familia Afinidad,Total país,Total|Varones,156.0,cantidad
Cuadro 1,"Cuadro 1. Cantidad de niños, niñas y adolescentes en Acogimiento Familiar por etapa de desarrollo y sexo, según propuesta de atención",Familia Afinidad,Total país,Total general,308.0,cantidad
Cuadro 1,"Cuadro 1. Cantidad de niños, niñas y adolescentes en Acogimiento Familiar por etapa de desarrollo y sexo, según propuesta de atención",Afinidad Parcial,Total país,Primera Infancia|Mujeres,2.0,cantidad
Cuadro 1,"Cuadro 1. Cantidad de niños, niñas y adolescentes en Acogimiento Familiar por etapa de desarrollo y sexo, según propuesta de atención",Afinidad Parcial,Total país,Primera Infancia|Varones,2.0,cantidad
Cuadro 1,"Cuadro 1. Cantidad de niños, niñas y adolescentes en Acogimiento Familiar por etapa de desarrollo y sexo, según propuesta de atención",Afinidad Parcial,Total país,Infancia|Mujeres,3.0,cantidad
Cuadro 1,"Cuadro 1. Cantidad de niños, niñas y adolescentes en Acogimiento Familiar por etapa de desarrollo y sexo, según propuesta de atención",Afinidad Parcial,Total país,Infancia|Varones,4.0,cantidad
Cuadro 1,"Cuadro 1. Cantidad de niños, niñas y adolescentes en Acogimiento Familiar por etapa de desarrollo y sexo, según propuesta de atención",Afinidad Parcial,Total país,Adolescencia|Mujeres,2.0,cantidad
Cuadro 1,"Cuadro 1. Cantidad de niños, niñas y adolescentes en Acogimiento Familiar por etapa de desarrollo y sexo, según propuesta de atención",Afinidad Parcial,Total país,Adolescencia|Varones,2.0,cantidad
Cuadro 1,"Cuadro 1. Cantidad de niños, niñas y adolescentes en Acogimiento Familiar por etapa de desarrollo y sexo, según propuesta de atención",Afinidad Parcial,Total país,Juventud|Mujeres,0.0,cantidad
Cuadro 1,"Cuadro 1. Cantidad de niños, niñas y adolescentes en Acogimiento Familiar por etapa de desarrollo y sexo, según propuesta de atención",Afinidad Parcial,Total país,Juventud|Varones,0.0,cantidad
Cuadro 1,"Cuadro 1. Cantidad de niños, niñas y adolescentes en Acogimiento Familiar por etapa de desarrollo y sexo, según propuesta de atención",Afinidad Parcial,Total país,Juventud y Adultez|Mujeres,0.0,cantidad
Cuadro 1,"Cuadro 1. Cantidad de niños, niñas y adolescentes en Acogimiento Familiar por etapa de desarrollo y sexo, según propuesta de atención",Afinidad Parcial,Total país,Juventud y Adultez|Varones,0.0,cantidad
Cuadro 1,"Cuadro 1. Cantidad de niños, niñas y adolescentes en Acogimiento Familiar por etapa de desarrollo y sexo, según propuesta de atención",Afinidad Parcial,Total país,Total|Mujeres,7.0,cantidad
Cuadro 1,"Cuadro 1. Cantidad de niños, niñas y adolescentes en Acogimiento Familiar por etapa de desarrollo y sexo, según propuesta de atención",Afinidad Parcial,Total país,Total|Varones,8.0,cantidad
Cuadro 1,"Cuadro 1. Cantidad de niños, niñas y adolescentes en Acogimiento Familiar por etapa de desarrollo y sexo, según propuesta de atención",Afinidad Parcial,Total país,Total general,15.0,cantidad
Cuadro 1,"Cuadro 1. Cantidad de niños, niñas y adolescentes en Acogimiento Familiar por etapa de desarrollo y sexo, según propuesta de atención",Afinidad,Total país,Primera Infancia|Mujeres,6.0,cantidad
Cuadro 1,"Cuadro 1. Cantidad de niños, niñas y adolescentes en Acogimiento Familiar por etapa de desarrollo y sexo, según propuesta de atención",Afinidad,Total país,Primera Infancia|Varones,14.0,cantidad
Cuadro 1,"Cuadro 1. Cantidad de niños, niñas y adolescentes en Acogimiento Familiar por etapa de desarrollo y sexo, según propuesta de atención",Afinidad,Total país,Infancia|Mujeres,78.0,cantidad
Cuadro 1,"Cuadro 1. Cantidad de niños, niñas y adolescentes en Acogimiento Familiar por etapa de desarrollo y sexo, según propuesta de atención",Afinidad,Total país,Infancia|Varones,62.0,cantidad
Cuadro 1,"Cuadro 1. Cantidad de niños, niñas y adolescentes en Acogimiento Familiar por etapa de desarrollo y sexo, según propuesta de atención",Afinidad,Total país,Adolescencia|Mujeres,55.0,cantidad
Cuadro 1,"Cuadro 1. Cantidad de niños, niñas y adolescentes en Acogimiento Familiar por etapa de desarrollo y sexo, según propuesta de atención",Afinidad,Total país,Adolescencia|Varones,67.0,cantidad
Cuadro 1,"Cuadro 1. Cantidad de niños, niñas y adolescentes en Acogimiento Familiar por etapa de desarrollo y sexo, según propuesta de atención",Afinidad,Total país,Juventud|Mujeres,6.0,cantidad
Cuadro 1,"Cuadro 1. Cantidad de niños, niñas y adolescentes en Acogimiento Familiar por etapa de desarrollo y sexo, según propuesta de atención",Afinidad,Total país,Juventud|Varones,4.0,cantidad
Cuadro 1,"Cuadro 1. Cantidad de niños, niñas y adolescentes en Acogimiento Familiar por etapa de desarrollo y sexo, según propuesta de atención",Afinidad,Total país,Juventud y Adultez|Mujeres,0.0,cantidad
Cuadro 1,"Cuadro 1. Cantidad de niños, niñas y adolescentes en Acogimiento Familiar por etapa de desarrollo y sexo, según propuesta de atención",Afinidad,Total país,Juventud y Adultez|Varones,1.0,cantidad
Cuadro 1,"Cuadro 1. Cantidad de niños, niñas y adolescentes en Acogimiento Familiar por etapa de desarrollo y sexo, según propuesta de atención",Afinidad,Total país,Total|Mujeres,145.0,cantidad
Cuadro 1,"Cuadro 1. Cantidad de niños, niñas y adolescentes en Acogimiento Familiar por etapa de desarrollo y sexo, según propuesta de atención",Afinidad,Total país,Total|Varones,148.0,cantidad
Cuadro 1,"Cuadro 1. Cantidad de niños, niñas y adolescentes en Acogimiento Familiar por etapa de desarrollo y sexo, según propuesta de atención",Afinidad,Total país,Total general,293.0,cantidad
Cuadro 1,"Cuadro 1. Cantidad de niños, niñas y adolescentes en Acogimiento Familiar por etapa de desarrollo y sexo, según propuesta de atención",Total general,Total país,Primera Infancia|Mujeres,242.0,cantidad
Cuadro 1,"Cuadro 1. Cantidad de niños, niñas y adolescentes en Acogimiento Familiar por etapa de desarrollo y sexo, según propuesta de atención",Total general,Total país,Primera Infancia|Varones,243.0,cantidad
Cuadro 1,"Cuadro 1. Cantidad de niños, niñas y adolescentes en Acogimiento Familiar por etapa de desarrollo y sexo, según propuesta de atención",Total general,Total país,Infancia|Mujeres,839.0,cantidad
Cuadro 1,"Cuadro 1. Cantidad de niños, niñas y adolescentes en Acogimiento Familiar por etapa de desarrollo y sexo, según propuesta de atención",Total general,Total país,Infancia|Varones,786.0,cantidad
Cuadro 1,"Cuadro 1. Cantidad de niños, niñas y adolescentes en Acogimiento Familiar por etapa de desarrollo y sexo, según propuesta de atención",Total general,Total país,Adolescencia|Mujeres,520.0,cantidad
Cuadro 1,"Cuadro 1. Cantidad de niños, niñas y adolescentes en Acogimiento Familiar por etapa de desarrollo y sexo, según propuesta de atención",Total general,Total país,Adolescencia|Varones,501.0,cantidad
Cuadro 1,"Cuadro 1. Cantidad de niños, niñas y adolescentes en Acogimiento Familiar por etapa de desarrollo y sexo, según propuesta de atención",Total general,Total país,Juventud|Mujeres,68.0,cantidad
Cuadro 1,"Cuadro 1. Cantidad de niños, niñas y adolescentes en Acogimiento Familiar por etapa de desarrollo y sexo, según propuesta de atención",Total general,Total país,Juventud|Varones,42.0,cantidad
Cuadro 1,"Cuadro 1. Cantidad de niños, niñas y adolescentes en Acogimiento Familiar por etapa de desarrollo y sexo, según propuesta de atención",Total general,Total país,Juventud y Adultez|Mujeres,2.0,cantidad
Cuadro 1,"Cuadro 1. Cantidad de niños, niñas y adolescentes en Acogimiento Familiar por etapa de desarrollo y sexo, según propuesta de atención",Total general,Total país,Juventud y Adultez|Varones,7.0,cantidad
Cuadro 1,"Cuadro 1. Cantidad de niños, niñas y adolescentes en Acogimiento Familiar por etapa de desarrollo y sexo, según propuesta de atención",Total general,Total país,Total|Mujeres,1671.0,cantidad
Cuadro 1,"Cuadro 1. Cantidad de niños, niñas y adolescentes en Acogimiento Familiar por etapa de desarrollo y sexo, según propuesta de atención",Total general,Total país,Total|Varones,1579.0,cantidad
Cuadro 1,"Cuadro 1. Cantidad de niños, niñas y adolescentes en Acogimiento Familiar por etapa de desarrollo y sexo, según propuesta de atención",Total general,Total país,Total general,3250.0,cantidad
Cuadro 2,"Cuadro 2. Cantidad de niños, niñas y adolescentes en Acogimiento Familiar por tipo de centro, etapa de desarrollo y sexo, según propuesta de atención",Familia Amiga y Alternativa Familiar,Total país,Centros SPE 24 horas|Primera Infancia|Niñas,31.0,cantidad
Cuadro 2,"Cuadro 2. Cantidad de niños, niñas y adolescentes en Acogimiento Familiar por tipo de centro, etapa de desarrollo y sexo, según propuesta de atención",Familia Amiga y Alternativa Familiar,Total país,Centros SPE 24 horas|Primera Infancia|Varones,43.0,cantidad
Cuadro 2,"Cuadro 2. Cantidad de niños, niñas y adolescentes en Acogimiento Familiar por tipo de centro, etapa de desarrollo y sexo, según propuesta de atención",Familia Amiga y Alternativa Familiar,Total país,Centros SPE 24 horas|Infancia|Niñas,77.0,cantidad
Cuadro 2,"Cuadro 2. Cantidad de niños, niñas y adolescentes en Acogimiento Familiar por tipo de centro, etapa de desarrollo y sexo, según propuesta de atención",Familia Amiga y Alternativa Familiar,Total país,Centros SPE 24 horas|Infancia|Varones,76.0,cantidad
Cuadro 2,"Cuadro 2. Cantidad de niños, niñas y adolescentes en Acogimiento Familiar por tipo de centro, etapa de desarrollo y sexo, según propuesta de atención",Familia Amiga y Alternativa Familiar,Total país,Centros SPE 24 horas|Adolescencia|Niñas,63.0,cantidad
Cuadro 2,"Cuadro 2. Cantidad de niños, niñas y adolescentes en Acogimiento Familiar por tipo de centro, etapa de desarrollo y sexo, según propuesta de atención",Familia Amiga y Alternativa Familiar,Total país,Centros SPE 24 horas|Adolescencia|Varones,44.0,cantidad
Cuadro 2,"Cuadro 2. Cantidad de niños, niñas y adolescentes en Acogimiento Familiar por tipo de centro, etapa de desarrollo y sexo, según propuesta de atención",Familia Amiga y Alternativa Familiar,Total país,Centros SPE 24 horas|Juventud|Niñas,11.0,cantidad
Cuadro 2,"Cuadro 2. Cantidad de niños, niñas y adolescentes en Acogimiento Familiar por tipo de centro, etapa de desarrollo y sexo, según propuesta de atención",Familia Amiga y Alternativa Familiar,Total país,Centros SPE 24 horas|Juventud|Varones,1.0,cantidad
Cuadro 2,"Cuadro 2. Cantidad de niños, niñas y adolescentes en Acogimiento Familiar por tipo de centro, etapa de desarrollo y sexo, según propuesta de atención",Familia Amiga y Alternativa Familiar,Total país,Centros SPE 24 horas|Juventud y Adultez|Niñas,1.0,cantidad
Cuadro 2,"Cuadro 2. Cantidad de niños, niñas y adolescentes en Acogimiento Familiar por tipo de centro, etapa de desarrollo y sexo, según propuesta de atención",Familia Amiga y Alternativa Familiar,Total país,Centros SPE 24 horas|Juventud y Adultez|Varones,2.0,cantidad
Cuadro 2,"Cuadro 2. Cantidad de niños, niñas y adolescentes en Acogimiento Familiar por tipo de centro, etapa de desarrollo y sexo, según propuesta de atención",Familia Amiga y Alternativa Familiar,Total país,Centros SPE 24 horas|Total,349.0,cantidad
Cuadro 2,"Cuadro 2. Cantidad de niños, niñas y adolescentes en Acogimiento Familiar por tipo de centro, etapa de desarrollo y sexo, según propuesta de atención",Familia Amiga y Alternativa Familiar,Total país,Centros Atención Tiempo Parcial y Atención en la Comunidad|Primera Infancia|Mujeres,0.0,cantidad
Cuadro 2,"Cuadro 2. Cantidad de niños, niñas y adolescentes en Acogimiento Familiar por tipo de centro, etapa de desarrollo y sexo, según propuesta de atención",Familia Amiga y Alternativa Familiar,Total país,Centros Atención Tiempo Parcial y Atención en la Comunidad|Primera Infancia|Varones,0.0,cantidad
Cuadro 2,"Cuadro 2. Cantidad de niños, niñas y adolescentes en Acogimiento Familiar por tipo de centro, etapa de desarrollo y sexo, según propuesta de atención",Familia Amiga y Alternativa Familiar,Total país,Centros Atención Tiempo Parcial y Atención en la Comunidad|Infancia|Mujeres,0.0,cantidad
Cuadro 2,"Cuadro 2. Cantidad de niños, niñas y adolescentes en Acogimiento Familiar por tipo de centro, etapa de desarrollo y sexo, según propuesta de atención",Familia Amiga y Alternativa Familiar,Total país,Centros Atención Tiempo Parcial y Atención en la Comunidad|Infancia|Varones,0.0,cantidad
Cuadro 2,"Cuadro 2. Cantidad de niños, niñas y adolescentes en Acogimiento Familiar por tipo de centro, etapa de desarrollo y sexo, según propuesta de atención",Familia Amiga y Alternativa Familiar,Total país,Centros Atención Tiempo Parcial y Atención en la Comunidad|Adolescencia|Mujeres,0.0,cantidad
Cuadro 2,"Cuadro 2. Cantidad de niños, niñas y adolescentes en Acogimiento Familiar por tipo de centro, etapa de desarrollo y sexo, según propuesta de atención",Familia Amiga y Alternativa Familiar,Total país,Centros Atención Tiempo Parcial y Atención en la Comunidad|Adolescencia|Varones,0.0,cantidad
Cuadro 2,"Cuadro 2. Cantidad de niños, niñas y adolescentes en Acogimiento Familiar por tipo de centro, etapa de desarrollo y sexo, según propuesta de atención",Familia Amiga y Alternativa Familiar,Total país,Centros Atención Tiempo Parcial y Atención en la Comunidad|Juventud|Mujeres,0.0,cantidad
Cuadro 2,"Cuadro 2. Cantidad de niños, niñas y adolescentes en Acogimiento Familiar por tipo de centro, etapa de desarrollo y sexo, según propuesta de atención",Familia Amiga y Alternativa Familiar,Total país,Centros Atención Tiempo Parcial y Atención en la Comunidad|Juventud|Varones,0.0,cantidad
Cuadro 2,"Cuadro 2. Cantidad de niños, niñas y adolescentes en Acogimiento Familiar por tipo de centro, etapa de desarrollo y sexo, según propuesta de atención",Familia Amiga y Alternativa Familiar,Total país,Centros Atención Tiempo Parcial y Atención en la Comunidad|Juventud y Adultez|Mujeres,0.0,cantidad
Cuadro 2,"Cuadro 2. Cantidad de niños, niñas y adolescentes en Acogimiento Familiar por tipo de centro, etapa de desarrollo y sexo, según propuesta de atención",Familia Amiga y Alternativa Familiar,Total país,Centros Atención Tiempo Parcial y Atención en la Comunidad|Juventud y Adultez|Varones,0.0,cantidad
Cuadro 2,"Cuadro 2. Cantidad de niños, niñas y adolescentes en Acogimiento Familiar por tipo de centro, etapa de desarrollo y sexo, según propuesta de atención",Familia Amiga y Alternativa Familiar,Total país,Centros Atención Tiempo Parcial y Atención en la Comunidad|Total,0.0,cantidad
Cuadro 2,"Cuadro 2. Cantidad de niños, niñas y adolescentes en Acogimiento Familiar por tipo de centro, etapa de desarrollo y sexo, según propuesta de atención",Familia Amiga y Alternativa Familiar,Total país,Total general,349.0,cantidad
Cuadro 2,"Cuadro 2. Cantidad de niños, niñas y adolescentes en Acogimiento Familiar por tipo de centro, etapa de desarrollo y sexo, según propuesta de atención",Amiga Parcial,Total país,Centros SPE 24 horas|Primera Infancia|Niñas,0.0,cantidad
Cuadro 2,"Cuadro 2. Cantidad de niños, niñas y adolescentes en Acogimiento Familiar por tipo de centro, etapa de desarrollo y sexo, según propuesta de atención",Amiga Parcial,Total país,Centros SPE 24 horas|Primera Infancia|Varones,0.0,cantidad
Cuadro 2,"Cuadro 2. Cantidad de niños, niñas y adolescentes en Acogimiento Familiar por tipo de centro, etapa de desarrollo y sexo, según propuesta de atención",Amiga Parcial,Total país,Centros SPE 24 horas|Infancia|Niñas,0.0,cantidad
Cuadro 2,"Cuadro 2. Cantidad de niños, niñas y adolescentes en Acogimiento Familiar por tipo de centro, etapa de desarrollo y sexo, según propuesta de atención",Amiga Parcial,Total país,Centros SPE 24 horas|Infancia|Varones,1.0,cantidad
Cuadro 2,"Cuadro 2. Cantidad de niños, niñas y adolescentes en Acogimiento Familiar por tipo de centro, etapa de desarrollo y sexo, según propuesta de atención",Amiga Parcial,Total país,Centros SPE 24 horas|Adolescencia|Niñas,0.0,cantidad
Cuadro 2,"Cuadro 2. Cantidad de niños, niñas y adolescentes en Acogimiento Familiar por tipo de centro, etapa de desarrollo y sexo, según propuesta de atención",Amiga Parcial,Total país,Centros SPE 24 horas|Adolescencia|Varones,0.0,cantidad
Cuadro 2,"Cuadro 2. Cantidad de niños, niñas y adolescentes en Acogimiento Familiar por tipo de centro, etapa de desarrollo y sexo, según propuesta de atención",Amiga Parcial,Total país,Centros SPE 24 horas|Juventud|Niñas,0.0,cantidad
Cuadro 2,"Cuadro 2. Cantidad de niños, niñas y adolescentes en Acogimiento Familiar por tipo de centro, etapa de desarrollo y sexo, según propuesta de atención",Amiga Parcial,Total país,Centros SPE 24 horas|Juventud|Varones,0.0,cantidad
Cuadro 2,"Cuadro 2. Cantidad de niños, niñas y adolescentes en Acogimiento Familiar por tipo de centro, etapa de desarrollo y sexo, según propuesta de atención",Amiga Parcial,Total país,Centros SPE 24 horas|Juventud y Adultez|Niñas,0.0,cantidad
Cuadro 2,"Cuadro 2. Cantidad de niños, niñas y adolescentes en Acogimiento Familiar por tipo de centro, etapa de desarrollo y sexo, según propuesta de atención",Amiga Parcial,Total país,Centros SPE 24 horas|Juventud y Adultez|Varones,0.0,cantidad
Cuadro 2,"Cuadro 2. Cantidad de niños, niñas y adolescentes en Acogimiento Familiar por tipo de centro, etapa de desarrollo y sexo, según propuesta de atención",Amiga Parcial,Total país,Centros SPE 24 horas|Total,1.0,cantidad
Cuadro 2,"Cuadro 2. Cantidad de niños, niñas y adolescentes en Acogimiento Familiar por tipo de centro, etapa de desarrollo y sexo, según propuesta de atención",Amiga Parcial,Total país,Centros Atención Tiempo Parcial y Atención en la Comunidad|Primera Infancia|Mujeres,0.0,cantidad
Cuadro 2,"Cuadro 2. Cantidad de niños, niñas y adolescentes en Acogimiento Familiar por tipo de centro, etapa de desarrollo y sexo, según propuesta de atención",Amiga Parcial,Total país,Centros Atención Tiempo Parcial y Atención en la Comunidad|Primera Infancia|Varones,0.0,cantidad
Cuadro 2,"Cuadro 2. Cantidad de niños, niñas y adolescentes en Acogimiento Familiar por tipo de centro, etapa de desarrollo y sexo, según propuesta de atención",Amiga Parcial,Total país,Centros Atención Tiempo Parcial y Atención en la Comunidad|Infancia|Mujeres,0.0,cantidad
Cuadro 2,"Cuadro 2. Cantidad de niños, niñas y adolescentes en Acogimiento Familiar por tipo de centro, etapa de desarrollo y sexo, según propuesta de atención",Amiga Parcial,Total país,Centros Atención Tiempo Parcial y Atención en la Comunidad|Infancia|Varones,0.0,cantidad
Cuadro 2,"Cuadro 2. Cantidad de niños, niñas y adolescentes en Acogimiento Familiar por tipo de centro, etapa de desarrollo y sexo, según propuesta de atención",Amiga Parcial,Total país,Centros Atención Tiempo Parcial y Atención en la Comunidad|Adolescencia|Mujeres,0.0,cantidad
Cuadro 2,"Cuadro 2. Cantidad de niños, niñas y adolescentes en Acogimiento Familiar por tipo de centro, etapa de desarrollo y sexo, según propuesta de atención",Amiga Parcial,Total país,Centros Atención Tiempo Parcial y Atención en la Comunidad|Adolescencia|Varones,0.0,cantidad
Cuadro 2,"Cuadro 2. Cantidad de niños, niñas y adolescentes en Acogimiento Familiar por tipo de centro, etapa de desarrollo y sexo, según propuesta de atención",Amiga Parcial,Total país,Centros Atención Tiempo Parcial y Atención en la Comunidad|Juventud|Mujeres,0.0,cantidad
Cuadro 2,"Cuadro 2. Cantidad de niños, niñas y adolescentes en Acogimiento Familiar por tipo de centro, etapa de desarrollo y sexo, según propuesta de atención",Amiga Parcial,Total país,Centros Atención Tiempo Parcial y Atención en la Comunidad|Juventud|Varones,0.0,cantidad
Cuadro 2,"Cuadro 2. Cantidad de niños, niñas y adolescentes en Acogimiento Familiar por tipo de centro, etapa de desarrollo y sexo, según propuesta de atención",Amiga Parcial,Total país,Centros Atención Tiempo Parcial y Atención en la Comunidad|Juventud y Adultez|Mujeres,0.0,cantidad
Cuadro 2,"Cuadro 2. Cantidad de niños, niñas y adolescentes en Acogimiento Familiar por tipo de centro, etapa de desarrollo y sexo, según propuesta de atención",Amiga Parcial,Total país,Centros Atención Tiempo Parcial y Atención en la Comunidad|Juventud y Adultez|Varones,0.0,cantidad
Cuadro 2,"Cuadro 2. Cantidad de niños, niñas y adolescentes en Acogimiento Familiar por tipo de centro, etapa de desarrollo y sexo, según propuesta de atención",Amiga Parcial,Total país,Centros Atención Tiempo Parcial y Atención en la Comunidad|Total,0.0,cantidad
Cuadro 2,"Cuadro 2. Cantidad de niños, niñas y adolescentes en Acogimiento Familiar por tipo de centro, etapa de desarrollo y sexo, según propuesta de atención",Amiga Parcial,Total país,Total general,1.0,cantidad
Cuadro 2,"Cuadro 2. Cantidad de niños, niñas y adolescentes en Acogimiento Familiar por tipo de centro, etapa de desarrollo y sexo, según propuesta de atención",Amiga,Total país,Centros SPE 24 horas|Primera Infancia|Niñas,25.0,cantidad
Cuadro 2,"Cuadro 2. Cantidad de niños, niñas y adolescentes en Acogimiento Familiar por tipo de centro, etapa de desarrollo y sexo, según propuesta de atención",Amiga,Total país,Centros SPE 24 horas|Primera Infancia|Varones,35.0,cantidad
Cuadro 2,"Cuadro 2. Cantidad de niños, niñas y adolescentes en Acogimiento Familiar por tipo de centro, etapa de desarrollo y sexo, según propuesta de atención",Amiga,Total país,Centros SPE 24 horas|Infancia|Niñas,72.0,cantidad
Cuadro 2,"Cuadro 2. Cantidad de niños, niñas y adolescentes en Acogimiento Familiar por tipo de centro, etapa de desarrollo y sexo, según propuesta de atención",Amiga,Total país,Centros SPE 24 horas|Infancia|Varones,64.0,cantidad
Cuadro 2,"Cuadro 2. Cantidad de niños, niñas y adolescentes en Acogimiento Familiar por tipo de centro, etapa de desarrollo y sexo, según propuesta de atención",Amiga,Total país,Centros SPE 24 horas|Adolescencia|Niñas,50.0,cantidad
Cuadro 2,"Cuadro 2. Cantidad de niños, niñas y adolescentes en Acogimiento Familiar por tipo de centro, etapa de desarrollo y sexo, según propuesta de atención",Amiga,Total país,Centros SPE 24 horas|Adolescencia|Varones,25.0,cantidad
Cuadro 2,"Cuadro 2. Cantidad de niños, niñas y adolescentes en Acogimiento Familiar por tipo de centro, etapa de desarrollo y sexo, según propuesta de atención",Amiga,Total país,Centros SPE 24 horas|Juventud|Niñas,6.0,cantidad
Cuadro 2,"Cuadro 2. Cantidad de niños, niñas y adolescentes en Acogimiento Familiar por tipo de centro, etapa de desarrollo y sexo, según propuesta de atención",Amiga,Total país,Centros SPE 24 horas|Juventud|Varones,0.0,cantidad
Cuadro 2,"Cuadro 2. Cantidad de niños, niñas y adolescentes en Acogimiento Familiar por tipo de centro, etapa de desarrollo y sexo, según propuesta de atención",Amiga,Total país,Centros SPE 24 horas|Juventud y Adultez|Niñas,0.0,cantidad
Cuadro 2,"Cuadro 2. Cantidad de niños, niñas y adolescentes en Acogimiento Familiar por tipo de centro, etapa de desarrollo y sexo, según propuesta de atención",Amiga,Total país,Centros SPE 24 horas|Juventud y Adultez|Varones,1.0,cantidad
Cuadro 2,"Cuadro 2. Cantidad de niños, niñas y adolescentes en Acogimiento Familiar por tipo de centro, etapa de desarrollo y sexo, según propuesta de atención",Amiga,Total país,Centros SPE 24 horas|Total,278.0,cantidad
Cuadro 2,"Cuadro 2. Cantidad de niños, niñas y adolescentes en Acogimiento Familiar por tipo de centro, etapa de desarrollo y sexo, según propuesta de atención",Amiga,Total país,Centros Atención Tiempo Parcial y Atención en la Comunidad|Primera Infancia|Mujeres,0.0,cantidad
Cuadro 2,"Cuadro 2. Cantidad de niños, niñas y adolescentes en Acogimiento Familiar por tipo de centro, etapa de desarrollo y sexo, según propuesta de atención",Amiga,Total país,Centros Atención Tiempo Parcial y Atención en la Comunidad|Primera Infancia|Varones,0.0,cantidad
Cuadro 2,"Cuadro 2. Cantidad de niños, niñas y adolescentes en Acogimiento Familiar por tipo de centro, etapa de desarrollo y sexo, según propuesta de atención",Amiga,Total país,Centros Atención Tiempo Parcial y Atención en la Comunidad|Infancia|Mujeres,0.0,cantidad
Cuadro 2,"Cuadro 2. Cantidad de niños, niñas y adolescentes en Acogimiento Familiar por tipo de centro, etapa de desarrollo y sexo, según propuesta de atención",Amiga,Total país,Centros Atención Tiempo Parcial y Atención en la Comunidad|Infancia|Varones,0.0,cantidad
Cuadro 2,"Cuadro 2. Cantidad de niños, niñas y adolescentes en Acogimiento Familiar por tipo de centro, etapa de desarrollo y sexo, según propuesta de atención",Amiga,Total país,Centros Atención Tiempo Parcial y Atención en la Comunidad|Adolescencia|Mujeres,0.0,cantidad
Cuadro 2,"Cuadro 2. Cantidad de niños, niñas y adolescentes en Acogimiento Familiar por tipo de centro, etapa de desarrollo y sexo, según propuesta de atención",Amiga,Total país,Centros Atención Tiempo Parcial y Atención en la Comunidad|Adolescencia|Varones,0.0,cantidad
Cuadro 2,"Cuadro 2. Cantidad de niños, niñas y adolescentes en Acogimiento Familiar por tipo de centro, etapa de desarrollo y sexo, según propuesta de atención",Amiga,Total país,Centros Atención Tiempo Parcial y Atención en la Comunidad|Juventud|Mujeres,0.0,cantidad
Cuadro 2,"Cuadro 2. Cantidad de niños, niñas y adolescentes en Acogimiento Familiar por tipo de centro, etapa de desarrollo y sexo, según propuesta de atención",Amiga,Total país,Centros Atención Tiempo Parcial y Atención en la Comunidad|Juventud|Varones,0.0,cantidad
Cuadro 2,"Cuadro 2. Cantidad de niños, niñas y adolescentes en Acogimiento Familiar por tipo de centro, etapa de desarrollo y sexo, según propuesta de atención",Amiga,Total país,Centros Atención Tiempo Parcial y Atención en la Comunidad|Juventud y Adultez|Mujeres,0.0,cantidad
Cuadro 2,"Cuadro 2. Cantidad de niños, niñas y adolescentes en Acogimiento Familiar por tipo de centro, etapa de desarrollo y sexo, según propuesta de atención",Amiga,Total país,Centros Atención Tiempo Parcial y Atención en la Comunidad|Juventud y Adultez|Varones,0.0,cantidad
Cuadro 2,"Cuadro 2. Cantidad de niños, niñas y adolescentes en Acogimiento Familiar por tipo de centro, etapa de desarrollo y sexo, según propuesta de atención",Amiga,Total país,Centros Atención Tiempo Parcial y Atención en la Comunidad|Total,0.0,cantidad
Cuadro 2,"Cuadro 2. Cantidad de niños, niñas y adolescentes en Acogimiento Familiar por tipo de centro, etapa de desarrollo y sexo, según propuesta de atención",Amiga,Total país,Total general,278.0,cantidad
Cuadro 2,"Cuadro 2. Cantidad de niños, niñas y adolescentes en Acogimiento Familiar por tipo de centro, etapa de desarrollo y sexo, según propuesta de atención",Amiga Urgencia,Total país,Centros SPE 24 horas|Primera Infancia|Niñas,4.0,cantidad
Cuadro 2,"Cuadro 2. Cantidad de niños, niñas y adolescentes en Acogimiento Familiar por tipo de centro, etapa de desarrollo y sexo, según propuesta de atención",Amiga Urgencia,Total país,Centros SPE 24 horas|Primera Infancia|Varones,4.0,cantidad
Cuadro 2,"Cuadro 2. Cantidad de niños, niñas y adolescentes en Acogimiento Familiar por tipo de centro, etapa de desarrollo y sexo, según propuesta de atención",Amiga Urgencia,Total país,Centros SPE 24 horas|Infancia|Niñas,2.0,cantidad
Cuadro 2,"Cuadro 2. Cantidad de niños, niñas y adolescentes en Acogimiento Familiar por tipo de centro, etapa de desarrollo y sexo, según propuesta de atención",Amiga Urgencia,Total país,Centros SPE 24 horas|Infancia|Varones,2.0,cantidad
Cuadro 2,"Cuadro 2. Cantidad de niños, niñas y adolescentes en Acogimiento Familiar por tipo de centro, etapa de desarrollo y sexo, según propuesta de atención",Amiga Urgencia,Total país,Centros SPE 24 horas|Adolescencia|Niñas,0.0,cantidad
Cuadro 2,"Cuadro 2. Cantidad de niños, niñas y adolescentes en Acogimiento Familiar por tipo de centro, etapa de desarrollo y sexo, según propuesta de atención",Amiga Urgencia,Total país,Centros SPE 24 horas|Adolescencia|Varones,0.0,cantidad
Cuadro 2,"Cuadro 2. Cantidad de niños, niñas y adolescentes en Acogimiento Familiar por tipo de centro, etapa de desarrollo y sexo, según propuesta de atención",Amiga Urgencia,Total país,Centros SPE 24 horas|Juventud|Niñas,0.0,cantidad
Cuadro 2,"Cuadro 2. Cantidad de niños, niñas y adolescentes en Acogimiento Familiar por tipo de centro, etapa de desarrollo y sexo, según propuesta de atención",Amiga Urgencia,Total país,Centros SPE 24 horas|Juventud|Varones,0.0,cantidad
Cuadro 2,"Cuadro 2. Cantidad de niños, niñas y adolescentes en Acogimiento Familiar por tipo de centro, etapa de desarrollo y sexo, según propuesta de atención",Amiga Urgencia,Total país,Centros SPE 24 horas|Juventud y Adultez|Niñas,0.0,cantidad
Cuadro 2,"Cuadro 2. Cantidad de niños, niñas y adolescentes en Acogimiento Familiar por tipo de centro, etapa de desarrollo y sexo, según propuesta de atención",Amiga Urgencia,Total país,Centros SPE 24 horas|Juventud y Adultez|Varones,0.0,cantidad
Cuadro 2,"Cuadro 2. Cantidad de niños, niñas y adolescentes en Acogimiento Familiar por tipo de centro, etapa de desarrollo y sexo, según propuesta de atención",Amiga Urgencia,Total país,Centros SPE 24 horas|Total,12.0,cantidad
Cuadro 2,"Cuadro 2. Cantidad de niños, niñas y adolescentes en Acogimiento Familiar por tipo de centro, etapa de desarrollo y sexo, según propuesta de atención",Amiga Urgencia,Total país,Centros Atención Tiempo Parcial y Atención en la Comunidad|Primera Infancia|Mujeres,0.0,cantidad
Cuadro 2,"Cuadro 2. Cantidad de niños, niñas y adolescentes en Acogimiento Familiar por tipo de centro, etapa de desarrollo y sexo, según propuesta de atención",Amiga Urgencia,Total país,Centros Atención Tiempo Parcial y Atención en la Comunidad|Primera Infancia|Varones,0.0,cantidad
Cuadro 2,"Cuadro 2. Cantidad de niños, niñas y adolescentes en Acogimiento Familiar por tipo de centro, etapa de desarrollo y sexo, según propuesta de atención",Amiga Urgencia,Total país,Centros Atención Tiempo Parcial y Atención en la Comunidad|Infancia|Mujeres,0.0,cantidad
Cuadro 2,"Cuadro 2. Cantidad de niños, niñas y adolescentes en Acogimiento Familiar por tipo de centro, etapa de desarrollo y sexo, según propuesta de atención",Amiga Urgencia,Total país,Centros Atención Tiempo Parcial y Atención en la Comunidad|Infancia|Varones,0.0,cantidad
Cuadro 2,"Cuadro 2. Cantidad de niños, niñas y adolescentes en Acogimiento Familiar por tipo de centro, etapa de desarrollo y sexo, según propuesta de atención",Amiga Urgencia,Total país,Centros Atención Tiempo Parcial y Atención en la Comunidad|Adolescencia|Mujeres,0.0,cantidad
Cuadro 2,"Cuadro 2. Cantidad de niños, niñas y adolescentes en Acogimiento Familiar por tipo de centro, etapa de desarrollo y sexo, según propuesta de atención",Amiga Urgencia,Total país,Centros Atención Tiempo Parcial y Atención en la Comunidad|Adolescencia|Varones,0.0,cantidad
Cuadro 2,"Cuadro 2. Cantidad de niños, niñas y adolescentes en Acogimiento Familiar por tipo de centro, etapa de desarrollo y sexo, según propuesta de atención",Amiga Urgencia,Total país,Centros Atención Tiempo Parcial y Atención en la Comunidad|Juventud|Mujeres,0.0,cantidad
Cuadro 2,"Cuadro 2. Cantidad de niños, niñas y adolescentes en Acogimiento Familiar por tipo de centro, etapa de desarrollo y sexo, según propuesta de atención",Amiga Urgencia,Total país,Centros Atención Tiempo Parcial y Atención en la Comunidad|Juventud|Varones,0.0,cantidad
Cuadro 2,"Cuadro 2. Cantidad de niños, niñas y adolescentes en Acogimiento Familiar por tipo de centro, etapa de desarrollo y sexo, según propuesta de atención",Amiga Urgencia,Total país,Centros Atención Tiempo Parcial y Atención en la Comunidad|Juventud y Adultez|Mujeres,0.0,cantidad
Cuadro 2,"Cuadro 2. Cantidad de niños, niñas y adolescentes en Acogimiento Familiar por tipo de centro, etapa de desarrollo y sexo, según propuesta de atención",Amiga Urgencia,Total país,Centros Atención Tiempo Parcial y Atención en la Comunidad|Juventud y Adultez|Varones,0.0,cantidad
Cuadro 2,"Cuadro 2. Cantidad de niños, niñas y adolescentes en Acogimiento Familiar por tipo de centro, etapa de desarrollo y sexo, según propuesta de atención",Amiga Urgencia,Total país,Centros Atención Tiempo Parcial y Atención en la Comunidad|Total,0.0,cantidad
Cuadro 2,"Cuadro 2. Cantidad de niños, niñas y adolescentes en Acogimiento Familiar por tipo de centro, etapa de desarrollo y sexo, según propuesta de atención",Amiga Urgencia,Total país,Total general,12.0,cantidad
Cuadro 2,"Cuadro 2. Cantidad de niños, niñas y adolescentes en Acogimiento Familiar por tipo de centro, etapa de desarrollo y sexo, según propuesta de atención",Cuidadoras 1a. Atención/ Hogares Alternativa Familiar,Total país,Centros SPE 24 horas|Primera Infancia|Niñas,2.0,cantidad
Cuadro 2,"Cuadro 2. Cantidad de niños, niñas y adolescentes en Acogimiento Familiar por tipo de centro, etapa de desarrollo y sexo, según propuesta de atención",Cuidadoras 1a. Atención/ Hogares Alternativa Familiar,Total país,Centros SPE 24 horas|Primera Infancia|Varones,4.0,cantidad
Cuadro 2,"Cuadro 2. Cantidad de niños, niñas y adolescentes en Acogimiento Familiar por tipo de centro, etapa de desarrollo y sexo, según propuesta de atención",Cuidadoras 1a. Atención/ Hogares Alternativa Familiar,Total país,Centros SPE 24 horas|Infancia|Niñas,3.0,cantidad
Cuadro 2,"Cuadro 2. Cantidad de niños, niñas y adolescentes en Acogimiento Familiar por tipo de centro, etapa de desarrollo y sexo, según propuesta de atención",Cuidadoras 1a. Atención/ Hogares Alternativa Familiar,Total país,Centros SPE 24 horas|Infancia|Varones,9.0,cantidad
Cuadro 2,"Cuadro 2. Cantidad de niños, niñas y adolescentes en Acogimiento Familiar por tipo de centro, etapa de desarrollo y sexo, según propuesta de atención",Cuidadoras 1a. Atención/ Hogares Alternativa Familiar,Total país,Centros SPE 24 horas|Adolescencia|Niñas,13.0,cantidad
Cuadro 2,"Cuadro 2. Cantidad de niños, niñas y adolescentes en Acogimiento Familiar por tipo de centro, etapa de desarrollo y sexo, según propuesta de atención",Cuidadoras 1a. Atención/ Hogares Alternativa Familiar,Total país,Centros SPE 24 horas|Adolescencia|Varones,19.0,cantidad
Cuadro 2,"Cuadro 2. Cantidad de niños, niñas y adolescentes en Acogimiento Familiar por tipo de centro, etapa de desarrollo y sexo, según propuesta de atención",Cuidadoras 1a. Atención/ Hogares Alternativa Familiar,Total país,Centros SPE 24 horas|Juventud|Niñas,5.0,cantidad
Cuadro 2,"Cuadro 2. Cantidad de niños, niñas y adolescentes en Acogimiento Familiar por tipo de centro, etapa de desarrollo y sexo, según propuesta de atención",Cuidadoras 1a. Atención/ Hogares Alternativa Familiar,Total país,Centros SPE 24 horas|Juventud|Varones,1.0,cantidad
Cuadro 2,"Cuadro 2. Cantidad de niños, niñas y adolescentes en Acogimiento Familiar por tipo de centro, etapa de desarrollo y sexo, según propuesta de atención",Cuidadoras 1a. Atención/ Hogares Alternativa Familiar,Total país,Centros SPE 24 horas|Juventud y Adultez|Niñas,1.0,cantidad
Cuadro 2,"Cuadro 2. Cantidad de niños, niñas y adolescentes en Acogimiento Familiar por tipo de centro, etapa de desarrollo y sexo, según propuesta de atención",Cuidadoras 1a. Atención/ Hogares Alternativa Familiar,Total país,Centros SPE 24 horas|Juventud y Adultez|Varones,1.0,cantidad
Cuadro 2,"Cuadro 2. Cantidad de niños, niñas y adolescentes en Acogimiento Familiar por tipo de centro, etapa de desarrollo y sexo, según propuesta de atención",Cuidadoras 1a. Atención/ Hogares Alternativa Familiar,Total país,Centros SPE 24 horas|Total,58.0,cantidad
Cuadro 2,"Cuadro 2. Cantidad de niños, niñas y adolescentes en Acogimiento Familiar por tipo de centro, etapa de desarrollo y sexo, según propuesta de atención",Cuidadoras 1a. Atención/ Hogares Alternativa Familiar,Total país,Centros Atención Tiempo Parcial y Atención en la Comunidad|Primera Infancia|Mujeres,0.0,cantidad
Cuadro 2,"Cuadro 2. Cantidad de niños, niñas y adolescentes en Acogimiento Familiar por tipo de centro, etapa de desarrollo y sexo, según propuesta de atención",Cuidadoras 1a. Atención/ Hogares Alternativa Familiar,Total país,Centros Atención Tiempo Parcial y Atención en la Comunidad|Primera Infancia|Varones,0.0,cantidad
Cuadro 2,"Cuadro 2. Cantidad de niños, niñas y adolescentes en Acogimiento Familiar por tipo de centro, etapa de desarrollo y sexo, según propuesta de atención",Cuidadoras 1a. Atención/ Hogares Alternativa Familiar,Total país,Centros Atención Tiempo Parcial y Atención en la Comunidad|Infancia|Mujeres,0.0,cantidad
Cuadro 2,"Cuadro 2. Cantidad de niños, niñas y adolescentes en Acogimiento Familiar por tipo de centro, etapa de desarrollo y sexo, según propuesta de atención",Cuidadoras 1a. Atención/ Hogares Alternativa Familiar,Total país,Centros Atención Tiempo Parcial y Atención en la Comunidad|Infancia|Varones,0.0,cantidad
Cuadro 2,"Cuadro 2. Cantidad de niños, niñas y adolescentes en Acogimiento Familiar por tipo de centro, etapa de desarrollo y sexo, según propuesta de atención",Cuidadoras 1a. Atención/ Hogares Alternativa Familiar,Total país,Centros Atención Tiempo Parcial y Atención en la Comunidad|Adolescencia|Mujeres,0.0,cantidad
Cuadro 2,"Cuadro 2. Cantidad de niños, niñas y adolescentes en Acogimiento Familiar por tipo de centro, etapa de desarrollo y sexo, según propuesta de atención",Cuidadoras 1a. Atención/ Hogares Alternativa Familiar,Total país,Centros Atención Tiempo Parcial y Atención en la Comunidad|Adolescencia|Varones,0.0,cantidad
Cuadro 2,"Cuadro 2. Cantidad de niños, niñas y adolescentes en Acogimiento Familiar por tipo de centro, etapa de desarrollo y sexo, según propuesta de atención",Cuidadoras 1a. Atención/ Hogares Alternativa Familiar,Total país,Centros Atención Tiempo Parcial y Atención en la Comunidad|Juventud|Mujeres,0.0,cantidad
Cuadro 2,"Cuadro 2. Cantidad de niños, niñas y adolescentes en Acogimiento Familiar por tipo de centro, etapa de desarrollo y sexo, según propuesta de atención",Cuidadoras 1a. Atención/ Hogares Alternativa Familiar,Total país,Centros Atención Tiempo Parcial y Atención en la Comunidad|Juventud|Varones,0.0,cantidad
Cuadro 2,"Cuadro 2. Cantidad de niños, niñas y adolescentes en Acogimiento Familiar por tipo de centro, etapa de desarrollo y sexo, según propuesta de atención",Cuidadoras 1a. Atención/ Hogares Alternativa Familiar,Total país,Centros Atención Tiempo Parcial y Atención en la Comunidad|Juventud y Adultez|Mujeres,0.0,cantidad
Cuadro 2,"Cuadro 2. Cantidad de niños, niñas y adolescentes en Acogimiento Familiar por tipo de centro, etapa de desarrollo y sexo, según propuesta de atención",Cuidadoras 1a. Atención/ Hogares Alternativa Familiar,Total país,Centros Atención Tiempo Parcial y Atención en la Comunidad|Juventud y Adultez|Varones,0.0,cantidad
Cuadro 2,"Cuadro 2. Cantidad de niños, niñas y adolescentes en Acogimiento Familiar por tipo de centro, etapa de desarrollo y sexo, según propuesta de atención",Cuidadoras 1a. Atención/ Hogares Alternativa Familiar,Total país,Centros Atención Tiempo Parcial y Atención en la Comunidad|Total,0.0,cantidad
Cuadro 2,"Cuadro 2. Cantidad de niños, niñas y adolescentes en Acogimiento Familiar por tipo de centro, etapa de desarrollo y sexo, según propuesta de atención",Cuidadoras 1a. Atención/ Hogares Alternativa Familiar,Total país,Total general,58.0,cantidad
Cuadro 2,"Cuadro 2. Cantidad de niños, niñas y adolescentes en Acogimiento Familiar por tipo de centro, etapa de desarrollo y sexo, según propuesta de atención",Familia Extensa,Total país,Centros SPE 24 horas|Primera Infancia|Niñas,40.0,cantidad
Cuadro 2,"Cuadro 2. Cantidad de niños, niñas y adolescentes en Acogimiento Familiar por tipo de centro, etapa de desarrollo y sexo, según propuesta de atención",Familia Extensa,Total país,Centros SPE 24 horas|Primera Infancia|Varones,33.0,cantidad
Cuadro 2,"Cuadro 2. Cantidad de niños, niñas y adolescentes en Acogimiento Familiar por tipo de centro, etapa de desarrollo y sexo, según propuesta de atención",Familia Extensa,Total país,Centros SPE 24 horas|Infancia|Niñas,140.0,cantidad
Cuadro 2,"Cuadro 2. Cantidad de niños, niñas y adolescentes en Acogimiento Familiar por tipo de centro, etapa de desarrollo y sexo, según propuesta de atención",Familia Extensa,Total país,Centros SPE 24 horas|Infancia|Varones,108.0,cantidad
Cuadro 2,"Cuadro 2. Cantidad de niños, niñas y adolescentes en Acogimiento Familiar por tipo de centro, etapa de desarrollo y sexo, según propuesta de atención",Familia Extensa,Total país,Centros SPE 24 horas|Adolescencia|Niñas,80.0,cantidad
Cuadro 2,"Cuadro 2. Cantidad de niños, niñas y adolescentes en Acogimiento Familiar por tipo de centro, etapa de desarrollo y sexo, según propuesta de atención",Familia Extensa,Total país,Centros SPE 24 horas|Adolescencia|Varones,80.0,cantidad
Cuadro 2,"Cuadro 2. Cantidad de niños, niñas y adolescentes en Acogimiento Familiar por tipo de centro, etapa de desarrollo y sexo, según propuesta de atención",Familia Extensa,Total país,Centros SPE 24 horas|Juventud|Niñas,7.0,cantidad
Cuadro 2,"Cuadro 2. Cantidad de niños, niñas y adolescentes en Acogimiento Familiar por tipo de centro, etapa de desarrollo y sexo, según propuesta de atención",Familia Extensa,Total país,Centros SPE 24 horas|Juventud|Varones,10.0,cantidad
Cuadro 2,"Cuadro 2. Cantidad de niños, niñas y adolescentes en Acogimiento Familiar por tipo de centro, etapa de desarrollo y sexo, según propuesta de atención",Familia Extensa,Total país,Centros SPE 24 horas|Juventud y Adultez|Niñas,0.0,cantidad
Cuadro 2,"Cuadro 2. Cantidad de niños, niñas y adolescentes en Acogimiento Familiar por tipo de centro, etapa de desarrollo y sexo, según propuesta de atención",Familia Extensa,Total país,Centros SPE 24 horas|Juventud y Adultez|Varones,1.0,cantidad
Cuadro 2,"Cuadro 2. Cantidad de niños, niñas y adolescentes en Acogimiento Familiar por tipo de centro, etapa de desarrollo y sexo, según propuesta de atención",Familia Extensa,Total país,Centros SPE 24 horas|Total,499.0,cantidad
Cuadro 2,"Cuadro 2. Cantidad de niños, niñas y adolescentes en Acogimiento Familiar por tipo de centro, etapa de desarrollo y sexo, según propuesta de atención",Familia Extensa,Total país,Centros Atención Tiempo Parcial y Atención en la Comunidad|Primera Infancia|Mujeres,163.0,cantidad
Cuadro 2,"Cuadro 2. Cantidad de niños, niñas y adolescentes en Acogimiento Familiar por tipo de centro, etapa de desarrollo y sexo, según propuesta de atención",Familia Extensa,Total país,Centros Atención Tiempo Parcial y Atención en la Comunidad|Primera Infancia|Varones,151.0,cantidad
Cuadro 2,"Cuadro 2. Cantidad de niños, niñas y adolescentes en Acogimiento Familiar por tipo de centro, etapa de desarrollo y sexo, según propuesta de atención",Familia Extensa,Total país,Centros Atención Tiempo Parcial y Atención en la Comunidad|Infancia|Mujeres,541.0,cantidad
Cuadro 2,"Cuadro 2. Cantidad de niños, niñas y adolescentes en Acogimiento Familiar por tipo de centro, etapa de desarrollo y sexo, según propuesta de atención",Familia Extensa,Total país,Centros Atención Tiempo Parcial y Atención en la Comunidad|Infancia|Varones,536.0,cantidad
Cuadro 2,"Cuadro 2. Cantidad de niños, niñas y adolescentes en Acogimiento Familiar por tipo de centro, etapa de desarrollo y sexo, según propuesta de atención",Familia Extensa,Total país,Centros Atención Tiempo Parcial y Atención en la Comunidad|Adolescencia|Mujeres,320.0,cantidad
Cuadro 2,"Cuadro 2. Cantidad de niños, niñas y adolescentes en Acogimiento Familiar por tipo de centro, etapa de desarrollo y sexo, según propuesta de atención",Familia Extensa,Total país,Centros Atención Tiempo Parcial y Atención en la Comunidad|Adolescencia|Varones,308.0,cantidad
Cuadro 2,"Cuadro 2. Cantidad de niños, niñas y adolescentes en Acogimiento Familiar por tipo de centro, etapa de desarrollo y sexo, según propuesta de atención",Familia Extensa,Total país,Centros Atención Tiempo Parcial y Atención en la Comunidad|Juventud|Mujeres,44.0,cantidad
Cuadro 2,"Cuadro 2. Cantidad de niños, niñas y adolescentes en Acogimiento Familiar por tipo de centro, etapa de desarrollo y sexo, según propuesta de atención",Familia Extensa,Total país,Centros Atención Tiempo Parcial y Atención en la Comunidad|Juventud|Varones,27.0,cantidad
Cuadro 2,"Cuadro 2. Cantidad de niños, niñas y adolescentes en Acogimiento Familiar por tipo de centro, etapa de desarrollo y sexo, según propuesta de atención",Familia Extensa,Total país,Centros Atención Tiempo Parcial y Atención en la Comunidad|Juventud y Adultez|Mujeres,1.0,cantidad
Cuadro 2,"Cuadro 2. Cantidad de niños, niñas y adolescentes en Acogimiento Familiar por tipo de centro, etapa de desarrollo y sexo, según propuesta de atención",Familia Extensa,Total país,Centros Atención Tiempo Parcial y Atención en la Comunidad|Juventud y Adultez|Varones,3.0,cantidad
Cuadro 2,"Cuadro 2. Cantidad de niños, niñas y adolescentes en Acogimiento Familiar por tipo de centro, etapa de desarrollo y sexo, según propuesta de atención",Familia Extensa,Total país,Centros Atención Tiempo Parcial y Atención en la Comunidad|Total,2094.0,cantidad
Cuadro 2,"Cuadro 2. Cantidad de niños, niñas y adolescentes en Acogimiento Familiar por tipo de centro, etapa de desarrollo y sexo, según propuesta de atención",Familia Extensa,Total país,Total general,2593.0,cantidad
Cuadro 2,"Cuadro 2. Cantidad de niños, niñas y adolescentes en Acogimiento Familiar por tipo de centro, etapa de desarrollo y sexo, según propuesta de atención",Extensa Parcial,Total país,Centros SPE 24 horas|Primera Infancia|Niñas,0.0,cantidad
Cuadro 2,"Cuadro 2. Cantidad de niños, niñas y adolescentes en Acogimiento Familiar por tipo de centro, etapa de desarrollo y sexo, según propuesta de atención",Extensa Parcial,Total país,Centros SPE 24 horas|Primera Infancia|Varones,1.0,cantidad
Cuadro 2,"Cuadro 2. Cantidad de niños, niñas y adolescentes en Acogimiento Familiar por tipo de centro, etapa de desarrollo y sexo, según propuesta de atención",Extensa Parcial,Total país,Centros SPE 24 horas|Infancia|Niñas,7.0,cantidad
Cuadro 2,"Cuadro 2. Cantidad de niños, niñas y adolescentes en Acogimiento Familiar por tipo de centro, etapa de desarrollo y sexo, según propuesta de atención",Extensa Parcial,Total país,Centros SPE 24 horas|Infancia|Varones,5.0,cantidad
Cuadro 2,"Cuadro 2. Cantidad de niños, niñas y adolescentes en Acogimiento Familiar por tipo de centro, etapa de desarrollo y sexo, según propuesta de atención",Extensa Parcial,Total país,Centros SPE 24 horas|Adolescencia|Niñas,1.0,cantidad
Cuadro 2,"Cuadro 2. Cantidad de niños, niñas y adolescentes en Acogimiento Familiar por tipo de centro, etapa de desarrollo y sexo, según propuesta de atención",Extensa Parcial,Total país,Centros SPE 24 horas|Adolescencia|Varones,1.0,cantidad
Cuadro 2,"Cuadro 2. Cantidad de niños, niñas y adolescentes en Acogimiento Familiar por tipo de centro, etapa de desarrollo y sexo, según propuesta de atención",Extensa Parcial,Total país,Centros SPE 24 horas|Juventud|Niñas,0.0,cantidad
Cuadro 2,"Cuadro 2. Cantidad de niños, niñas y adolescentes en Acogimiento Familiar por tipo de centro, etapa de desarrollo y sexo, según propuesta de atención",Extensa Parcial,Total país,Centros SPE 24 horas|Juventud|Varones,0.0,cantidad
Cuadro 2,"Cuadro 2. Cantidad de niños, niñas y adolescentes en Acogimiento Familiar por tipo de centro, etapa de desarrollo y sexo, según propuesta de atención",Extensa Parcial,Total país,Centros SPE 24 horas|Juventud y Adultez|Niñas,0.0,cantidad
Cuadro 2,"Cuadro 2. Cantidad de niños, niñas y adolescentes en Acogimiento Familiar por tipo de centro, etapa de desarrollo y sexo, según propuesta de atención",Extensa Parcial,Total país,Centros SPE 24 horas|Juventud y Adultez|Varones,0.0,cantidad
Cuadro 2,"Cuadro 2. Cantidad de niños, niñas y adolescentes en Acogimiento Familiar por tipo de centro, etapa de desarrollo y sexo, según propuesta de atención",Extensa Parcial,Total país,Centros SPE 24 horas|Total,15.0,cantidad
Cuadro 2,"Cuadro 2. Cantidad de niños, niñas y adolescentes en Acogimiento Familiar por tipo de centro, etapa de desarrollo y sexo, según propuesta de atención",Extensa Parcial,Total país,Centros Atención Tiempo Parcial y Atención en la Comunidad|Primera Infancia|Mujeres,0.0,cantidad
Cuadro 2,"Cuadro 2. Cantidad de niños, niñas y adolescentes en Acogimiento Familiar por tipo de centro, etapa de desarrollo y sexo, según propuesta de atención",Extensa Parcial,Total país,Centros Atención Tiempo Parcial y Atención en la Comunidad|Primera Infancia|Varones,0.0,cantidad
Cuadro 2,"Cuadro 2. Cantidad de niños, niñas y adolescentes en Acogimiento Familiar por tipo de centro, etapa de desarrollo y sexo, según propuesta de atención",Extensa Parcial,Total país,Centros Atención Tiempo Parcial y Atención en la Comunidad|Infancia|Mujeres,0.0,cantidad
Cuadro 2,"Cuadro 2. Cantidad de niños, niñas y adolescentes en Acogimiento Familiar por tipo de centro, etapa de desarrollo y sexo, según propuesta de atención",Extensa Parcial,Total país,Centros Atención Tiempo Parcial y Atención en la Comunidad|Infancia|Varones,0.0,cantidad
Cuadro 2,"Cuadro 2. Cantidad de niños, niñas y adolescentes en Acogimiento Familiar por tipo de centro, etapa de desarrollo y sexo, según propuesta de atención",Extensa Parcial,Total país,Centros Atención Tiempo Parcial y Atención en la Comunidad|Adolescencia|Mujeres,0.0,cantidad
Cuadro 2,"Cuadro 2. Cantidad de niños, niñas y adolescentes en Acogimiento Familiar por tipo de centro, etapa de desarrollo y sexo, según propuesta de atención",Extensa Parcial,Total país,Centros Atención Tiempo Parcial y Atención en la Comunidad|Adolescencia|Varones,0.0,cantidad
Cuadro 2,"Cuadro 2. Cantidad de niños, niñas y adolescentes en Acogimiento Familiar por tipo de centro, etapa de desarrollo y sexo, según propuesta de atención",Extensa Parcial,Total país,Centros Atención Tiempo Parcial y Atención en la Comunidad|Juventud|Mujeres,0.0,cantidad
Cuadro 2,"Cuadro 2. Cantidad de niños, niñas y adolescentes en Acogimiento Familiar por tipo de centro, etapa de desarrollo y sexo, según propuesta de atención",Extensa Parcial,Total país,Centros Atención Tiempo Parcial y Atención en la Comunidad|Juventud|Varones,0.0,cantidad
Cuadro 2,"Cuadro 2. Cantidad de niños, niñas y adolescentes en Acogimiento Familiar por tipo de centro, etapa de desarrollo y sexo, según propuesta de atención",Extensa Parcial,Total país,Centros Atención Tiempo Parcial y Atención en la Comunidad|Juventud y Adultez|Mujeres,0.0,cantidad
Cuadro 2,"Cuadro 2. Cantidad de niños, niñas y adolescentes en Acogimiento Familiar por tipo de centro, etapa de desarrollo y sexo, según propuesta de atención",Extensa Parcial,Total país,Centros Atención Tiempo Parcial y Atención en la Comunidad|Juventud y Adultez|Varones,0.0,cantidad
Cuadro 2,"Cuadro 2. Cantidad de niños, niñas y adolescentes en Acogimiento Familiar por tipo de centro, etapa de desarrollo y sexo, según propuesta de atención",Extensa Parcial,Total país,Centros Atención Tiempo Parcial y Atención en la Comunidad|Total,0.0,cantidad
Cuadro 2,"Cuadro 2. Cantidad de niños, niñas y adolescentes en Acogimiento Familiar por tipo de centro, etapa de desarrollo y sexo, según propuesta de atención",Extensa Parcial,Total país,Total general,15.0,cantidad
Cuadro 2,"Cuadro 2. Cantidad de niños, niñas y adolescentes en Acogimiento Familiar por tipo de centro, etapa de desarrollo y sexo, según propuesta de atención",Extensa,Total país,Centros SPE 24 horas|Primera Infancia|Niñas,40.0,cantidad
Cuadro 2,"Cuadro 2. Cantidad de niños, niñas y adolescentes en Acogimiento Familiar por tipo de centro, etapa de desarrollo y sexo, según propuesta de atención",Extensa,Total país,Centros SPE 24 horas|Primera Infancia|Varones,32.0,cantidad
Cuadro 2,"Cuadro 2. Cantidad de niños, niñas y adolescentes en Acogimiento Familiar por tipo de centro, etapa de desarrollo y sexo, según propuesta de atención",Extensa,Total país,Centros SPE 24 horas|Infancia|Niñas,133.0,cantidad
Cuadro 2,"Cuadro 2. Cantidad de niños, niñas y adolescentes en Acogimiento Familiar por tipo de centro, etapa de desarrollo y sexo, según propuesta de atención",Extensa,Total país,Centros SPE 24 horas|Infancia|Varones,103.0,cantidad
Cuadro 2,"Cuadro 2. Cantidad de niños, niñas y adolescentes en Acogimiento Familiar por tipo de centro, etapa de desarrollo y sexo, según propuesta de atención",Extensa,Total país,Centros SPE 24 horas|Adolescencia|Niñas,79.0,cantidad
Cuadro 2,"Cuadro 2. Cantidad de niños, niñas y adolescentes en Acogimiento Familiar por tipo de centro, etapa de desarrollo y sexo, según propuesta de atención",Extensa,Total país,Centros SPE 24 horas|Adolescencia|Varones,79.0,cantidad
Cuadro 2,"Cuadro 2. Cantidad de niños, niñas y adolescentes en Acogimiento Familiar por tipo de centro, etapa de desarrollo y sexo, según propuesta de atención",Extensa,Total país,Centros SPE 24 horas|Juventud|Niñas,7.0,cantidad
Cuadro 2,"Cuadro 2. Cantidad de niños, niñas y adolescentes en Acogimiento Familiar por tipo de centro, etapa de desarrollo y sexo, según propuesta de atención",Extensa,Total país,Centros SPE 24 horas|Juventud|Varones,10.0,cantidad
Cuadro 2,"Cuadro 2. Cantidad de niños, niñas y adolescentes en Acogimiento Familiar por tipo de centro, etapa de desarrollo y sexo, según propuesta de atención",Extensa,Total país,Centros SPE 24 horas|Juventud y Adultez|Niñas,0.0,cantidad
Cuadro 2,"Cuadro 2. Cantidad de niños, niñas y adolescentes en Acogimiento Familiar por tipo de centro, etapa de desarrollo y sexo, según propuesta de atención",Extensa,Total país,Centros SPE 24 horas|Juventud y Adultez|Varones,1.0,cantidad
Cuadro 2,"Cuadro 2. Cantidad de niños, niñas y adolescentes en Acogimiento Familiar por tipo de centro, etapa de desarrollo y sexo, según propuesta de atención",Extensa,Total país,Centros SPE 24 horas|Total,484.0,cantidad
Cuadro 2,"Cuadro 2. Cantidad de niños, niñas y adolescentes en Acogimiento Familiar por tipo de centro, etapa de desarrollo y sexo, según propuesta de atención",Extensa,Total país,Centros Atención Tiempo Parcial y Atención en la Comunidad|Primera Infancia|Mujeres,163.0,cantidad
Cuadro 2,"Cuadro 2. Cantidad de niños, niñas y adolescentes en Acogimiento Familiar por tipo de centro, etapa de desarrollo y sexo, según propuesta de atención",Extensa,Total país,Centros Atención Tiempo Parcial y Atención en la Comunidad|Primera Infancia|Varones,151.0,cantidad
Cuadro 2,"Cuadro 2. Cantidad de niños, niñas y adolescentes en Acogimiento Familiar por tipo de centro, etapa de desarrollo y sexo, según propuesta de atención",Extensa,Total país,Centros Atención Tiempo Parcial y Atención en la Comunidad|Infancia|Mujeres,541.0,cantidad
Cuadro 2,"Cuadro 2. Cantidad de niños, niñas y adolescentes en Acogimiento Familiar por tipo de centro, etapa de desarrollo y sexo, según propuesta de atención",Extensa,Total país,Centros Atención Tiempo Parcial y Atención en la Comunidad|Infancia|Varones,536.0,cantidad
Cuadro 2,"Cuadro 2. Cantidad de niños, niñas y adolescentes en Acogimiento Familiar por tipo de centro, etapa de desarrollo y sexo, según propuesta de atención",Extensa,Total país,Centros Atención Tiempo Parcial y Atención en la Comunidad|Adolescencia|Mujeres,320.0,cantidad
Cuadro 2,"Cuadro 2. Cantidad de niños, niñas y adolescentes en Acogimiento Familiar por tipo de centro, etapa de desarrollo y sexo, según propuesta de atención",Extensa,Total país,Centros Atención Tiempo Parcial y Atención en la Comunidad|Adolescencia|Varones,308.0,cantidad
Cuadro 2,"Cuadro 2. Cantidad de niños, niñas y adolescentes en Acogimiento Familiar por tipo de centro, etapa de desarrollo y sexo, según propuesta de atención",Extensa,Total país,Centros Atención Tiempo Parcial y Atención en la Comunidad|Juventud|Mujeres,44.0,cantidad
Cuadro 2,"Cuadro 2. Cantidad de niños, niñas y adolescentes en Acogimiento Familiar por tipo de centro, etapa de desarrollo y sexo, según propuesta de atención",Extensa,Total país,Centros Atención Tiempo Parcial y Atención en la Comunidad|Juventud|Varones,27.0,cantidad
Cuadro 2,"Cuadro 2. Cantidad de niños, niñas y adolescentes en Acogimiento Familiar por tipo de centro, etapa de desarrollo y sexo, según propuesta de atención",Extensa,Total país,Centros Atención Tiempo Parcial y Atención en la Comunidad|Juventud y Adultez|Mujeres,1.0,cantidad
Cuadro 2,"Cuadro 2. Cantidad de niños, niñas y adolescentes en Acogimiento Familiar por tipo de centro, etapa de desarrollo y sexo, según propuesta de atención",Extensa,Total país,Centros Atención Tiempo Parcial y Atención en la Comunidad|Juventud y Adultez|Varones,3.0,cantidad
Cuadro 2,"Cuadro 2. Cantidad de niños, niñas y adolescentes en Acogimiento Familiar por tipo de centro, etapa de desarrollo y sexo, según propuesta de atención",Extensa,Total país,Centros Atención Tiempo Parcial y Atención en la Comunidad|Total,2094.0,cantidad
Cuadro 2,"Cuadro 2. Cantidad de niños, niñas y adolescentes en Acogimiento Familiar por tipo de centro, etapa de desarrollo y sexo, según propuesta de atención",Extensa,Total país,Total general,2578.0,cantidad
Cuadro 2,"Cuadro 2. Cantidad de niños, niñas y adolescentes en Acogimiento Familiar por tipo de centro, etapa de desarrollo y sexo, según propuesta de atención",Familia Afinidad,Total país,Centros SPE 24 horas|Primera Infancia|Niñas,4.0,cantidad
Cuadro 2,"Cuadro 2. Cantidad de niños, niñas y adolescentes en Acogimiento Familiar por tipo de centro, etapa de desarrollo y sexo, según propuesta de atención",Familia Afinidad,Total país,Centros SPE 24 horas|Primera Infancia|Varones,7.0,cantidad
Cuadro 2,"Cuadro 2. Cantidad de niños, niñas y adolescentes en Acogimiento Familiar por tipo de centro, etapa de desarrollo y sexo, según propuesta de atención",Familia Afinidad,Total país,Centros SPE 24 horas|Infancia|Niñas,31.0,cantidad
Cuadro 2,"Cuadro 2. Cantidad de niños, niñas y adolescentes en Acogimiento Familiar por tipo de centro, etapa de desarrollo y sexo, según propuesta de atención",Familia Afinidad,Total país,Centros SPE 24 horas|Infancia|Varones,25.0,cantidad
Cuadro 2,"Cuadro 2. Cantidad de niños, niñas y adolescentes en Acogimiento Familiar por tipo de centro, etapa de desarrollo y sexo, según propuesta de atención",Familia Afinidad,Total país,Centros SPE 24 horas|Adolescencia|Niñas,21.0,cantidad
Cuadro 2,"Cuadro 2. Cantidad de niños, niñas y adolescentes en Acogimiento Familiar por tipo de centro, etapa de desarrollo y sexo, según propuesta de atención",Familia Afinidad,Total país,Centros SPE 24 horas|Adolescencia|Varones,27.0,cantidad
Cuadro 2,"Cuadro 2. Cantidad de niños, niñas y adolescentes en Acogimiento Familiar por tipo de centro, etapa de desarrollo y sexo, según propuesta de atención",Familia Afinidad,Total país,Centros SPE 24 horas|Juventud|Niñas,0.0,cantidad
Cuadro 2,"Cuadro 2. Cantidad de niños, niñas y adolescentes en Acogimiento Familiar por tipo de centro, etapa de desarrollo y sexo, según propuesta de atención",Familia Afinidad,Total país,Centros SPE 24 horas|Juventud|Varones,3.0,cantidad
Cuadro 2,"Cuadro 2. Cantidad de niños, niñas y adolescentes en Acogimiento Familiar por tipo de centro, etapa de desarrollo y sexo, según propuesta de atención",Familia Afinidad,Total país,Centros SPE 24 horas|Juventud y Adultez|Niñas,0.0,cantidad
Cuadro 2,"Cuadro 2. Cantidad de niños, niñas y adolescentes en Acogimiento Familiar por tipo de centro, etapa de desarrollo y sexo, según propuesta de atención",Familia Afinidad,Total país,Centros SPE 24 horas|Juventud y Adultez|Varones,0.0,cantidad
Cuadro 2,"Cuadro 2. Cantidad de niños, niñas y adolescentes en Acogimiento Familiar por tipo de centro, etapa de desarrollo y sexo, según propuesta de atención",Familia Afinidad,Total país,Centros SPE 24 horas|Total,118.0,cantidad
Cuadro 2,"Cuadro 2. Cantidad de niños, niñas y adolescentes en Acogimiento Familiar por tipo de centro, etapa de desarrollo y sexo, según propuesta de atención",Familia Afinidad,Total país,Centros Atención Tiempo Parcial y Atención en la Comunidad|Primera Infancia|Mujeres,4.0,cantidad
Cuadro 2,"Cuadro 2. Cantidad de niños, niñas y adolescentes en Acogimiento Familiar por tipo de centro, etapa de desarrollo y sexo, según propuesta de atención",Familia Afinidad,Total país,Centros Atención Tiempo Parcial y Atención en la Comunidad|Primera Infancia|Varones,9.0,cantidad
Cuadro 2,"Cuadro 2. Cantidad de niños, niñas y adolescentes en Acogimiento Familiar por tipo de centro, etapa de desarrollo y sexo, según propuesta de atención",Familia Afinidad,Total país,Centros Atención Tiempo Parcial y Atención en la Comunidad|Infancia|Mujeres,50.0,cantidad
Cuadro 2,"Cuadro 2. Cantidad de niños, niñas y adolescentes en Acogimiento Familiar por tipo de centro, etapa de desarrollo y sexo, según propuesta de atención",Familia Afinidad,Total país,Centros Atención Tiempo Parcial y Atención en la Comunidad|Infancia|Varones,41.0,cantidad
Cuadro 2,"Cuadro 2. Cantidad de niños, niñas y adolescentes en Acogimiento Familiar por tipo de centro, etapa de desarrollo y sexo, según propuesta de atención",Familia Afinidad,Total país,Centros Atención Tiempo Parcial y Atención en la Comunidad|Adolescencia|Mujeres,36.0,cantidad
Cuadro 2,"Cuadro 2. Cantidad de niños, niñas y adolescentes en Acogimiento Familiar por tipo de centro, etapa de desarrollo y sexo, según propuesta de atención",Familia Afinidad,Total país,Centros Atención Tiempo Parcial y Atención en la Comunidad|Adolescencia|Varones,42.0,cantidad
Cuadro 2,"Cuadro 2. Cantidad de niños, niñas y adolescentes en Acogimiento Familiar por tipo de centro, etapa de desarrollo y sexo, según propuesta de atención",Familia Afinidad,Total país,Centros Atención Tiempo Parcial y Atención en la Comunidad|Juventud|Mujeres,6.0,cantidad
Cuadro 2,"Cuadro 2. Cantidad de niños, niñas y adolescentes en Acogimiento Familiar por tipo de centro, etapa de desarrollo y sexo, según propuesta de atención",Familia Afinidad,Total país,Centros Atención Tiempo Parcial y Atención en la Comunidad|Juventud|Varones,1.0,cantidad
Cuadro 2,"Cuadro 2. Cantidad de niños, niñas y adolescentes en Acogimiento Familiar por tipo de centro, etapa de desarrollo y sexo, según propuesta de atención",Familia Afinidad,Total país,Centros Atención Tiempo Parcial y Atención en la Comunidad|Juventud y Adultez|Mujeres,0.0,cantidad
Cuadro 2,"Cuadro 2. Cantidad de niños, niñas y adolescentes en Acogimiento Familiar por tipo de centro, etapa de desarrollo y sexo, según propuesta de atención",Familia Afinidad,Total país,Centros Atención Tiempo Parcial y Atención en la Comunidad|Juventud y Adultez|Varones,1.0,cantidad
Cuadro 2,"Cuadro 2. Cantidad de niños, niñas y adolescentes en Acogimiento Familiar por tipo de centro, etapa de desarrollo y sexo, según propuesta de atención",Familia Afinidad,Total país,Centros Atención Tiempo Parcial y Atención en la Comunidad|Total,190.0,cantidad
Cuadro 2,"Cuadro 2. Cantidad de niños, niñas y adolescentes en Acogimiento Familiar por tipo de centro, etapa de desarrollo y sexo, según propuesta de atención",Familia Afinidad,Total país,Total general,308.0,cantidad
Cuadro 2,"Cuadro 2. Cantidad de niños, niñas y adolescentes en Acogimiento Familiar por tipo de centro, etapa de desarrollo y sexo, según propuesta de atención",Afinidad Parcial,Total país,Centros SPE 24 horas|Primera Infancia|Niñas,2.0,cantidad
Cuadro 2,"Cuadro 2. Cantidad de niños, niñas y adolescentes en Acogimiento Familiar por tipo de centro, etapa de desarrollo y sexo, según propuesta de atención",Afinidad Parcial,Total país,Centros SPE 24 horas|Primera Infancia|Varones,2.0,cantidad
Cuadro 2,"Cuadro 2. Cantidad de niños, niñas y adolescentes en Acogimiento Familiar por tipo de centro, etapa de desarrollo y sexo, según propuesta de atención",Afinidad Parcial,Total país,Centros SPE 24 horas|Infancia|Niñas,3.0,cantidad
Cuadro 2,"Cuadro 2. Cantidad de niños, niñas y adolescentes en Acogimiento Familiar por tipo de centro, etapa de desarrollo y sexo, según propuesta de atención",Afinidad Parcial,Total país,Centros SPE 24 horas|Infancia|Varones,4.0,cantidad
Cuadro 2,"Cuadro 2. Cantidad de niños, niñas y adolescentes en Acogimiento Familiar por tipo de centro, etapa de desarrollo y sexo, según propuesta de atención",Afinidad Parcial,Total país,Centros SPE 24 horas|Adolescencia|Niñas,2.0,cantidad
Cuadro 2,"Cuadro 2. Cantidad de niños, niñas y adolescentes en Acogimiento Familiar por tipo de centro, etapa de desarrollo y sexo, según propuesta de atención",Afinidad Parcial,Total país,Centros SPE 24 horas|Adolescencia|Varones,2.0,cantidad
Cuadro 2,"Cuadro 2. Cantidad de niños, niñas y adolescentes en Acogimiento Familiar por tipo de centro, etapa de desarrollo y sexo, según propuesta de atención",Afinidad Parcial,Total país,Centros SPE 24 horas|Juventud|Niñas,0.0,cantidad
Cuadro 2,"Cuadro 2. Cantidad de niños, niñas y adolescentes en Acogimiento Familiar por tipo de centro, etapa de desarrollo y sexo, según propuesta de atención",Afinidad Parcial,Total país,Centros SPE 24 horas|Juventud|Varones,0.0,cantidad
Cuadro 2,"Cuadro 2. Cantidad de niños, niñas y adolescentes en Acogimiento Familiar por tipo de centro, etapa de desarrollo y sexo, según propuesta de atención",Afinidad Parcial,Total país,Centros SPE 24 horas|Juventud y Adultez|Niñas,0.0,cantidad
Cuadro 2,"Cuadro 2. Cantidad de niños, niñas y adolescentes en Acogimiento Familiar por tipo de centro, etapa de desarrollo y sexo, según propuesta de atención",Afinidad Parcial,Total país,Centros SPE 24 horas|Juventud y Adultez|Varones,0.0,cantidad
Cuadro 2,"Cuadro 2. Cantidad de niños, niñas y adolescentes en Acogimiento Familiar por tipo de centro, etapa de desarrollo y sexo, según propuesta de atención",Afinidad Parcial,Total país,Centros SPE 24 horas|Total,15.0,cantidad
Cuadro 2,"Cuadro 2. Cantidad de niños, niñas y adolescentes en Acogimiento Familiar por tipo de centro, etapa de desarrollo y sexo, según propuesta de atención",Afinidad Parcial,Total país,Centros Atención Tiempo Parcial y Atención en la Comunidad|Primera Infancia|Mujeres,0.0,cantidad
Cuadro 2,"Cuadro 2. Cantidad de niños, niñas y adolescentes en Acogimiento Familiar por tipo de centro, etapa de desarrollo y sexo, según propuesta de atención",Afinidad Parcial,Total país,Centros Atención Tiempo Parcial y Atención en la Comunidad|Primera Infancia|Varones,0.0,cantidad
Cuadro 2,"Cuadro 2. Cantidad de niños, niñas y adolescentes en Acogimiento Familiar por tipo de centro, etapa de desarrollo y sexo, según propuesta de atención",Afinidad Parcial,Total país,Centros Atención Tiempo Parcial y Atención en la Comunidad|Infancia|Mujeres,0.0,cantidad
Cuadro 2,"Cuadro 2. Cantidad de niños, niñas y adolescentes en Acogimiento Familiar por tipo de centro, etapa de desarrollo y sexo, según propuesta de atención",Afinidad Parcial,Total país,Centros Atención Tiempo Parcial y Atención en la Comunidad|Infancia|Varones,0.0,cantidad
Cuadro 2,"Cuadro 2. Cantidad de niños, niñas y adolescentes en Acogimiento Familiar por tipo de centro, etapa de desarrollo y sexo, según propuesta de atención",Afinidad Parcial,Total país,Centros Atención Tiempo Parcial y Atención en la Comunidad|Adolescencia|Mujeres,0.0,cantidad
Cuadro 2,"Cuadro 2. Cantidad de niños, niñas y adolescentes en Acogimiento Familiar por tipo de centro, etapa de desarrollo y sexo, según propuesta de atención",Afinidad Parcial,Total país,Centros Atención Tiempo Parcial y Atención en la Comunidad|Adolescencia|Varones,0.0,cantidad
Cuadro 2,"Cuadro 2. Cantidad de niños, niñas y adolescentes en Acogimiento Familiar por tipo de centro, etapa de desarrollo y sexo, según propuesta de atención",Afinidad Parcial,Total país,Centros Atención Tiempo Parcial y Atención en la Comunidad|Juventud|Mujeres,0.0,cantidad
Cuadro 2,"Cuadro 2. Cantidad de niños, niñas y adolescentes en Acogimiento Familiar por tipo de centro, etapa de desarrollo y sexo, según propuesta de atención",Afinidad Parcial,Total país,Centros Atención Tiempo Parcial y Atención en la Comunidad|Juventud|Varones,0.0,cantidad
Cuadro 2,"Cuadro 2. Cantidad de niños, niñas y adolescentes en Acogimiento Familiar por tipo de centro, etapa de desarrollo y sexo, según propuesta de atención",Afinidad Parcial,Total país,Centros Atención Tiempo Parcial y Atención en la Comunidad|Juventud y Adultez|Mujeres,0.0,cantidad
Cuadro 2,"Cuadro 2. Cantidad de niños, niñas y adolescentes en Acogimiento Familiar por tipo de centro, etapa de desarrollo y sexo, según propuesta de atención",Afinidad Parcial,Total país,Centros Atención Tiempo Parcial y Atención en la Comunidad|Juventud y Adultez|Varones,0.0,cantidad
Cuadro 2,"Cuadro 2. Cantidad de niños, niñas y adolescentes en Acogimiento Familiar por tipo de centro, etapa de desarrollo y sexo, según propuesta de atención",Afinidad Parcial,Total país,Centros Atención Tiempo Parcial y Atención en la Comunidad|Total,0.0,cantidad
Cuadro 2,"Cuadro 2. Cantidad de niños, niñas y adolescentes en Acogimiento Familiar por tipo de centro, etapa de desarrollo y sexo, según propuesta de atención",Afinidad Parcial,Total país,Total general,15.0,cantidad
Cuadro 2,"Cuadro 2. Cantidad de niños, niñas y adolescentes en Acogimiento Familiar por tipo de centro, etapa de desarrollo y sexo, según propuesta de atención",Afinidad,Total país,Centros SPE 24 horas|Primera Infancia|Niñas,2.0,cantidad
Cuadro 2,"Cuadro 2. Cantidad de niños, niñas y adolescentes en Acogimiento Familiar por tipo de centro, etapa de desarrollo y sexo, según propuesta de atención",Afinidad,Total país,Centros SPE 24 horas|Primera Infancia|Varones,5.0,cantidad
Cuadro 2,"Cuadro 2. Cantidad de niños, niñas y adolescentes en Acogimiento Familiar por tipo de centro, etapa de desarrollo y sexo, según propuesta de atención",Afinidad,Total país,Centros SPE 24 horas|Infancia|Niñas,28.0,cantidad
Cuadro 2,"Cuadro 2. Cantidad de niños, niñas y adolescentes en Acogimiento Familiar por tipo de centro, etapa de desarrollo y sexo, según propuesta de atención",Afinidad,Total país,Centros SPE 24 horas|Infancia|Varones,21.0,cantidad
Cuadro 2,"Cuadro 2. Cantidad de niños, niñas y adolescentes en Acogimiento Familiar por tipo de centro, etapa de desarrollo y sexo, según propuesta de atención",Afinidad,Total país,Centros SPE 24 horas|Adolescencia|Niñas,19.0,cantidad
Cuadro 2,"Cuadro 2. Cantidad de niños, niñas y adolescentes en Acogimiento Familiar por tipo de centro, etapa de desarrollo y sexo, según propuesta de atención",Afinidad,Total país,Centros SPE 24 horas|Adolescencia|Varones,25.0,cantidad
Cuadro 2,"Cuadro 2. Cantidad de niños, niñas y adolescentes en Acogimiento Familiar por tipo de centro, etapa de desarrollo y sexo, según propuesta de atención",Afinidad,Total país,Centros SPE 24 horas|Juventud|Niñas,0.0,cantidad
Cuadro 2,"Cuadro 2. Cantidad de niños, niñas y adolescentes en Acogimiento Familiar por tipo de centro, etapa de desarrollo y sexo, según propuesta de atención",Afinidad,Total país,Centros SPE 24 horas|Juventud|Varones,3.0,cantidad
Cuadro 2,"Cuadro 2. Cantidad de niños, niñas y adolescentes en Acogimiento Familiar por tipo de centro, etapa de desarrollo y sexo, según propuesta de atención",Afinidad,Total país,Centros SPE 24 horas|Juventud y Adultez|Niñas,0.0,cantidad
Cuadro 2,"Cuadro 2. Cantidad de niños, niñas y adolescentes en Acogimiento Familiar por tipo de centro, etapa de desarrollo y sexo, según propuesta de atención",Afinidad,Total país,Centros SPE 24 horas|Juventud y Adultez|Varones,0.0,cantidad
Cuadro 2,"Cuadro 2. Cantidad de niños, niñas y adolescentes en Acogimiento Familiar por tipo de centro, etapa de desarrollo y sexo, según propuesta de atención",Afinidad,Total país,Centros SPE 24 horas|Total,103.0,cantidad
Cuadro 2,"Cuadro 2. Cantidad de niños, niñas y adolescentes en Acogimiento Familiar por tipo de centro, etapa de desarrollo y sexo, según propuesta de atención",Afinidad,Total país,Centros Atención Tiempo Parcial y Atención en la Comunidad|Primera Infancia|Mujeres,4.0,cantidad
Cuadro 2,"Cuadro 2. Cantidad de niños, niñas y adolescentes en Acogimiento Familiar por tipo de centro, etapa de desarrollo y sexo, según propuesta de atención",Afinidad,Total país,Centros Atención Tiempo Parcial y Atención en la Comunidad|Primera Infancia|Varones,9.0,cantidad
Cuadro 2,"Cuadro 2. Cantidad de niños, niñas y adolescentes en Acogimiento Familiar por tipo de centro, etapa de desarrollo y sexo, según propuesta de atención",Afinidad,Total país,Centros Atención Tiempo Parcial y Atención en la Comunidad|Infancia|Mujeres,50.0,cantidad
Cuadro 2,"Cuadro 2. Cantidad de niños, niñas y adolescentes en Acogimiento Familiar por tipo de centro, etapa de desarrollo y sexo, según propuesta de atención",Afinidad,Total país,Centros Atención Tiempo Parcial y Atención en la Comunidad|Infancia|Varones,41.0,cantidad
Cuadro 2,"Cuadro 2. Cantidad de niños, niñas y adolescentes en Acogimiento Familiar por tipo de centro, etapa de desarrollo y sexo, según propuesta de atención",Afinidad,Total país,Centros Atención Tiempo Parcial y Atención en la Comunidad|Adolescencia|Mujeres,36.0,cantidad
Cuadro 2,"Cuadro 2. Cantidad de niños, niñas y adolescentes en Acogimiento Familiar por tipo de centro, etapa de desarrollo y sexo, según propuesta de atención",Afinidad,Total país,Centros Atención Tiempo Parcial y Atención en la Comunidad|Adolescencia|Varones,42.0,cantidad
Cuadro 2,"Cuadro 2. Cantidad de niños, niñas y adolescentes en Acogimiento Familiar por tipo de centro, etapa de desarrollo y sexo, según propuesta de atención",Afinidad,Total país,Centros Atención Tiempo Parcial y Atención en la Comunidad|Juventud|Mujeres,6.0,cantidad
Cuadro 2,"Cuadro 2. Cantidad de niños, niñas y adolescentes en Acogimiento Familiar por tipo de centro, etapa de desarrollo y sexo, según propuesta de atención",Afinidad,Total país,Centros Atención Tiempo Parcial y Atención en la Comunidad|Juventud|Varones,1.0,cantidad
Cuadro 2,"Cuadro 2. Cantidad de niños, niñas y adolescentes en Acogimiento Familiar por tipo de centro, etapa de desarrollo y sexo, según propuesta de atención",Afinidad,Total país,Centros Atención Tiempo Parcial y Atención en la Comunidad|Juventud y Adultez|Mujeres,0.0,cantidad
Cuadro 2,"Cuadro 2. Cantidad de niños, niñas y adolescentes en Acogimiento Familiar por tipo de centro, etapa de desarrollo y sexo, según propuesta de atención",Afinidad,Total país,Centros Atención Tiempo Parcial y Atención en la Comunidad|Juventud y Adultez|Varones,1.0,cantidad
Cuadro 2,"Cuadro 2. Cantidad de niños, niñas y adolescentes en Acogimiento Familiar por tipo de centro, etapa de desarrollo y sexo, según propuesta de atención",Afinidad,Total país,Centros Atención Tiempo Parcial y Atención en la Comunidad|Total,190.0,cantidad
Cuadro 2,"Cuadro 2. Cantidad de niños, niñas y adolescentes en Acogimiento Familiar por tipo de centro, etapa de desarrollo y sexo, según propuesta de atención",Afinidad,Total país,Total general,293.0,cantidad
Cuadro 2,"Cuadro 2. Cantidad de niños, niñas y adolescentes en Acogimiento Familiar por tipo de centro, etapa de desarrollo y sexo, según propuesta de atención",Total general,Total país,Centros SPE 24 horas|Primera Infancia|Niñas,75.0,cantidad
Cuadro 2,"Cuadro 2. Cantidad de niños, niñas y adolescentes en Acogimiento Familiar por tipo de centro, etapa de desarrollo y sexo, según propuesta de atención",Total general,Total país,Centros SPE 24 horas|Primera Infancia|Varones,83.0,cantidad
Cuadro 2,"Cuadro 2. Cantidad de niños, niñas y adolescentes en Acogimiento Familiar por tipo de centro, etapa de desarrollo y sexo, según propuesta de atención",Total general,Total país,Centros SPE 24 horas|Infancia|Niñas,248.0,cantidad
Cuadro 2,"Cuadro 2. Cantidad de niños, niñas y adolescentes en Acogimiento Familiar por tipo de centro, etapa de desarrollo y sexo, según propuesta de atención",Total general,Total país,Centros SPE 24 horas|Infancia|Varones,209.0,cantidad
Cuadro 2,"Cuadro 2. Cantidad de niños, niñas y adolescentes en Acogimiento Familiar por tipo de centro, etapa de desarrollo y sexo, según propuesta de atención",Total general,Total país,Centros SPE 24 horas|Adolescencia|Niñas,164.0,cantidad
Cuadro 2,"Cuadro 2. Cantidad de niños, niñas y adolescentes en Acogimiento Familiar por tipo de centro, etapa de desarrollo y sexo, según propuesta de atención",Total general,Total país,Centros SPE 24 horas|Adolescencia|Varones,151.0,cantidad
Cuadro 2,"Cuadro 2. Cantidad de niños, niñas y adolescentes en Acogimiento Familiar por tipo de centro, etapa de desarrollo y sexo, según propuesta de atención",Total general,Total país,Centros SPE 24 horas|Juventud|Niñas,18.0,cantidad
Cuadro 2,"Cuadro 2. Cantidad de niños, niñas y adolescentes en Acogimiento Familiar por tipo de centro, etapa de desarrollo y sexo, según propuesta de atención",Total general,Total país,Centros SPE 24 horas|Juventud|Varones,14.0,cantidad
Cuadro 2,"Cuadro 2. Cantidad de niños, niñas y adolescentes en Acogimiento Familiar por tipo de centro, etapa de desarrollo y sexo, según propuesta de atención",Total general,Total país,Centros SPE 24 horas|Juventud y Adultez|Niñas,1.0,cantidad
Cuadro 2,"Cuadro 2. Cantidad de niños, niñas y adolescentes en Acogimiento Familiar por tipo de centro, etapa de desarrollo y sexo, según propuesta de atención",Total general,Total país,Centros SPE 24 horas|Juventud y Adultez|Varones,3.0,cantidad
Cuadro 2,"Cuadro 2. Cantidad de niños, niñas y adolescentes en Acogimiento Familiar por tipo de centro, etapa de desarrollo y sexo, según propuesta de atención",Total general,Total país,Centros SPE 24 horas|Total,966.0,cantidad
Cuadro 2,"Cuadro 2. Cantidad de niños, niñas y adolescentes en Acogimiento Familiar por tipo de centro, etapa de desarrollo y sexo, según propuesta de atención",Total general,Total país,Centros Atención Tiempo Parcial y Atención en la Comunidad|Primera Infancia|Mujeres,167.0,cantidad
Cuadro 2,"Cuadro 2. Cantidad de niños, niñas y adolescentes en Acogimiento Familiar por tipo de centro, etapa de desarrollo y sexo, según propuesta de atención",Total general,Total país,Centros Atención Tiempo Parcial y Atención en la Comunidad|Primera Infancia|Varones,160.0,cantidad
Cuadro 2,"Cuadro 2. Cantidad de niños, niñas y adolescentes en Acogimiento Familiar por tipo de centro, etapa de desarrollo y sexo, según propuesta de atención",Total general,Total país,Centros Atención Tiempo Parcial y Atención en la Comunidad|Infancia|Mujeres,591.0,cantidad
Cuadro 2,"Cuadro 2. Cantidad de niños, niñas y adolescentes en Acogimiento Familiar por tipo de centro, etapa de desarrollo y sexo, según propuesta de atención",Total general,Total país,Centros Atención Tiempo Parcial y Atención en la Comunidad|Infancia|Varones,577.0,cantidad
Cuadro 2,"Cuadro 2. Cantidad de niños, niñas y adolescentes en Acogimiento Familiar por tipo de centro, etapa de desarrollo y sexo, según propuesta de atención",Total general,Total país,Centros Atención Tiempo Parcial y Atención en la Comunidad|Adolescencia|Mujeres,356.0,cantidad
Cuadro 2,"Cuadro 2. Cantidad de niños, niñas y adolescentes en Acogimiento Familiar por tipo de centro, etapa de desarrollo y sexo, según propuesta de atención",Total general,Total país,Centros Atención Tiempo Parcial y Atención en la Comunidad|Adolescencia|Varones,350.0,cantidad
Cuadro 2,"Cuadro 2. Cantidad de niños, niñas y adolescentes en Acogimiento Familiar por tipo de centro, etapa de desarrollo y sexo, según propuesta de atención",Total general,Total país,Centros Atención Tiempo Parcial y Atención en la Comunidad|Juventud|Mujeres,50.0,cantidad
Cuadro 2,"Cuadro 2. Cantidad de niños, niñas y adolescentes en Acogimiento Familiar por tipo de centro, etapa de desarrollo y sexo, según propuesta de atención",Total general,Total país,Centros Atención Tiempo Parcial y Atención en la Comunidad|Juventud|Varones,28.0,cantidad
Cuadro 2,"Cuadro 2. Cantidad de niños, niñas y adolescentes en Acogimiento Familiar por tipo de centro, etapa de desarrollo y sexo, según propuesta de atención",Total general,Total país,Centros Atención Tiempo Parcial y Atención en la Comunidad|Juventud y Adultez|Mujeres,1.0,cantidad
Cuadro 2,"Cuadro 2. Cantidad de niños, niñas y adolescentes en Acogimiento Familiar por tipo de centro, etapa de desarrollo y sexo, según propuesta de atención",Total general,Total país,Centros Atención Tiempo Parcial y Atención en la Comunidad|Juventud y Adultez|Varones,4.0,cantidad
Cuadro 2,"Cuadro 2. Cantidad de niños, niñas y adolescentes en Acogimiento Familiar por tipo de centro, etapa de desarrollo y sexo, según propuesta de atención",Total general,Total país,Centros Atención Tiempo Parcial y Atención en la Comunidad|Total,2284.0,cantidad
Cuadro 2,"Cuadro 2. Cantidad de niños, niñas y adolescentes en Acogimiento Familiar por tipo de centro, etapa de desarrollo y sexo, según propuesta de atención",Total general,Total país,Total general,3250.0,cantidad
Cuadro 3,"Cuadro 3. Cantidad de niños, niñas y adolescentes en Acogimiento Familiar y cantidad de familias de Acogimiento Familiar por tipo de centro, según propuesta de atención",Familia Amiga y Alternativa Familiar,Total país,Centros SPE 24 horas|NNA,349.0,cantidad
Cuadro 3,"Cuadro 3. Cantidad de niños, niñas y adolescentes en Acogimiento Familiar y cantidad de familias de Acogimiento Familiar por tipo de centro, según propuesta de atención",Familia Amiga y Alternativa Familiar,Total país,Centros SPE 24 horas|Familias AF,140.0,cantidad
Cuadro 3,"Cuadro 3. Cantidad de niños, niñas y adolescentes en Acogimiento Familiar y cantidad de familias de Acogimiento Familiar por tipo de centro, según propuesta de atención",Familia Amiga y Alternativa Familiar,Total país,Centros Atención Tiempo Parcial y Atención en la Comunidad|NNA,0.0,cantidad
Cuadro 3,"Cuadro 3. Cantidad de niños, niñas y adolescentes en Acogimiento Familiar y cantidad de familias de Acogimiento Familiar por tipo de centro, según propuesta de atención",Familia Amiga y Alternativa Familiar,Total país,Centros Atención Tiempo Parcial y Atención en la Comunidad|Familias AF,0.0,cantidad
Cuadro 3,"Cuadro 3. Cantidad de niños, niñas y adolescentes en Acogimiento Familiar y cantidad de familias de Acogimiento Familiar por tipo de centro, según propuesta de atención",Familia Amiga y Alternativa Familiar,Total país,Totales|NNA,349.0,cantidad
Cuadro 3,"Cuadro 3. Cantidad de niños, niñas y adolescentes en Acogimiento Familiar y cantidad de familias de Acogimiento Familiar por tipo de centro, según propuesta de atención",Familia Amiga y Alternativa Familiar,Total país,Totales|Familias AF,140.0,cantidad
Cuadro 3,"Cuadro 3. Cantidad de niños, niñas y adolescentes en Acogimiento Familiar y cantidad de familias de Acogimiento Familiar por tipo de centro, según propuesta de atención",Amiga Parcial,Total país,Centros SPE 24 horas|NNA,1.0,cantidad
Cuadro 3,"Cuadro 3. Cantidad de niños, niñas y adolescentes en Acogimiento Familiar y cantidad de familias de Acogimiento Familiar por tipo de centro, según propuesta de atención",Amiga Parcial,Total país,Centros SPE 24 horas|Familias AF,1.0,cantidad
Cuadro 3,"Cuadro 3. Cantidad de niños, niñas y adolescentes en Acogimiento Familiar y cantidad de familias de Acogimiento Familiar por tipo de centro, según propuesta de atención",Amiga Parcial,Total país,Centros Atención Tiempo Parcial y Atención en la Comunidad|NNA,0.0,cantidad
Cuadro 3,"Cuadro 3. Cantidad de niños, niñas y adolescentes en Acogimiento Familiar y cantidad de familias de Acogimiento Familiar por tipo de centro, según propuesta de atención",Amiga Parcial,Total país,Centros Atención Tiempo Parcial y Atención en la Comunidad|Familias AF,0.0,cantidad
Cuadro 3,"Cuadro 3. Cantidad de niños, niñas y adolescentes en Acogimiento Familiar y cantidad de familias de Acogimiento Familiar por tipo de centro, según propuesta de atención",Amiga Parcial,Total país,Totales|NNA,1.0,cantidad
Cuadro 3,"Cuadro 3. Cantidad de niños, niñas y adolescentes en Acogimiento Familiar y cantidad de familias de Acogimiento Familiar por tipo de centro, según propuesta de atención",Amiga Parcial,Total país,Totales|Familias AF,1.0,cantidad
Cuadro 3,"Cuadro 3. Cantidad de niños, niñas y adolescentes en Acogimiento Familiar y cantidad de familias de Acogimiento Familiar por tipo de centro, según propuesta de atención",Amiga,Total país,Centros SPE 24 horas|NNA,278.0,cantidad
Cuadro 3,"Cuadro 3. Cantidad de niños, niñas y adolescentes en Acogimiento Familiar y cantidad de familias de Acogimiento Familiar por tipo de centro, según propuesta de atención",Amiga,Total país,Centros SPE 24 horas|Familias AF,106.0,cantidad
Cuadro 3,"Cuadro 3. Cantidad de niños, niñas y adolescentes en Acogimiento Familiar y cantidad de familias de Acogimiento Familiar por tipo de centro, según propuesta de atención",Amiga,Total país,Centros Atención Tiempo Parcial y Atención en la Comunidad|NNA,0.0,cantidad
Cuadro 3,"Cuadro 3. Cantidad de niños, niñas y adolescentes en Acogimiento Familiar y cantidad de familias de Acogimiento Familiar por tipo de centro, según propuesta de atención",Amiga,Total país,Centros Atención Tiempo Parcial y Atención en la Comunidad|Familias AF,0.0,cantidad
Cuadro 3,"Cuadro 3. Cantidad de niños, niñas y adolescentes en Acogimiento Familiar y cantidad de familias de Acogimiento Familiar por tipo de centro, según propuesta de atención",Amiga,Total país,Totales|NNA,278.0,cantidad
Cuadro 3,"Cuadro 3. Cantidad de niños, niñas y adolescentes en Acogimiento Familiar y cantidad de familias de Acogimiento Familiar por tipo de centro, según propuesta de atención",Amiga,Total país,Totales|Familias AF,106.0,cantidad
Cuadro 3,"Cuadro 3. Cantidad de niños, niñas y adolescentes en Acogimiento Familiar y cantidad de familias de Acogimiento Familiar por tipo de centro, según propuesta de atención",Amiga Urgencia,Total país,Centros SPE 24 horas|NNA,12.0,cantidad
Cuadro 3,"Cuadro 3. Cantidad de niños, niñas y adolescentes en Acogimiento Familiar y cantidad de familias de Acogimiento Familiar por tipo de centro, según propuesta de atención",Amiga Urgencia,Total país,Centros SPE 24 horas|Familias AF,4.0,cantidad
Cuadro 3,"Cuadro 3. Cantidad de niños, niñas y adolescentes en Acogimiento Familiar y cantidad de familias de Acogimiento Familiar por tipo de centro, según propuesta de atención",Amiga Urgencia,Total país,Centros Atención Tiempo Parcial y Atención en la Comunidad|NNA,0.0,cantidad
Cuadro 3,"Cuadro 3. Cantidad de niños, niñas y adolescentes en Acogimiento Familiar y cantidad de familias de Acogimiento Familiar por tipo de centro, según propuesta de atención",Amiga Urgencia,Total país,Centros Atención Tiempo Parcial y Atención en la Comunidad|Familias AF,0.0,cantidad
Cuadro 3,"Cuadro 3. Cantidad de niños, niñas y adolescentes en Acogimiento Familiar y cantidad de familias de Acogimiento Familiar por tipo de centro, según propuesta de atención",Amiga Urgencia,Total país,Totales|NNA,12.0,cantidad
Cuadro 3,"Cuadro 3. Cantidad de niños, niñas y adolescentes en Acogimiento Familiar y cantidad de familias de Acogimiento Familiar por tipo de centro, según propuesta de atención",Amiga Urgencia,Total país,Totales|Familias AF,4.0,cantidad
Cuadro 3,"Cuadro 3. Cantidad de niños, niñas y adolescentes en Acogimiento Familiar y cantidad de familias de Acogimiento Familiar por tipo de centro, según propuesta de atención",Cuidadoras 1a. Atención/ Hogares Alternativa Familiar,Total país,Centros SPE 24 horas|NNA,58.0,cantidad
Cuadro 3,"Cuadro 3. Cantidad de niños, niñas y adolescentes en Acogimiento Familiar y cantidad de familias de Acogimiento Familiar por tipo de centro, según propuesta de atención",Cuidadoras 1a. Atención/ Hogares Alternativa Familiar,Total país,Centros SPE 24 horas|Familias AF,29.0,cantidad
Cuadro 3,"Cuadro 3. Cantidad de niños, niñas y adolescentes en Acogimiento Familiar y cantidad de familias de Acogimiento Familiar por tipo de centro, según propuesta de atención",Cuidadoras 1a. Atención/ Hogares Alternativa Familiar,Total país,Centros Atención Tiempo Parcial y Atención en la Comunidad|NNA,0.0,cantidad
Cuadro 3,"Cuadro 3. Cantidad de niños, niñas y adolescentes en Acogimiento Familiar y cantidad de familias de Acogimiento Familiar por tipo de centro, según propuesta de atención",Cuidadoras 1a. Atención/ Hogares Alternativa Familiar,Total país,Centros Atención Tiempo Parcial y Atención en la Comunidad|Familias AF,0.0,cantidad
Cuadro 3,"Cuadro 3. Cantidad de niños, niñas y adolescentes en Acogimiento Familiar y cantidad de familias de Acogimiento Familiar por tipo de centro, según propuesta de atención",Cuidadoras 1a. Atención/ Hogares Alternativa Familiar,Total país,Totales|NNA,58.0,cantidad
Cuadro 3,"Cuadro 3. Cantidad de niños, niñas y adolescentes en Acogimiento Familiar y cantidad de familias de Acogimiento Familiar por tipo de centro, según propuesta de atención",Cuidadoras 1a. Atención/ Hogares Alternativa Familiar,Total país,Totales|Familias AF,29.0,cantidad
Cuadro 3,"Cuadro 3. Cantidad de niños, niñas y adolescentes en Acogimiento Familiar y cantidad de familias de Acogimiento Familiar por tipo de centro, según propuesta de atención",Familia Extensa,Total país,Centros SPE 24 horas|NNA,499.0,cantidad
Cuadro 3,"Cuadro 3. Cantidad de niños, niñas y adolescentes en Acogimiento Familiar y cantidad de familias de Acogimiento Familiar por tipo de centro, según propuesta de atención",Familia Extensa,Total país,Centros SPE 24 horas|Familias AF,302.0,cantidad
Cuadro 3,"Cuadro 3. Cantidad de niños, niñas y adolescentes en Acogimiento Familiar y cantidad de familias de Acogimiento Familiar por tipo de centro, según propuesta de atención",Familia Extensa,Total país,Centros Atención Tiempo Parcial y Atención en la Comunidad|NNA,2094.0,cantidad
Cuadro 3,"Cuadro 3. Cantidad de niños, niñas y adolescentes en Acogimiento Familiar y cantidad de familias de Acogimiento Familiar por tipo de centro, según propuesta de atención",Familia Extensa,Total país,Centros Atención Tiempo Parcial y Atención en la Comunidad|Familias AF,1177.0,cantidad
Cuadro 3,"Cuadro 3. Cantidad de niños, niñas y adolescentes en Acogimiento Familiar y cantidad de familias de Acogimiento Familiar por tipo de centro, según propuesta de atención",Familia Extensa,Total país,Totales|NNA,2593.0,cantidad
Cuadro 3,"Cuadro 3. Cantidad de niños, niñas y adolescentes en Acogimiento Familiar y cantidad de familias de Acogimiento Familiar por tipo de centro, según propuesta de atención",Familia Extensa,Total país,Totales|Familias AF,1479.0,cantidad
Cuadro 3,"Cuadro 3. Cantidad de niños, niñas y adolescentes en Acogimiento Familiar y cantidad de familias de Acogimiento Familiar por tipo de centro, según propuesta de atención",Extensa Parcial,Total país,Centros SPE 24 horas|NNA,15.0,cantidad
Cuadro 3,"Cuadro 3. Cantidad de niños, niñas y adolescentes en Acogimiento Familiar y cantidad de familias de Acogimiento Familiar por tipo de centro, según propuesta de atención",Extensa Parcial,Total país,Centros SPE 24 horas|Familias AF,8.0,cantidad
Cuadro 3,"Cuadro 3. Cantidad de niños, niñas y adolescentes en Acogimiento Familiar y cantidad de familias de Acogimiento Familiar por tipo de centro, según propuesta de atención",Extensa Parcial,Total país,Centros Atención Tiempo Parcial y Atención en la Comunidad|NNA,0.0,cantidad
Cuadro 3,"Cuadro 3. Cantidad de niños, niñas y adolescentes en Acogimiento Familiar y cantidad de familias de Acogimiento Familiar por tipo de centro, según propuesta de atención",Extensa Parcial,Total país,Centros Atención Tiempo Parcial y Atención en la Comunidad|Familias AF,0.0,cantidad
Cuadro 3,"Cuadro 3. Cantidad de niños, niñas y adolescentes en Acogimiento Familiar y cantidad de familias de Acogimiento Familiar por tipo de centro, según propuesta de atención",Extensa Parcial,Total país,Totales|NNA,15.0,cantidad
Cuadro 3,"Cuadro 3. Cantidad de niños, niñas y adolescentes en Acogimiento Familiar y cantidad de familias de Acogimiento Familiar por tipo de centro, según propuesta de atención",Extensa Parcial,Total país,Totales|Familias AF,8.0,cantidad
Cuadro 3,"Cuadro 3. Cantidad de niños, niñas y adolescentes en Acogimiento Familiar y cantidad de familias de Acogimiento Familiar por tipo de centro, según propuesta de atención",Extensa,Total país,Centros SPE 24 horas|NNA,484.0,cantidad
Cuadro 3,"Cuadro 3. Cantidad de niños, niñas y adolescentes en Acogimiento Familiar y cantidad de familias de Acogimiento Familiar por tipo de centro, según propuesta de atención",Extensa,Total país,Centros SPE 24 horas|Familias AF,294.0,cantidad
Cuadro 3,"Cuadro 3. Cantidad de niños, niñas y adolescentes en Acogimiento Familiar y cantidad de familias de Acogimiento Familiar por tipo de centro, según propuesta de atención",Extensa,Total país,Centros Atención Tiempo Parcial y Atención en la Comunidad|NNA,2094.0,cantidad
Cuadro 3,"Cuadro 3. Cantidad de niños, niñas y adolescentes en Acogimiento Familiar y cantidad de familias de Acogimiento Familiar por tipo de centro, según propuesta de atención",Extensa,Total país,Centros Atención Tiempo Parcial y Atención en la Comunidad|Familias AF,1177.0,cantidad
Cuadro 3,"Cuadro 3. Cantidad de niños, niñas y adolescentes en Acogimiento Familiar y cantidad de familias de Acogimiento Familiar por tipo de centro, según propuesta de atención",Extensa,Total país,Totales|NNA,2578.0,cantidad
Cuadro 3,"Cuadro 3. Cantidad de niños, niñas y adolescentes en Acogimiento Familiar y cantidad de familias de Acogimiento Familiar por tipo de centro, según propuesta de atención",Extensa,Total país,Totales|Familias AF,1471.0,cantidad
Cuadro 3,"Cuadro 3. Cantidad de niños, niñas y adolescentes en Acogimiento Familiar y cantidad de familias de Acogimiento Familiar por tipo de centro, según propuesta de atención",Familia Afinidad,Total país,Centros SPE 24 horas|NNA,118.0,cantidad
Cuadro 3,"Cuadro 3. Cantidad de niños, niñas y adolescentes en Acogimiento Familiar y cantidad de familias de Acogimiento Familiar por tipo de centro, según propuesta de atención",Familia Afinidad,Total país,Centros SPE 24 horas|Familias AF,80.0,cantidad
Cuadro 3,"Cuadro 3. Cantidad de niños, niñas y adolescentes en Acogimiento Familiar y cantidad de familias de Acogimiento Familiar por tipo de centro, según propuesta de atención",Familia Afinidad,Total país,Centros Atención Tiempo Parcial y Atención en la Comunidad|NNA,190.0,cantidad
Cuadro 3,"Cuadro 3. Cantidad de niños, niñas y adolescentes en Acogimiento Familiar y cantidad de familias de Acogimiento Familiar por tipo de centro, según propuesta de atención",Familia Afinidad,Total país,Centros Atención Tiempo Parcial y Atención en la Comunidad|Familias AF,131.0,cantidad
Cuadro 3,"Cuadro 3. Cantidad de niños, niñas y adolescentes en Acogimiento Familiar y cantidad de familias de Acogimiento Familiar por tipo de centro, según propuesta de atención",Familia Afinidad,Total país,Totales|NNA,308.0,cantidad
Cuadro 3,"Cuadro 3. Cantidad de niños, niñas y adolescentes en Acogimiento Familiar y cantidad de familias de Acogimiento Familiar por tipo de centro, según propuesta de atención",Familia Afinidad,Total país,Totales|Familias AF,211.0,cantidad
Cuadro 3,"Cuadro 3. Cantidad de niños, niñas y adolescentes en Acogimiento Familiar y cantidad de familias de Acogimiento Familiar por tipo de centro, según propuesta de atención",Afinidad Parcial,Total país,Centros SPE 24 horas|NNA,15.0,cantidad
Cuadro 3,"Cuadro 3. Cantidad de niños, niñas y adolescentes en Acogimiento Familiar y cantidad de familias de Acogimiento Familiar por tipo de centro, según propuesta de atención",Afinidad Parcial,Total país,Centros SPE 24 horas|Familias AF,7.0,cantidad
Cuadro 3,"Cuadro 3. Cantidad de niños, niñas y adolescentes en Acogimiento Familiar y cantidad de familias de Acogimiento Familiar por tipo de centro, según propuesta de atención",Afinidad Parcial,Total país,Centros Atención Tiempo Parcial y Atención en la Comunidad|NNA,0.0,cantidad
Cuadro 3,"Cuadro 3. Cantidad de niños, niñas y adolescentes en Acogimiento Familiar y cantidad de familias de Acogimiento Familiar por tipo de centro, según propuesta de atención",Afinidad Parcial,Total país,Centros Atención Tiempo Parcial y Atención en la Comunidad|Familias AF,0.0,cantidad
Cuadro 3,"Cuadro 3. Cantidad de niños, niñas y adolescentes en Acogimiento Familiar y cantidad de familias de Acogimiento Familiar por tipo de centro, según propuesta de atención",Afinidad Parcial,Total país,Totales|NNA,15.0,cantidad
Cuadro 3,"Cuadro 3. Cantidad de niños, niñas y adolescentes en Acogimiento Familiar y cantidad de familias de Acogimiento Familiar por tipo de centro, según propuesta de atención",Afinidad Parcial,Total país,Totales|Familias AF,7.0,cantidad
Cuadro 3,"Cuadro 3. Cantidad de niños, niñas y adolescentes en Acogimiento Familiar y cantidad de familias de Acogimiento Familiar por tipo de centro, según propuesta de atención",Afinidad,Total país,Centros SPE 24 horas|NNA,103.0,cantidad
Cuadro 3,"Cuadro 3. Cantidad de niños, niñas y adolescentes en Acogimiento Familiar y cantidad de familias de Acogimiento Familiar por tipo de centro, según propuesta de atención",Afinidad,Total país,Centros SPE 24 horas|Familias AF,73.0,cantidad
Cuadro 3,"Cuadro 3. Cantidad de niños, niñas y adolescentes en Acogimiento Familiar y cantidad de familias de Acogimiento Familiar por tipo de centro, según propuesta de atención",Afinidad,Total país,Centros Atención Tiempo Parcial y Atención en la Comunidad|NNA,190.0,cantidad
Cuadro 3,"Cuadro 3. Cantidad de niños, niñas y adolescentes en Acogimiento Familiar y cantidad de familias de Acogimiento Familiar por tipo de centro, según propuesta de atención",Afinidad,Total país,Centros Atención Tiempo Parcial y Atención en la Comunidad|Familias AF,131.0,cantidad
Cuadro 3,"Cuadro 3. Cantidad de niños, niñas y adolescentes en Acogimiento Familiar y cantidad de familias de Acogimiento Familiar por tipo de centro, según propuesta de atención",Afinidad,Total país,Totales|NNA,293.0,cantidad
Cuadro 3,"Cuadro 3. Cantidad de niños, niñas y adolescentes en Acogimiento Familiar y cantidad de familias de Acogimiento Familiar por tipo de centro, según propuesta de atención",Afinidad,Total país,Totales|Familias AF,204.0,cantidad
Cuadro 3,"Cuadro 3. Cantidad de niños, niñas y adolescentes en Acogimiento Familiar y cantidad de familias de Acogimiento Familiar por tipo de centro, según propuesta de atención",Total general,Total país,Centros SPE 24 horas|NNA,966.0,cantidad
Cuadro 3,"Cuadro 3. Cantidad de niños, niñas y adolescentes en Acogimiento Familiar y cantidad de familias de Acogimiento Familiar por tipo de centro, según propuesta de atención",Total general,Total país,Centros SPE 24 horas|Familias AF,522.0,cantidad
Cuadro 3,"Cuadro 3. Cantidad de niños, niñas y adolescentes en Acogimiento Familiar y cantidad de familias de Acogimiento Familiar por tipo de centro, según propuesta de atención",Total general,Total país,Centros Atención Tiempo Parcial y Atención en la Comunidad|NNA,2284.0,cantidad
Cuadro 3,"Cuadro 3. Cantidad de niños, niñas y adolescentes en Acogimiento Familiar y cantidad de familias de Acogimiento Familiar por tipo de centro, según propuesta de atención",Total general,Total país,Centros Atención Tiempo Parcial y Atención en la Comunidad|Familias AF,1308.0,cantidad
Cuadro 3,"Cuadro 3. Cantidad de niños, niñas y adolescentes en Acogimiento Familiar y cantidad de familias de Acogimiento Familiar por tipo de centro, según propuesta de atención",Total general,Total país,Totales|NNA,3250.0,cantidad
Cuadro 3,"Cuadro 3. Cantidad de niños, niñas y adolescentes en Acogimiento Familiar y cantidad de familias de Acogimiento Familiar por tipo de centro, según propuesta de atención",Total general,Total país,Totales|Familias AF,1830.0,cantidad
Cuadro 4,"Cuadro 4. Cantidad de niños, niñas y adolescentes en Acogimiento Familiar por Departamento y tipo de centro, según propuesta de atención.",Familia Amiga y Alternativa Familiar,Artigas,Centros SPE 24 horas,36.0,cantidad
Cuadro 4,"Cuadro 4. Cantidad de niños, niñas y adolescentes en Acogimiento Familiar por Departamento y tipo de centro, según propuesta de atención.",Familia Amiga y Alternativa Familiar,Artigas,Centros Atención Tiempo Parcial y Atención en la Comunidad,0.0,cantidad
Cuadro 4,"Cuadro 4. Cantidad de niños, niñas y adolescentes en Acogimiento Familiar por Departamento y tipo de centro, según propuesta de atención.",Familia Amiga y Alternativa Familiar,Artigas,Total depto,36.0,cantidad
Cuadro 4,"Cuadro 4. Cantidad de niños, niñas y adolescentes en Acogimiento Familiar por Departamento y tipo de centro, según propuesta de atención.",Familia Amiga y Alternativa Familiar,Canelones,Centros SPE 24 horas,20.0,cantidad
Cuadro 4,"Cuadro 4. Cantidad de niños, niñas y adolescentes en Acogimiento Familiar por Departamento y tipo de centro, según propuesta de atención.",Familia Amiga y Alternativa Familiar,Canelones,Centros Atención Tiempo Parcial y Atención en la Comunidad,0.0,cantidad
Cuadro 4,"Cuadro 4. Cantidad de niños, niñas y adolescentes en Acogimiento Familiar por Departamento y tipo de centro, según propuesta de atención.",Familia Amiga y Alternativa Familiar,Canelones,Total depto,20.0,cantidad
Cuadro 4,"Cuadro 4. Cantidad de niños, niñas y adolescentes en Acogimiento Familiar por Departamento y tipo de centro, según propuesta de atención.",Familia Amiga y Alternativa Familiar,Cerro Largo,Centros SPE 24 horas,76.0,cantidad
Cuadro 4,"Cuadro 4. Cantidad de niños, niñas y adolescentes en Acogimiento Familiar por Departamento y tipo de centro, según propuesta de atención.",Familia Amiga y Alternativa Familiar,Total país,Centros Atención Tiempo Parcial y Atención en la Comunidad,0.0,cantidad
Cuadro 4,"Cuadro 4. Cantidad de niños, niñas y adolescentes en Acogimiento Familiar por Departamento y tipo de centro, según propuesta de atención.",Familia Amiga y Alternativa Familiar,Cerro Largo,Total depto,76.0,cantidad
Cuadro 4,"Cuadro 4. Cantidad de niños, niñas y adolescentes en Acogimiento Familiar por Departamento y tipo de centro, según propuesta de atención.",Familia Amiga y Alternativa Familiar,Colonia,Centros SPE 24 horas,2.0,cantidad
Cuadro 4,"Cuadro 4. Cantidad de niños, niñas y adolescentes en Acogimiento Familiar por Departamento y tipo de centro, según propuesta de atención.",Familia Amiga y Alternativa Familiar,Colonia,Centros Atención Tiempo Parcial y Atención en la Comunidad,0.0,cantidad
Cuadro 4,"Cuadro 4. Cantidad de niños, niñas y adolescentes en Acogimiento Familiar por Departamento y tipo de centro, según propuesta de atención.",Familia Amiga y Alternativa Familiar,Colonia,Total depto,2.0,cantidad
Cuadro 4,"Cuadro 4. Cantidad de niños, niñas y adolescentes en Acogimiento Familiar por Departamento y tipo de centro, según propuesta de atención.",Familia Amiga y Alternativa Familiar,Durazno,Centros SPE 24 horas,38.0,cantidad
Cuadro 4,"Cuadro 4. Cantidad de niños, niñas y adolescentes en Acogimiento Familiar por Departamento y tipo de centro, según propuesta de atención.",Familia Amiga y Alternativa Familiar,Durazno,Centros Atención Tiempo Parcial y Atención en la Comunidad,0.0,cantidad
Cuadro 4,"Cuadro 4. Cantidad de niños, niñas y adolescentes en Acogimiento Familiar por Departamento y tipo de centro, según propuesta de atención.",Familia Amiga y Alternativa Familiar,Durazno,Total depto,38.0,cantidad
Cuadro 4,"Cuadro 4. Cantidad de niños, niñas y adolescentes en Acogimiento Familiar por Departamento y tipo de centro, según propuesta de atención.",Familia Amiga y Alternativa Familiar,Flores,Centros SPE 24 horas,29.0,cantidad
Cuadro 4,"Cuadro 4. Cantidad de niños, niñas y adolescentes en Acogimiento Familiar por Departamento y tipo de centro, según propuesta de atención.",Familia Amiga y Alternativa Familiar,Flores,Centros Atención Tiempo Parcial y Atención en la Comunidad,0.0,cantidad
Cuadro 4,"Cuadro 4. Cantidad de niños, niñas y adolescentes en Acogimiento Familiar por Departamento y tipo de centro, según propuesta de atención.",Familia Amiga y Alternativa Familiar,Flores,Total depto,29.0,cantidad
Cuadro 4,"Cuadro 4. Cantidad de niños, niñas y adolescentes en Acogimiento Familiar por Departamento y tipo de centro, según propuesta de atención.",Familia Amiga y Alternativa Familiar,Florida,Centros SPE 24 horas,4.0,cantidad
Cuadro 4,"Cuadro 4. Cantidad de niños, niñas y adolescentes en Acogimiento Familiar por Departamento y tipo de centro, según propuesta de atención.",Familia Amiga y Alternativa Familiar,Florida,Centros Atención Tiempo Parcial y Atención en la Comunidad,0.0,cantidad
Cuadro 4,"Cuadro 4. Cantidad de niños, niñas y adolescentes en Acogimiento Familiar por Departamento y tipo de centro, según propuesta de atención.",Familia Amiga y Alternativa Familiar,Florida,Total depto,4.0,cantidad
Cuadro 4,"Cuadro 4. Cantidad de niños, niñas y adolescentes en Acogimiento Familiar por Departamento y tipo de centro, según propuesta de atención.",Familia Amiga y Alternativa Familiar,Lavalleja,Centros SPE 24 horas,0.0,cantidad
Cuadro 4,"Cuadro 4. Cantidad de niños, niñas y adolescentes en Acogimiento Familiar por Departamento y tipo de centro, según propuesta de atención.",Familia Amiga y Alternativa Familiar,Lavalleja,Centros Atención Tiempo Parcial y Atención en la Comunidad,0.0,cantidad
Cuadro 4,"Cuadro 4. Cantidad de niños, niñas y adolescentes en Acogimiento Familiar por Departamento y tipo de centro, según propuesta de atención.",Familia Amiga y Alternativa Familiar,Lavalleja,Total depto,0.0,cantidad
Cuadro 4,"Cuadro 4. Cantidad de niños, niñas y adolescentes en Acogimiento Familiar por Departamento y tipo de centro, según propuesta de atención.",Familia Amiga y Alternativa Familiar,Maldonado,Centros SPE 24 horas,8.0,cantidad
Cuadro 4,"Cuadro 4. Cantidad de niños, niñas y adolescentes en Acogimiento Familiar por Departamento y tipo de centro, según propuesta de atención.",Familia Amiga y Alternativa Familiar,Maldonado,Centros Atención Tiempo Parcial y Atención en la Comunidad,0.0,cantidad
Cuadro 4,"Cuadro 4. Cantidad de niños, niñas y adolescentes en Acogimiento Familiar por Departamento y tipo de centro, según propuesta de atención.",Familia Amiga y Alternativa Familiar,Maldonado,Total depto,8.0,cantidad
Cuadro 4,"Cuadro 4. Cantidad de niños, niñas y adolescentes en Acogimiento Familiar por Departamento y tipo de centro, según propuesta de atención.",Familia Amiga y Alternativa Familiar,Montevideo,Centros SPE 24 horas,48.0,cantidad
Cuadro 4,"Cuadro 4. Cantidad de niños, niñas y adolescentes en Acogimiento Familiar por Departamento y tipo de centro, según propuesta de atención.",Familia Amiga y Alternativa Familiar,Montevideo,Centros Atención Tiempo Parcial y Atención en la Comunidad,0.0,cantidad
Cuadro 4,"Cuadro 4. Cantidad de niños, niñas y adolescentes en Acogimiento Familiar por Departamento y tipo de centro, según propuesta de atención.",Familia Amiga y Alternativa Familiar,Montevideo,Total depto,48.0,cantidad
Cuadro 4,"Cuadro 4. Cantidad de niños, niñas y adolescentes en Acogimiento Familiar por Departamento y tipo de centro, según propuesta de atención.",Familia Amiga y Alternativa Familiar,Paysandú,Centros SPE 24 horas,1.0,cantidad
Cuadro 4,"Cuadro 4. Cantidad de niños, niñas y adolescentes en Acogimiento Familiar por Departamento y tipo de centro, según propuesta de atención.",Familia Amiga y Alternativa Familiar,Paysandú,Centros Atención Tiempo Parcial y Atención en la Comunidad,0.0,cantidad
Cuadro 4,"Cuadro 4. Cantidad de niños, niñas y adolescentes en Acogimiento Familiar por Departamento y tipo de centro, según propuesta de atención.",Familia Amiga y Alternativa Familiar,Paysandú,Total depto,1.0,cantidad
Cuadro 4,"Cuadro 4. Cantidad de niños, niñas y adolescentes en Acogimiento Familiar por Departamento y tipo de centro, según propuesta de atención.",Familia Amiga y Alternativa Familiar,Río Negro,Centros SPE 24 horas,15.0,cantidad
Cuadro 4,"Cuadro 4. Cantidad de niños, niñas y adolescentes en Acogimiento Familiar por Departamento y tipo de centro, según propuesta de atención.",Familia Amiga y Alternativa Familiar,Río Negro,Centros Atención Tiempo Parcial y Atención en la Comunidad,0.0,cantidad
Cuadro 4,"Cuadro 4. Cantidad de niños, niñas y adolescentes en Acogimiento Familiar por Departamento y tipo de centro, según propuesta de atención.",Familia Amiga y Alternativa Familiar,Río Negro,Total depto,15.0,cantidad
Cuadro 4,"Cuadro 4. Cantidad de niños, niñas y adolescentes en Acogimiento Familiar por Departamento y tipo de centro, según propuesta de atención.",Familia Amiga y Alternativa Familiar,Rivera,Centros SPE 24 horas,15.0,cantidad
Cuadro 4,"Cuadro 4. Cantidad de niños, niñas y adolescentes en Acogimiento Familiar por Departamento y tipo de centro, según propuesta de atención.",Familia Amiga y Alternativa Familiar,Rivera,Centros Atención Tiempo Parcial y Atención en la Comunidad,0.0,cantidad
Cuadro 4,"Cuadro 4. Cantidad de niños, niñas y adolescentes en Acogimiento Familiar por Departamento y tipo de centro, según propuesta de atención.",Familia Amiga y Alternativa Familiar,Rivera,Total depto,15.0,cantidad
Cuadro 4,"Cuadro 4. Cantidad de niños, niñas y adolescentes en Acogimiento Familiar por Departamento y tipo de centro, según propuesta de atención.",Familia Amiga y Alternativa Familiar,Rocha,Centros SPE 24 horas,1.0,cantidad
Cuadro 4,"Cuadro 4. Cantidad de niños, niñas y adolescentes en Acogimiento Familiar por Departamento y tipo de centro, según propuesta de atención.",Familia Amiga y Alternativa Familiar,Rocha,Centros Atención Tiempo Parcial y Atención en la Comunidad,0.0,cantidad
Cuadro 4,"Cuadro 4. Cantidad de niños, niñas y adolescentes en Acogimiento Familiar por Departamento y tipo de centro, según propuesta de atención.",Familia Amiga y Alternativa Familiar,Rocha,Total depto,1.0,cantidad
Cuadro 4,"Cuadro 4. Cantidad de niños, niñas y adolescentes en Acogimiento Familiar por Departamento y tipo de centro, según propuesta de atención.",Familia Amiga y Alternativa Familiar,Salto,Centros SPE 24 horas,11.0,cantidad
Cuadro 4,"Cuadro 4. Cantidad de niños, niñas y adolescentes en Acogimiento Familiar por Departamento y tipo de centro, según propuesta de atención.",Familia Amiga y Alternativa Familiar,Salto,Centros Atención Tiempo Parcial y Atención en la Comunidad,0.0,cantidad
Cuadro 4,"Cuadro 4. Cantidad de niños, niñas y adolescentes en Acogimiento Familiar por Departamento y tipo de centro, según propuesta de atención.",Familia Amiga y Alternativa Familiar,Salto,Total depto,11.0,cantidad
Cuadro 4,"Cuadro 4. Cantidad de niños, niñas y adolescentes en Acogimiento Familiar por Departamento y tipo de centro, según propuesta de atención.",Familia Amiga y Alternativa Familiar,San José,Centros SPE 24 horas,29.0,cantidad
Cuadro 4,"Cuadro 4. Cantidad de niños, niñas y adolescentes en Acogimiento Familiar por Departamento y tipo de centro, según propuesta de atención.",Familia Amiga y Alternativa Familiar,San José,Centros Atención Tiempo Parcial y Atención en la Comunidad,0.0,cantidad
Cuadro 4,"Cuadro 4. Cantidad de niños, niñas y adolescentes en Acogimiento Familiar por Departamento y tipo de centro, según propuesta de atención.",Familia Amiga y Alternativa Familiar,San José,Total depto,29.0,cantidad
Cuadro 4,"Cuadro 4. Cantidad de niños, niñas y adolescentes en Acogimiento Familiar por Departamento y tipo de centro, según propuesta de atención.",Familia Amiga y Alternativa Familiar,Soriano,Centros SPE 24 horas,3.0,cantidad
Cuadro 4,"Cuadro 4. Cantidad de niños, niñas y adolescentes en Acogimiento Familiar por Departamento y tipo de centro, según propuesta de atención.",Familia Amiga y Alternativa Familiar,Soriano,Centros Atención Tiempo Parcial y Atención en la Comunidad,0.0,cantidad
Cuadro 4,"Cuadro 4. Cantidad de niños, niñas y adolescentes en Acogimiento Familiar por Departamento y tipo de centro, según propuesta de atención.",Familia Amiga y Alternativa Familiar,Soriano,Total depto,3.0,cantidad
Cuadro 4,"Cuadro 4. Cantidad de niños, niñas y adolescentes en Acogimiento Familiar por Departamento y tipo de centro, según propuesta de atención.",Familia Amiga y Alternativa Familiar,Tacuarembó,Centros SPE 24 horas,13.0,cantidad
Cuadro 4,"Cuadro 4. Cantidad de niños, niñas y adolescentes en Acogimiento Familiar por Departamento y tipo de centro, según propuesta de atención.",Familia Amiga y Alternativa Familiar,Tacuarembó,Centros Atención Tiempo Parcial y Atención en la Comunidad,0.0,cantidad
Cuadro 4,"Cuadro 4. Cantidad de niños, niñas y adolescentes en Acogimiento Familiar por Departamento y tipo de centro, según propuesta de atención.",Familia Amiga y Alternativa Familiar,Tacuarembó,Total depto,13.0,cantidad
Cuadro 4,"Cuadro 4. Cantidad de niños, niñas y adolescentes en Acogimiento Familiar por Departamento y tipo de centro, según propuesta de atención.",Familia Amiga y Alternativa Familiar,Treinta y Tres,Centros SPE 24 horas,0.0,cantidad
Cuadro 4,"Cuadro 4. Cantidad de niños, niñas y adolescentes en Acogimiento Familiar por Departamento y tipo de centro, según propuesta de atención.",Familia Amiga y Alternativa Familiar,Treinta y Tres,Centros Atención Tiempo Parcial y Atención en la Comunidad,0.0,cantidad
Cuadro 4,"Cuadro 4. Cantidad de niños, niñas y adolescentes en Acogimiento Familiar por Departamento y tipo de centro, según propuesta de atención.",Familia Amiga y Alternativa Familiar,Treinta y Tres,Total depto,0.0,cantidad
Cuadro 4,"Cuadro 4. Cantidad de niños, niñas y adolescentes en Acogimiento Familiar por Departamento y tipo de centro, según propuesta de atención.",Familia Amiga y Alternativa Familiar,Total país,Total general,349.0,cantidad
Cuadro 4,"Cuadro 4. Cantidad de niños, niñas y adolescentes en Acogimiento Familiar por Departamento y tipo de centro, según propuesta de atención.",Amiga Parcial,Artigas,Centros SPE 24 horas,0.0,cantidad
Cuadro 4,"Cuadro 4. Cantidad de niños, niñas y adolescentes en Acogimiento Familiar por Departamento y tipo de centro, según propuesta de atención.",Amiga Parcial,Artigas,Centros Atención Tiempo Parcial y Atención en la Comunidad,0.0,cantidad
Cuadro 4,"Cuadro 4. Cantidad de niños, niñas y adolescentes en Acogimiento Familiar por Departamento y tipo de centro, según propuesta de atención.",Amiga Parcial,Artigas,Total depto,0.0,cantidad
Cuadro 4,"Cuadro 4. Cantidad de niños, niñas y adolescentes en Acogimiento Familiar por Departamento y tipo de centro, según propuesta de atención.",Amiga Parcial,Canelones,Centros SPE 24 horas,0.0,cantidad
Cuadro 4,"Cuadro 4. Cantidad de niños, niñas y adolescentes en Acogimiento Familiar por Departamento y tipo de centro, según propuesta de atención.",Amiga Parcial,Canelones,Centros Atención Tiempo Parcial y Atención en la Comunidad,0.0,cantidad
Cuadro 4,"Cuadro 4. Cantidad de niños, niñas y adolescentes en Acogimiento Familiar por Departamento y tipo de centro, según propuesta de atención.",Amiga Parcial,Canelones,Total depto,0.0,cantidad
Cuadro 4,"Cuadro 4. Cantidad de niños, niñas y adolescentes en Acogimiento Familiar por Departamento y tipo de centro, según propuesta de atención.",Amiga Parcial,Cerro Largo,Centros SPE 24 horas,0.0,cantidad
Cuadro 4,"Cuadro 4. Cantidad de niños, niñas y adolescentes en Acogimiento Familiar por Departamento y tipo de centro, según propuesta de atención.",Amiga Parcial,Total país,Centros Atención Tiempo Parcial y Atención en la Comunidad,0.0,cantidad
Cuadro 4,"Cuadro 4. Cantidad de niños, niñas y adolescentes en Acogimiento Familiar por Departamento y tipo de centro, según propuesta de atención.",Amiga Parcial,Cerro Largo,Total depto,0.0,cantidad
Cuadro 4,"Cuadro 4. Cantidad de niños, niñas y adolescentes en Acogimiento Familiar por Departamento y tipo de centro, según propuesta de atención.",Amiga Parcial,Colonia,Centros SPE 24 horas,0.0,cantidad
Cuadro 4,"Cuadro 4. Cantidad de niños, niñas y adolescentes en Acogimiento Familiar por Departamento y tipo de centro, según propuesta de atención.",Amiga Parcial,Colonia,Centros Atención Tiempo Parcial y Atención en la Comunidad,0.0,cantidad
Cuadro 4,"Cuadro 4. Cantidad de niños, niñas y adolescentes en Acogimiento Familiar por Departamento y tipo de centro, según propuesta de atención.",Amiga Parcial,Colonia,Total depto,0.0,cantidad
Cuadro 4,"Cuadro 4. Cantidad de niños, niñas y adolescentes en Acogimiento Familiar por Departamento y tipo de centro, según propuesta de atención.",Amiga Parcial,Durazno,Centros SPE 24 horas,0.0,cantidad
Cuadro 4,"Cuadro 4. Cantidad de niños, niñas y adolescentes en Acogimiento Familiar por Departamento y tipo de centro, según propuesta de atención.",Amiga Parcial,Durazno,Centros Atención Tiempo Parcial y Atención en la Comunidad,0.0,cantidad
Cuadro 4,"Cuadro 4. Cantidad de niños, niñas y adolescentes en Acogimiento Familiar por Departamento y tipo de centro, según propuesta de atención.",Amiga Parcial,Durazno,Total depto,0.0,cantidad
Cuadro 4,"Cuadro 4. Cantidad de niños, niñas y adolescentes en Acogimiento Familiar por Departamento y tipo de centro, según propuesta de atención.",Amiga Parcial,Flores,Centros SPE 24 horas,0.0,cantidad
Cuadro 4,"Cuadro 4. Cantidad de niños, niñas y adolescentes en Acogimiento Familiar por Departamento y tipo de centro, según propuesta de atención.",Amiga Parcial,Flores,Centros Atención Tiempo Parcial y Atención en la Comunidad,0.0,cantidad
Cuadro 4,"Cuadro 4. Cantidad de niños, niñas y adolescentes en Acogimiento Familiar por Departamento y tipo de centro, según propuesta de atención.",Amiga Parcial,Flores,Total depto,0.0,cantidad
Cuadro 4,"Cuadro 4. Cantidad de niños, niñas y adolescentes en Acogimiento Familiar por Departamento y tipo de centro, según propuesta de atención.",Amiga Parcial,Florida,Centros SPE 24 horas,0.0,cantidad
Cuadro 4,"Cuadro 4. Cantidad de niños, niñas y adolescentes en Acogimiento Familiar por Departamento y tipo de centro, según propuesta de atención.",Amiga Parcial,Florida,Centros Atención Tiempo Parcial y Atención en la Comunidad,0.0,cantidad
Cuadro 4,"Cuadro 4. Cantidad de niños, niñas y adolescentes en Acogimiento Familiar por Departamento y tipo de centro, según propuesta de atención.",Amiga Parcial,Florida,Total depto,0.0,cantidad
Cuadro 4,"Cuadro 4. Cantidad de niños, niñas y adolescentes en Acogimiento Familiar por Departamento y tipo de centro, según propuesta de atención.",Amiga Parcial,Lavalleja,Centros SPE 24 horas,0.0,cantidad
Cuadro 4,"Cuadro 4. Cantidad de niños, niñas y adolescentes en Acogimiento Familiar por Departamento y tipo de centro, según propuesta de atención.",Amiga Parcial,Lavalleja,Centros Atención Tiempo Parcial y Atención en la Comunidad,0.0,cantidad
Cuadro 4,"Cuadro 4. Cantidad de niños, niñas y adolescentes en Acogimiento Familiar por Departamento y tipo de centro, según propuesta de atención.",Amiga Parcial,Lavalleja,Total depto,0.0,cantidad
Cuadro 4,"Cuadro 4. Cantidad de niños, niñas y adolescentes en Acogimiento Familiar por Departamento y tipo de centro, según propuesta de atención.",Amiga Parcial,Maldonado,Centros SPE 24 horas,0.0,cantidad
Cuadro 4,"Cuadro 4. Cantidad de niños, niñas y adolescentes en Acogimiento Familiar por Departamento y tipo de centro, según propuesta de atención.",Amiga Parcial,Maldonado,Centros Atención Tiempo Parcial y Atención en la Comunidad,0.0,cantidad
Cuadro 4,"Cuadro 4. Cantidad de niños, niñas y adolescentes en Acogimiento Familiar por Departamento y tipo de centro, según propuesta de atención.",Amiga Parcial,Maldonado,Total depto,0.0,cantidad
Cuadro 4,"Cuadro 4. Cantidad de niños, niñas y adolescentes en Acogimiento Familiar por Departamento y tipo de centro, según propuesta de atención.",Amiga Parcial,Montevideo,Centros SPE 24 horas,0.0,cantidad
Cuadro 4,"Cuadro 4. Cantidad de niños, niñas y adolescentes en Acogimiento Familiar por Departamento y tipo de centro, según propuesta de atención.",Amiga Parcial,Montevideo,Centros Atención Tiempo Parcial y Atención en la Comunidad,0.0,cantidad
Cuadro 4,"Cuadro 4. Cantidad de niños, niñas y adolescentes en Acogimiento Familiar por Departamento y tipo de centro, según propuesta de atención.",Amiga Parcial,Montevideo,Total depto,0.0,cantidad
Cuadro 4,"Cuadro 4. Cantidad de niños, niñas y adolescentes en Acogimiento Familiar por Departamento y tipo de centro, según propuesta de atención.",Amiga Parcial,Paysandú,Centros SPE 24 horas,0.0,cantidad
Cuadro 4,"Cuadro 4. Cantidad de niños, niñas y adolescentes en Acogimiento Familiar por Departamento y tipo de centro, según propuesta de atención.",Amiga Parcial,Paysandú,Centros Atención Tiempo Parcial y Atención en la Comunidad,0.0,cantidad
Cuadro 4,"Cuadro 4. Cantidad de niños, niñas y adolescentes en Acogimiento Familiar por Departamento y tipo de centro, según propuesta de atención.",Amiga Parcial,Paysandú,Total depto,0.0,cantidad
Cuadro 4,"Cuadro 4. Cantidad de niños, niñas y adolescentes en Acogimiento Familiar por Departamento y tipo de centro, según propuesta de atención.",Amiga Parcial,Río Negro,Centros SPE 24 horas,0.0,cantidad
Cuadro 4,"Cuadro 4. Cantidad de niños, niñas y adolescentes en Acogimiento Familiar por Departamento y tipo de centro, según propuesta de atención.",Amiga Parcial,Río Negro,Centros Atención Tiempo Parcial y Atención en la Comunidad,0.0,cantidad
Cuadro 4,"Cuadro 4. Cantidad de niños, niñas y adolescentes en Acogimiento Familiar por Departamento y tipo de centro, según propuesta de atención.",Amiga Parcial,Río Negro,Total depto,0.0,cantidad
Cuadro 4,"Cuadro 4. Cantidad de niños, niñas y adolescentes en Acogimiento Familiar por Departamento y tipo de centro, según propuesta de atención.",Amiga Parcial,Rivera,Centros SPE 24 horas,0.0,cantidad
Cuadro 4,"Cuadro 4. Cantidad de niños, niñas y adolescentes en Acogimiento Familiar por Departamento y tipo de centro, según propuesta de atención.",Amiga Parcial,Rivera,Centros Atención Tiempo Parcial y Atención en la Comunidad,0.0,cantidad
Cuadro 4,"Cuadro 4. Cantidad de niños, niñas y adolescentes en Acogimiento Familiar por Departamento y tipo de centro, según propuesta de atención.",Amiga Parcial,Rivera,Total depto,0.0,cantidad
Cuadro 4,"Cuadro 4. Cantidad de niños, niñas y adolescentes en Acogimiento Familiar por Departamento y tipo de centro, según propuesta de atención.",Amiga Parcial,Rocha,Centros SPE 24 horas,0.0,cantidad
Cuadro 4,"Cuadro 4. Cantidad de niños, niñas y adolescentes en Acogimiento Familiar por Departamento y tipo de centro, según propuesta de atención.",Amiga Parcial,Rocha,Centros Atención Tiempo Parcial y Atención en la Comunidad,0.0,cantidad
Cuadro 4,"Cuadro 4. Cantidad de niños, niñas y adolescentes en Acogimiento Familiar por Departamento y tipo de centro, según propuesta de atención.",Amiga Parcial,Rocha,Total depto,0.0,cantidad
Cuadro 4,"Cuadro 4. Cantidad de niños, niñas y adolescentes en Acogimiento Familiar por Departamento y tipo de centro, según propuesta de atención.",Amiga Parcial,Salto,Centros SPE 24 horas,0.0,cantidad
Cuadro 4,"Cuadro 4. Cantidad de niños, niñas y adolescentes en Acogimiento Familiar por Departamento y tipo de centro, según propuesta de atención.",Amiga Parcial,Salto,Centros Atención Tiempo Parcial y Atención en la Comunidad,0.0,cantidad
Cuadro 4,"Cuadro 4. Cantidad de niños, niñas y adolescentes en Acogimiento Familiar por Departamento y tipo de centro, según propuesta de atención.",Amiga Parcial,Salto,Total depto,0.0,cantidad
Cuadro 4,"Cuadro 4. Cantidad de niños, niñas y adolescentes en Acogimiento Familiar por Departamento y tipo de centro, según propuesta de atención.",Amiga Parcial,San José,Centros SPE 24 horas,0.0,cantidad
Cuadro 4,"Cuadro 4. Cantidad de niños, niñas y adolescentes en Acogimiento Familiar por Departamento y tipo de centro, según propuesta de atención.",Amiga Parcial,San José,Centros Atención Tiempo Parcial y Atención en la Comunidad,0.0,cantidad
Cuadro 4,"Cuadro 4. Cantidad de niños, niñas y adolescentes en Acogimiento Familiar por Departamento y tipo de centro, según propuesta de atención.",Amiga Parcial,San José,Total depto,0.0,cantidad
Cuadro 4,"Cuadro 4. Cantidad de niños, niñas y adolescentes en Acogimiento Familiar por Departamento y tipo de centro, según propuesta de atención.",Amiga Parcial,Soriano,Centros SPE 24 horas,0.0,cantidad
Cuadro 4,"Cuadro 4. Cantidad de niños, niñas y adolescentes en Acogimiento Familiar por Departamento y tipo de centro, según propuesta de atención.",Amiga Parcial,Soriano,Centros Atención Tiempo Parcial y Atención en la Comunidad,0.0,cantidad
Cuadro 4,"Cuadro 4. Cantidad de niños, niñas y adolescentes en Acogimiento Familiar por Departamento y tipo de centro, según propuesta de atención.",Amiga Parcial,Soriano,Total depto,0.0,cantidad
Cuadro 4,"Cuadro 4. Cantidad de niños, niñas y adolescentes en Acogimiento Familiar por Departamento y tipo de centro, según propuesta de atención.",Amiga Parcial,Tacuarembó,Centros SPE 24 horas,1.0,cantidad
Cuadro 4,"Cuadro 4. Cantidad de niños, niñas y adolescentes en Acogimiento Familiar por Departamento y tipo de centro, según propuesta de atención.",Amiga Parcial,Tacuarembó,Centros Atención Tiempo Parcial y Atención en la Comunidad,0.0,cantidad
Cuadro 4,"Cuadro 4. Cantidad de niños, niñas y adolescentes en Acogimiento Familiar por Departamento y tipo de centro, según propuesta de atención.",Amiga Parcial,Tacuarembó,Total depto,1.0,cantidad
Cuadro 4,"Cuadro 4. Cantidad de niños, niñas y adolescentes en Acogimiento Familiar por Departamento y tipo de centro, según propuesta de atención.",Amiga Parcial,Treinta y Tres,Centros SPE 24 horas,0.0,cantidad
Cuadro 4,"Cuadro 4. Cantidad de niños, niñas y adolescentes en Acogimiento Familiar por Departamento y tipo de centro, según propuesta de atención.",Amiga Parcial,Treinta y Tres,Centros Atención Tiempo Parcial y Atención en la Comunidad,0.0,cantidad
Cuadro 4,"Cuadro 4. Cantidad de niños, niñas y adolescentes en Acogimiento Familiar por Departamento y tipo de centro, según propuesta de atención.",Amiga Parcial,Treinta y Tres,Total depto,0.0,cantidad
Cuadro 4,"Cuadro 4. Cantidad de niños, niñas y adolescentes en Acogimiento Familiar por Departamento y tipo de centro, según propuesta de atención.",Amiga Parcial,Total país,Total general,1.0,cantidad
Cuadro 4,"Cuadro 4. Cantidad de niños, niñas y adolescentes en Acogimiento Familiar por Departamento y tipo de centro, según propuesta de atención.",Amiga,Artigas,Centros SPE 24 horas,22.0,cantidad
Cuadro 4,"Cuadro 4. Cantidad de niños, niñas y adolescentes en Acogimiento Familiar por Departamento y tipo de centro, según propuesta de atención.",Amiga,Artigas,Centros Atención Tiempo Parcial y Atención en la Comunidad,0.0,cantidad
Cuadro 4,"Cuadro 4. Cantidad de niños, niñas y adolescentes en Acogimiento Familiar por Departamento y tipo de centro, según propuesta de atención.",Amiga,Artigas,Total depto,22.0,cantidad
Cuadro 4,"Cuadro 4. Cantidad de niños, niñas y adolescentes en Acogimiento Familiar por Departamento y tipo de centro, según propuesta de atención.",Amiga,Canelones,Centros SPE 24 horas,19.0,cantidad
Cuadro 4,"Cuadro 4. Cantidad de niños, niñas y adolescentes en Acogimiento Familiar por Departamento y tipo de centro, según propuesta de atención.",Amiga,Canelones,Centros Atención Tiempo Parcial y Atención en la Comunidad,0.0,cantidad
Cuadro 4,"Cuadro 4. Cantidad de niños, niñas y adolescentes en Acogimiento Familiar por Departamento y tipo de centro, según propuesta de atención.",Amiga,Canelones,Total depto,19.0,cantidad
Cuadro 4,"Cuadro 4. Cantidad de niños, niñas y adolescentes en Acogimiento Familiar por Departamento y tipo de centro, según propuesta de atención.",Amiga,Cerro Largo,Centros SPE 24 horas,72.0,cantidad
Cuadro 4,"Cuadro 4. Cantidad de niños, niñas y adolescentes en Acogimiento Familiar por Departamento y tipo de centro, según propuesta de atención.",Amiga,Total país,Centros Atención Tiempo Parcial y Atención en la Comunidad,0.0,cantidad
Cuadro 4,"Cuadro 4. Cantidad de niños, niñas y adolescentes en Acogimiento Familiar por Departamento y tipo de centro, según propuesta de atención.",Amiga,Cerro Largo,Total depto,72.0,cantidad
Cuadro 4,"Cuadro 4. Cantidad de niños, niñas y adolescentes en Acogimiento Familiar por Departamento y tipo de centro, según propuesta de atención.",Amiga,Colonia,Centros SPE 24 horas,0.0,cantidad
Cuadro 4,"Cuadro 4. Cantidad de niños, niñas y adolescentes en Acogimiento Familiar por Departamento y tipo de centro, según propuesta de atención.",Amiga,Colonia,Centros Atención Tiempo Parcial y Atención en la Comunidad,0.0,cantidad
Cuadro 4,"Cuadro 4. Cantidad de niños, niñas y adolescentes en Acogimiento Familiar por Departamento y tipo de centro, según propuesta de atención.",Amiga,Colonia,Total depto,0.0,cantidad
Cuadro 4,"Cuadro 4. Cantidad de niños, niñas y adolescentes en Acogimiento Familiar por Departamento y tipo de centro, según propuesta de atención.",Amiga,Durazno,Centros SPE 24 horas,36.0,cantidad
Cuadro 4,"Cuadro 4. Cantidad de niños, niñas y adolescentes en Acogimiento Familiar por Departamento y tipo de centro, según propuesta de atención.",Amiga,Durazno,Centros Atención Tiempo Parcial y Atención en la Comunidad,0.0,cantidad
Cuadro 4,"Cuadro 4. Cantidad de niños, niñas y adolescentes en Acogimiento Familiar por Departamento y tipo de centro, según propuesta de atención.",Amiga,Durazno,Total depto,36.0,cantidad
Cuadro 4,"Cuadro 4. Cantidad de niños, niñas y adolescentes en Acogimiento Familiar por Departamento y tipo de centro, según propuesta de atención.",Amiga,Flores,Centros SPE 24 horas,28.0,cantidad
Cuadro 4,"Cuadro 4. Cantidad de niños, niñas y adolescentes en Acogimiento Familiar por Departamento y tipo de centro, según propuesta de atención.",Amiga,Flores,Centros Atención Tiempo Parcial y Atención en la Comunidad,0.0,cantidad
Cuadro 4,"Cuadro 4. Cantidad de niños, niñas y adolescentes en Acogimiento Familiar por Departamento y tipo de centro, según propuesta de atención.",Amiga,Flores,Total depto,28.0,cantidad
Cuadro 4,"Cuadro 4. Cantidad de niños, niñas y adolescentes en Acogimiento Familiar por Departamento y tipo de centro, según propuesta de atención.",Amiga,Florida,Centros SPE 24 horas,4.0,cantidad
Cuadro 4,"Cuadro 4. Cantidad de niños, niñas y adolescentes en Acogimiento Familiar por Departamento y tipo de centro, según propuesta de atención.",Amiga,Florida,Centros Atención Tiempo Parcial y Atención en la Comunidad,0.0,cantidad
Cuadro 4,"Cuadro 4. Cantidad de niños, niñas y adolescentes en Acogimiento Familiar por Departamento y tipo de centro, según propuesta de atención.",Amiga,Florida,Total depto,4.0,cantidad
Cuadro 4,"Cuadro 4. Cantidad de niños, niñas y adolescentes en Acogimiento Familiar por Departamento y tipo de centro, según propuesta de atención.",Amiga,Lavalleja,Centros SPE 24 horas,0.0,cantidad
Cuadro 4,"Cuadro 4. Cantidad de niños, niñas y adolescentes en Acogimiento Familiar por Departamento y tipo de centro, según propuesta de atención.",Amiga,Lavalleja,Centros Atención Tiempo Parcial y Atención en la Comunidad,0.0,cantidad
Cuadro 4,"Cuadro 4. Cantidad de niños, niñas y adolescentes en Acogimiento Familiar por Departamento y tipo de centro, según propuesta de atención.",Amiga,Lavalleja,Total depto,0.0,cantidad
Cuadro 4,"Cuadro 4. Cantidad de niños, niñas y adolescentes en Acogimiento Familiar por Departamento y tipo de centro, según propuesta de atención.",Amiga,Maldonado,Centros SPE 24 horas,8.0,cantidad
Cuadro 4,"Cuadro 4. Cantidad de niños, niñas y adolescentes en Acogimiento Familiar por Departamento y tipo de centro, según propuesta de atención.",Amiga,Maldonado,Centros Atención Tiempo Parcial y Atención en la Comunidad,0.0,cantidad
Cuadro 4,"Cuadro 4. Cantidad de niños, niñas y adolescentes en Acogimiento Familiar por Departamento y tipo de centro, según propuesta de atención.",Amiga,Maldonado,Total depto,8.0,cantidad
Cuadro 4,"Cuadro 4. Cantidad de niños, niñas y adolescentes en Acogimiento Familiar por Departamento y tipo de centro, según propuesta de atención.",Amiga,Montevideo,Centros SPE 24 horas,24.0,cantidad
Cuadro 4,"Cuadro 4. Cantidad de niños, niñas y adolescentes en Acogimiento Familiar por Departamento y tipo de centro, según propuesta de atención.",Amiga,Montevideo,Centros Atención Tiempo Parcial y Atención en la Comunidad,0.0,cantidad
Cuadro 4,"Cuadro 4. Cantidad de niños, niñas y adolescentes en Acogimiento Familiar por Departamento y tipo de centro, según propuesta de atención.",Amiga,Montevideo,Total depto,24.0,cantidad
Cuadro 4,"Cuadro 4. Cantidad de niños, niñas y adolescentes en Acogimiento Familiar por Departamento y tipo de centro, según propuesta de atención.",Amiga,Paysandú,Centros SPE 24 horas,0.0,cantidad
Cuadro 4,"Cuadro 4. Cantidad de niños, niñas y adolescentes en Acogimiento Familiar por Departamento y tipo de centro, según propuesta de atención.",Amiga,Paysandú,Centros Atención Tiempo Parcial y Atención en la Comunidad,0.0,cantidad
Cuadro 4,"Cuadro 4. Cantidad de niños, niñas y adolescentes en Acogimiento Familiar por Departamento y tipo de centro, según propuesta de atención.",Amiga,Paysandú,Total depto,0.0,cantidad
Cuadro 4,"Cuadro 4. Cantidad de niños, niñas y adolescentes en Acogimiento Familiar por Departamento y tipo de centro, según propuesta de atención.",Amiga,Río Negro,Centros SPE 24 horas,10.0,cantidad
Cuadro 4,"Cuadro 4. Cantidad de niños, niñas y adolescentes en Acogimiento Familiar por Departamento y tipo de centro, según propuesta de atención.",Amiga,Río Negro,Centros Atención Tiempo Parcial y Atención en la Comunidad,0.0,cantidad
Cuadro 4,"Cuadro 4. Cantidad de niños, niñas y adolescentes en Acogimiento Familiar por Departamento y tipo de centro, según propuesta de atención.",Amiga,Río Negro,Total depto,10.0,cantidad
Cuadro 4,"Cuadro 4. Cantidad de niños, niñas y adolescentes en Acogimiento Familiar por Departamento y tipo de centro, según propuesta de atención.",Amiga,Rivera,Centros SPE 24 horas,11.0,cantidad
Cuadro 4,"Cuadro 4. Cantidad de niños, niñas y adolescentes en Acogimiento Familiar por Departamento y tipo de centro, según propuesta de atención.",Amiga,Rivera,Centros Atención Tiempo Parcial y Atención en la Comunidad,0.0,cantidad
Cuadro 4,"Cuadro 4. Cantidad de niños, niñas y adolescentes en Acogimiento Familiar por Departamento y tipo de centro, según propuesta de atención.",Amiga,Rivera,Total depto,11.0,cantidad
Cuadro 4,"Cuadro 4. Cantidad de niños, niñas y adolescentes en Acogimiento Familiar por Departamento y tipo de centro, según propuesta de atención.",Amiga,Rocha,Centros SPE 24 horas,1.0,cantidad
Cuadro 4,"Cuadro 4. Cantidad de niños, niñas y adolescentes en Acogimiento Familiar por Departamento y tipo de centro, según propuesta de atención.",Amiga,Rocha,Centros Atención Tiempo Parcial y Atención en la Comunidad,0.0,cantidad
Cuadro 4,"Cuadro 4. Cantidad de niños, niñas y adolescentes en Acogimiento Familiar por Departamento y tipo de centro, según propuesta de atención.",Amiga,Rocha,Total depto,1.0,cantidad
Cuadro 4,"Cuadro 4. Cantidad de niños, niñas y adolescentes en Acogimiento Familiar por Departamento y tipo de centro, según propuesta de atención.",Amiga,Salto,Centros SPE 24 horas,1.0,cantidad
Cuadro 4,"Cuadro 4. Cantidad de niños, niñas y adolescentes en Acogimiento Familiar por Departamento y tipo de centro, según propuesta de atención.",Amiga,Salto,Centros Atención Tiempo Parcial y Atención en la Comunidad,0.0,cantidad
Cuadro 4,"Cuadro 4. Cantidad de niños, niñas y adolescentes en Acogimiento Familiar por Departamento y tipo de centro, según propuesta de atención.",Amiga,Salto,Total depto,1.0,cantidad
Cuadro 4,"Cuadro 4. Cantidad de niños, niñas y adolescentes en Acogimiento Familiar por Departamento y tipo de centro, según propuesta de atención.",Amiga,San José,Centros SPE 24 horas,28.0,cantidad
Cuadro 4,"Cuadro 4. Cantidad de niños, niñas y adolescentes en Acogimiento Familiar por Departamento y tipo de centro, según propuesta de atención.",Amiga,San José,Centros Atención Tiempo Parcial y Atención en la Comunidad,0.0,cantidad
Cuadro 4,"Cuadro 4. Cantidad de niños, niñas y adolescentes en Acogimiento Familiar por Departamento y tipo de centro, según propuesta de atención.",Amiga,San José,Total depto,28.0,cantidad
Cuadro 4,"Cuadro 4. Cantidad de niños, niñas y adolescentes en Acogimiento Familiar por Departamento y tipo de centro, según propuesta de atención.",Amiga,Soriano,Centros SPE 24 horas,3.0,cantidad
Cuadro 4,"Cuadro 4. Cantidad de niños, niñas y adolescentes en Acogimiento Familiar por Departamento y tipo de centro, según propuesta de atención.",Amiga,Soriano,Centros Atención Tiempo Parcial y Atención en la Comunidad,0.0,cantidad
Cuadro 4,"Cuadro 4. Cantidad de niños, niñas y adolescentes en Acogimiento Familiar por Departamento y tipo de centro, según propuesta de atención.",Amiga,Soriano,Total depto,3.0,cantidad
Cuadro 4,"Cuadro 4. Cantidad de niños, niñas y adolescentes en Acogimiento Familiar por Departamento y tipo de centro, según propuesta de atención.",Amiga,Tacuarembó,Centros SPE 24 horas,11.0,cantidad
Cuadro 4,"Cuadro 4. Cantidad de niños, niñas y adolescentes en Acogimiento Familiar por Departamento y tipo de centro, según propuesta de atención.",Amiga,Tacuarembó,Centros Atención Tiempo Parcial y Atención en la Comunidad,0.0,cantidad
Cuadro 4,"Cuadro 4. Cantidad de niños, niñas y adolescentes en Acogimiento Familiar por Departamento y tipo de centro, según propuesta de atención.",Amiga,Tacuarembó,Total depto,11.0,cantidad
Cuadro 4,"Cuadro 4. Cantidad de niños, niñas y adolescentes en Acogimiento Familiar por Departamento y tipo de centro, según propuesta de atención.",Amiga,Treinta y Tres,Centros SPE 24 horas,0.0,cantidad
Cuadro 4,"Cuadro 4. Cantidad de niños, niñas y adolescentes en Acogimiento Familiar por Departamento y tipo de centro, según propuesta de atención.",Amiga,Treinta y Tres,Centros Atención Tiempo Parcial y Atención en la Comunidad,0.0,cantidad
Cuadro 4,"Cuadro 4. Cantidad de niños, niñas y adolescentes en Acogimiento Familiar por Departamento y tipo de centro, según propuesta de atención.",Amiga,Treinta y Tres,Total depto,0.0,cantidad
Cuadro 4,"Cuadro 4. Cantidad de niños, niñas y adolescentes en Acogimiento Familiar por Departamento y tipo de centro, según propuesta de atención.",Amiga,Total país,Total general,278.0,cantidad
Cuadro 4,"Cuadro 4. Cantidad de niños, niñas y adolescentes en Acogimiento Familiar por Departamento y tipo de centro, según propuesta de atención.",Amiga Urgencia,Artigas,Centros SPE 24 horas,0.0,cantidad
Cuadro 4,"Cuadro 4. Cantidad de niños, niñas y adolescentes en Acogimiento Familiar por Departamento y tipo de centro, según propuesta de atención.",Amiga Urgencia,Artigas,Centros Atención Tiempo Parcial y Atención en la Comunidad,0.0,cantidad
Cuadro 4,"Cuadro 4. Cantidad de niños, niñas y adolescentes en Acogimiento Familiar por Departamento y tipo de centro, según propuesta de atención.",Amiga Urgencia,Artigas,Total depto,0.0,cantidad
Cuadro 4,"Cuadro 4. Cantidad de niños, niñas y adolescentes en Acogimiento Familiar por Departamento y tipo de centro, según propuesta de atención.",Amiga Urgencia,Canelones,Centros SPE 24 horas,0.0,cantidad
Cuadro 4,"Cuadro 4. Cantidad de niños, niñas y adolescentes en Acogimiento Familiar por Departamento y tipo de centro, según propuesta de atención.",Amiga Urgencia,Canelones,Centros Atención Tiempo Parcial y Atención en la Comunidad,0.0,cantidad
Cuadro 4,"Cuadro 4. Cantidad de niños, niñas y adolescentes en Acogimiento Familiar por Departamento y tipo de centro, según propuesta de atención.",Amiga Urgencia,Canelones,Total depto,0.0,cantidad
Cuadro 4,"Cuadro 4. Cantidad de niños, niñas y adolescentes en Acogimiento Familiar por Departamento y tipo de centro, según propuesta de atención.",Amiga Urgencia,Cerro Largo,Centros SPE 24 horas,0.0,cantidad
Cuadro 4,"Cuadro 4. Cantidad de niños, niñas y adolescentes en Acogimiento Familiar por Departamento y tipo de centro, según propuesta de atención.",Amiga Urgencia,Total país,Centros Atención Tiempo Parcial y Atención en la Comunidad,0.0,cantidad
Cuadro 4,"Cuadro 4. Cantidad de niños, niñas y adolescentes en Acogimiento Familiar por Departamento y tipo de centro, según propuesta de atención.",Amiga Urgencia,Cerro Largo,Total depto,0.0,cantidad
Cuadro 4,"Cuadro 4. Cantidad de niños, niñas y adolescentes en Acogimiento Familiar por Departamento y tipo de centro, según propuesta de atención.",Amiga Urgencia,Colonia,Centros SPE 24 horas,0.0,cantidad
Cuadro 4,"Cuadro 4. Cantidad de niños, niñas y adolescentes en Acogimiento Familiar por Departamento y tipo de centro, según propuesta de atención.",Amiga Urgencia,Colonia,Centros Atención Tiempo Parcial y Atención en la Comunidad,0.0,cantidad
Cuadro 4,"Cuadro 4. Cantidad de niños, niñas y adolescentes en Acogimiento Familiar por Departamento y tipo de centro, según propuesta de atención.",Amiga Urgencia,Colonia,Total depto,0.0,cantidad
Cuadro 4,"Cuadro 4. Cantidad de niños, niñas y adolescentes en Acogimiento Familiar por Departamento y tipo de centro, según propuesta de atención.",Amiga Urgencia,Durazno,Centros SPE 24 horas,0.0,cantidad
Cuadro 4,"Cuadro 4. Cantidad de niños, niñas y adolescentes en Acogimiento Familiar por Departamento y tipo de centro, según propuesta de atención.",Amiga Urgencia,Durazno,Centros Atención Tiempo Parcial y Atención en la Comunidad,0.0,cantidad
Cuadro 4,"Cuadro 4. Cantidad de niños, niñas y adolescentes en Acogimiento Familiar por Departamento y tipo de centro, según propuesta de atención.",Amiga Urgencia,Durazno,Total depto,0.0,cantidad
Cuadro 4,"Cuadro 4. Cantidad de niños, niñas y adolescentes en Acogimiento Familiar por Departamento y tipo de centro, según propuesta de atención.",Amiga Urgencia,Flores,Centros SPE 24 horas,0.0,cantidad
Cuadro 4,"Cuadro 4. Cantidad de niños, niñas y adolescentes en Acogimiento Familiar por Departamento y tipo de centro, según propuesta de atención.",Amiga Urgencia,Flores,Centros Atención Tiempo Parcial y Atención en la Comunidad,0.0,cantidad
Cuadro 4,"Cuadro 4. Cantidad de niños, niñas y adolescentes en Acogimiento Familiar por Departamento y tipo de centro, según propuesta de atención.",Amiga Urgencia,Flores,Total depto,0.0,cantidad
Cuadro 4,"Cuadro 4. Cantidad de niños, niñas y adolescentes en Acogimiento Familiar por Departamento y tipo de centro, según propuesta de atención.",Amiga Urgencia,Florida,Centros SPE 24 horas,0.0,cantidad
Cuadro 4,"Cuadro 4. Cantidad de niños, niñas y adolescentes en Acogimiento Familiar por Departamento y tipo de centro, según propuesta de atención.",Amiga Urgencia,Florida,Centros Atención Tiempo Parcial y Atención en la Comunidad,0.0,cantidad
Cuadro 4,"Cuadro 4. Cantidad de niños, niñas y adolescentes en Acogimiento Familiar por Departamento y tipo de centro, según propuesta de atención.",Amiga Urgencia,Florida,Total depto,0.0,cantidad
Cuadro 4,"Cuadro 4. Cantidad de niños, niñas y adolescentes en Acogimiento Familiar por Departamento y tipo de centro, según propuesta de atención.",Amiga Urgencia,Lavalleja,Centros SPE 24 horas,0.0,cantidad
Cuadro 4,"Cuadro 4. Cantidad de niños, niñas y adolescentes en Acogimiento Familiar por Departamento y tipo de centro, según propuesta de atención.",Amiga Urgencia,Lavalleja,Centros Atención Tiempo Parcial y Atención en la Comunidad,0.0,cantidad
Cuadro 4,"Cuadro 4. Cantidad de niños, niñas y adolescentes en Acogimiento Familiar por Departamento y tipo de centro, según propuesta de atención.",Amiga Urgencia,Lavalleja,Total depto,0.0,cantidad
Cuadro 4,"Cuadro 4. Cantidad de niños, niñas y adolescentes en Acogimiento Familiar por Departamento y tipo de centro, según propuesta de atención.",Amiga Urgencia,Maldonado,Centros SPE 24 horas,0.0,cantidad
Cuadro 4,"Cuadro 4. Cantidad de niños, niñas y adolescentes en Acogimiento Familiar por Departamento y tipo de centro, según propuesta de atención.",Amiga Urgencia,Maldonado,Centros Atención Tiempo Parcial y Atención en la Comunidad,0.0,cantidad
Cuadro 4,"Cuadro 4. Cantidad de niños, niñas y adolescentes en Acogimiento Familiar por Departamento y tipo de centro, según propuesta de atención.",Amiga Urgencia,Maldonado,Total depto,0.0,cantidad
Cuadro 4,"Cuadro 4. Cantidad de niños, niñas y adolescentes en Acogimiento Familiar por Departamento y tipo de centro, según propuesta de atención.",Amiga Urgencia,Montevideo,Centros SPE 24 horas,12.0,cantidad
Cuadro 4,"Cuadro 4. Cantidad de niños, niñas y adolescentes en Acogimiento Familiar por Departamento y tipo de centro, según propuesta de atención.",Amiga Urgencia,Montevideo,Centros Atención Tiempo Parcial y Atención en la Comunidad,0.0,cantidad
Cuadro 4,"Cuadro 4. Cantidad de niños, niñas y adolescentes en Acogimiento Familiar por Departamento y tipo de centro, según propuesta de atención.",Amiga Urgencia,Montevideo,Total depto,12.0,cantidad
Cuadro 4,"Cuadro 4. Cantidad de niños, niñas y adolescentes en Acogimiento Familiar por Departamento y tipo de centro, según propuesta de atención.",Amiga Urgencia,Paysandú,Centros SPE 24 horas,0.0,cantidad
Cuadro 4,"Cuadro 4. Cantidad de niños, niñas y adolescentes en Acogimiento Familiar por Departamento y tipo de centro, según propuesta de atención.",Amiga Urgencia,Paysandú,Centros Atención Tiempo Parcial y Atención en la Comunidad,0.0,cantidad
Cuadro 4,"Cuadro 4. Cantidad de niños, niñas y adolescentes en Acogimiento Familiar por Departamento y tipo de centro, según propuesta de atención.",Amiga Urgencia,Paysandú,Total depto,0.0,cantidad
Cuadro 4,"Cuadro 4. Cantidad de niños, niñas y adolescentes en Acogimiento Familiar por Departamento y tipo de centro, según propuesta de atención.",Amiga Urgencia,Río Negro,Centros SPE 24 horas,0.0,cantidad
Cuadro 4,"Cuadro 4. Cantidad de niños, niñas y adolescentes en Acogimiento Familiar por Departamento y tipo de centro, según propuesta de atención.",Amiga Urgencia,Río Negro,Centros Atención Tiempo Parcial y Atención en la Comunidad,0.0,cantidad
Cuadro 4,"Cuadro 4. Cantidad de niños, niñas y adolescentes en Acogimiento Familiar por Departamento y tipo de centro, según propuesta de atención.",Amiga Urgencia,Río Negro,Total depto,0.0,cantidad
Cuadro 4,"Cuadro 4. Cantidad de niños, niñas y adolescentes en Acogimiento Familiar por Departamento y tipo de centro, según propuesta de atención.",Amiga Urgencia,Rivera,Centros SPE 24 horas,0.0,cantidad
Cuadro 4,"Cuadro 4. Cantidad de niños, niñas y adolescentes en Acogimiento Familiar por Departamento y tipo de centro, según propuesta de atención.",Amiga Urgencia,Rivera,Centros Atención Tiempo Parcial y Atención en la Comunidad,0.0,cantidad
Cuadro 4,"Cuadro 4. Cantidad de niños, niñas y adolescentes en Acogimiento Familiar por Departamento y tipo de centro, según propuesta de atención.",Amiga Urgencia,Rivera,Total depto,0.0,cantidad
Cuadro 4,"Cuadro 4. Cantidad de niños, niñas y adolescentes en Acogimiento Familiar por Departamento y tipo de centro, según propuesta de atención.",Amiga Urgencia,Rocha,Centros SPE 24 horas,0.0,cantidad
Cuadro 4,"Cuadro 4. Cantidad de niños, niñas y adolescentes en Acogimiento Familiar por Departamento y tipo de centro, según propuesta de atención.",Amiga Urgencia,Rocha,Centros Atención Tiempo Parcial y Atención en la Comunidad,0.0,cantidad
Cuadro 4,"Cuadro 4. Cantidad de niños, niñas y adolescentes en Acogimiento Familiar por Departamento y tipo de centro, según propuesta de atención.",Amiga Urgencia,Rocha,Total depto,0.0,cantidad
Cuadro 4,"Cuadro 4. Cantidad de niños, niñas y adolescentes en Acogimiento Familiar por Departamento y tipo de centro, según propuesta de atención.",Amiga Urgencia,Salto,Centros SPE 24 horas,0.0,cantidad
Cuadro 4,"Cuadro 4. Cantidad de niños, niñas y adolescentes en Acogimiento Familiar por Departamento y tipo de centro, según propuesta de atención.",Amiga Urgencia,Salto,Centros Atención Tiempo Parcial y Atención en la Comunidad,0.0,cantidad
Cuadro 4,"Cuadro 4. Cantidad de niños, niñas y adolescentes en Acogimiento Familiar por Departamento y tipo de centro, según propuesta de atención.",Amiga Urgencia,Salto,Total depto,0.0,cantidad
Cuadro 4,"Cuadro 4. Cantidad de niños, niñas y adolescentes en Acogimiento Familiar por Departamento y tipo de centro, según propuesta de atención.",Amiga Urgencia,San José,Centros SPE 24 horas,0.0,cantidad
Cuadro 4,"Cuadro 4. Cantidad de niños, niñas y adolescentes en Acogimiento Familiar por Departamento y tipo de centro, según propuesta de atención.",Amiga Urgencia,San José,Centros Atención Tiempo Parcial y Atención en la Comunidad,0.0,cantidad
Cuadro 4,"Cuadro 4. Cantidad de niños, niñas y adolescentes en Acogimiento Familiar por Departamento y tipo de centro, según propuesta de atención.",Amiga Urgencia,San José,Total depto,0.0,cantidad
Cuadro 4,"Cuadro 4. Cantidad de niños, niñas y adolescentes en Acogimiento Familiar por Departamento y tipo de centro, según propuesta de atención.",Amiga Urgencia,Soriano,Centros SPE 24 horas,0.0,cantidad
Cuadro 4,"Cuadro 4. Cantidad de niños, niñas y adolescentes en Acogimiento Familiar por Departamento y tipo de centro, según propuesta de atención.",Amiga Urgencia,Soriano,Centros Atención Tiempo Parcial y Atención en la Comunidad,0.0,cantidad
Cuadro 4,"Cuadro 4. Cantidad de niños, niñas y adolescentes en Acogimiento Familiar por Departamento y tipo de centro, según propuesta de atención.",Amiga Urgencia,Soriano,Total depto,0.0,cantidad
Cuadro 4,"Cuadro 4. Cantidad de niños, niñas y adolescentes en Acogimiento Familiar por Departamento y tipo de centro, según propuesta de atención.",Amiga Urgencia,Tacuarembó,Centros SPE 24 horas,0.0,cantidad
Cuadro 4,"Cuadro 4. Cantidad de niños, niñas y adolescentes en Acogimiento Familiar por Departamento y tipo de centro, según propuesta de atención.",Amiga Urgencia,Tacuarembó,Centros Atención Tiempo Parcial y Atención en la Comunidad,0.0,cantidad
Cuadro 4,"Cuadro 4. Cantidad de niños, niñas y adolescentes en Acogimiento Familiar por Departamento y tipo de centro, según propuesta de atención.",Amiga Urgencia,Tacuarembó,Total depto,0.0,cantidad
Cuadro 4,"Cuadro 4. Cantidad de niños, niñas y adolescentes en Acogimiento Familiar por Departamento y tipo de centro, según propuesta de atención.",Amiga Urgencia,Treinta y Tres,Centros SPE 24 horas,0.0,cantidad
Cuadro 4,"Cuadro 4. Cantidad de niños, niñas y adolescentes en Acogimiento Familiar por Departamento y tipo de centro, según propuesta de atención.",Amiga Urgencia,Treinta y Tres,Centros Atención Tiempo Parcial y Atención en la Comunidad,0.0,cantidad
Cuadro 4,"Cuadro 4. Cantidad de niños, niñas y adolescentes en Acogimiento Familiar por Departamento y tipo de centro, según propuesta de atención.",Amiga Urgencia,Treinta y Tres,Total depto,0.0,cantidad
Cuadro 4,"Cuadro 4. Cantidad de niños, niñas y adolescentes en Acogimiento Familiar por Departamento y tipo de centro, según propuesta de atención.",Amiga Urgencia,Total país,Total general,12.0,cantidad
Cuadro 4,"Cuadro 4. Cantidad de niños, niñas y adolescentes en Acogimiento Familiar por Departamento y tipo de centro, según propuesta de atención.",Cuidadoras 1a. Atención/ Hogares Alternativa Familiar,Artigas,Centros SPE 24 horas,14.0,cantidad
Cuadro 4,"Cuadro 4. Cantidad de niños, niñas y adolescentes en Acogimiento Familiar por Departamento y tipo de centro, según propuesta de atención.",Cuidadoras 1a. Atención/ Hogares Alternativa Familiar,Artigas,Centros Atención Tiempo Parcial y Atención en la Comunidad,0.0,cantidad
Cuadro 4,"Cuadro 4. Cantidad de niños, niñas y adolescentes en Acogimiento Familiar por Departamento y tipo de centro, según propuesta de atención.",Cuidadoras 1a. Atención/ Hogares Alternativa Familiar,Artigas,Total depto,14.0,cantidad
Cuadro 4,"Cuadro 4. Cantidad de niños, niñas y adolescentes en Acogimiento Familiar por Departamento y tipo de centro, según propuesta de atención.",Cuidadoras 1a. Atención/ Hogares Alternativa Familiar,Canelones,Centros SPE 24 horas,1.0,cantidad
Cuadro 4,"Cuadro 4. Cantidad de niños, niñas y adolescentes en Acogimiento Familiar por Departamento y tipo de centro, según propuesta de atención.",Cuidadoras 1a. Atención/ Hogares Alternativa Familiar,Canelones,Centros Atención Tiempo Parcial y Atención en la Comunidad,0.0,cantidad
Cuadro 4,"Cuadro 4. Cantidad de niños, niñas y adolescentes en Acogimiento Familiar por Departamento y tipo de centro, según propuesta de atención.",Cuidadoras 1a. Atención/ Hogares Alternativa Familiar,Canelones,Total depto,1.0,cantidad
Cuadro 4,"Cuadro 4. Cantidad de niños, niñas y adolescentes en Acogimiento Familiar por Departamento y tipo de centro, según propuesta de atención.",Cuidadoras 1a. Atención/ Hogares Alternativa Familiar,Cerro Largo,Centros SPE 24 horas,4.0,cantidad
Cuadro 4,"Cuadro 4. Cantidad de niños, niñas y adolescentes en Acogimiento Familiar por Departamento y tipo de centro, según propuesta de atención.",Cuidadoras 1a. Atención/ Hogares Alternativa Familiar,Total país,Centros Atención Tiempo Parcial y Atención en la Comunidad,0.0,cantidad
Cuadro 4,"Cuadro 4. Cantidad de niños, niñas y adolescentes en Acogimiento Familiar por Departamento y tipo de centro, según propuesta de atención.",Cuidadoras 1a. Atención/ Hogares Alternativa Familiar,Cerro Largo,Total depto,4.0,cantidad
Cuadro 4,"Cuadro 4. Cantidad de niños, niñas y adolescentes en Acogimiento Familiar por Departamento y tipo de centro, según propuesta de atención.",Cuidadoras 1a. Atención/ Hogares Alternativa Familiar,Colonia,Centros SPE 24 horas,2.0,cantidad
Cuadro 4,"Cuadro 4. Cantidad de niños, niñas y adolescentes en Acogimiento Familiar por Departamento y tipo de centro, según propuesta de atención.",Cuidadoras 1a. Atención/ Hogares Alternativa Familiar,Colonia,Centros Atención Tiempo Parcial y Atención en la Comunidad,0.0,cantidad
Cuadro 4,"Cuadro 4. Cantidad de niños, niñas y adolescentes en Acogimiento Familiar por Departamento y tipo de centro, según propuesta de atención.",Cuidadoras 1a. Atención/ Hogares Alternativa Familiar,Colonia,Total depto,2.0,cantidad
Cuadro 4,"Cuadro 4. Cantidad de niños, niñas y adolescentes en Acogimiento Familiar por Departamento y tipo de centro, según propuesta de atención.",Cuidadoras 1a. Atención/ Hogares Alternativa Familiar,Durazno,Centros SPE 24 horas,2.0,cantidad
Cuadro 4,"Cuadro 4. Cantidad de niños, niñas y adolescentes en Acogimiento Familiar por Departamento y tipo de centro, según propuesta de atención.",Cuidadoras 1a. Atención/ Hogares Alternativa Familiar,Durazno,Centros Atención Tiempo Parcial y Atención en la Comunidad,0.0,cantidad
Cuadro 4,"Cuadro 4. Cantidad de niños, niñas y adolescentes en Acogimiento Familiar por Departamento y tipo de centro, según propuesta de atención.",Cuidadoras 1a. Atención/ Hogares Alternativa Familiar,Durazno,Total depto,2.0,cantidad
Cuadro 4,"Cuadro 4. Cantidad de niños, niñas y adolescentes en Acogimiento Familiar por Departamento y tipo de centro, según propuesta de atención.",Cuidadoras 1a. Atención/ Hogares Alternativa Familiar,Flores,Centros SPE 24 horas,1.0,cantidad
Cuadro 4,"Cuadro 4. Cantidad de niños, niñas y adolescentes en Acogimiento Familiar por Departamento y tipo de centro, según propuesta de atención.",Cuidadoras 1a. Atención/ Hogares Alternativa Familiar,Flores,Centros Atención Tiempo Parcial y Atención en la Comunidad,0.0,cantidad
Cuadro 4,"Cuadro 4. Cantidad de niños, niñas y adolescentes en Acogimiento Familiar por Departamento y tipo de centro, según propuesta de atención.",Cuidadoras 1a. Atención/ Hogares Alternativa Familiar,Flores,Total depto,1.0,cantidad
Cuadro 4,"Cuadro 4. Cantidad de niños, niñas y adolescentes en Acogimiento Familiar por Departamento y tipo de centro, según propuesta de atención.",Cuidadoras 1a. Atención/ Hogares Alternativa Familiar,Florida,Centros SPE 24 horas,0.0,cantidad
Cuadro 4,"Cuadro 4. Cantidad de niños, niñas y adolescentes en Acogimiento Familiar por Departamento y tipo de centro, según propuesta de atención.",Cuidadoras 1a. Atención/ Hogares Alternativa Familiar,Florida,Centros Atención Tiempo Parcial y Atención en la Comunidad,0.0,cantidad
Cuadro 4,"Cuadro 4. Cantidad de niños, niñas y adolescentes en Acogimiento Familiar por Departamento y tipo de centro, según propuesta de atención.",Cuidadoras 1a. Atención/ Hogares Alternativa Familiar,Florida,Total depto,0.0,cantidad
Cuadro 4,"Cuadro 4. Cantidad de niños, niñas y adolescentes en Acogimiento Familiar por Departamento y tipo de centro, según propuesta de atención.",Cuidadoras 1a. Atención/ Hogares Alternativa Familiar,Lavalleja,Centros SPE 24 horas,0.0,cantidad
Cuadro 4,"Cuadro 4. Cantidad de niños, niñas y adolescentes en Acogimiento Familiar por Departamento y tipo de centro, según propuesta de atención.",Cuidadoras 1a. Atención/ Hogares Alternativa Familiar,Lavalleja,Centros Atención Tiempo Parcial y Atención en la Comunidad,0.0,cantidad
Cuadro 4,"Cuadro 4. Cantidad de niños, niñas y adolescentes en Acogimiento Familiar por Departamento y tipo de centro, según propuesta de atención.",Cuidadoras 1a. Atención/ Hogares Alternativa Familiar,Lavalleja,Total depto,0.0,cantidad
Cuadro 4,"Cuadro 4. Cantidad de niños, niñas y adolescentes en Acogimiento Familiar por Departamento y tipo de centro, según propuesta de atención.",Cuidadoras 1a. Atención/ Hogares Alternativa Familiar,Maldonado,Centros SPE 24 horas,0.0,cantidad
Cuadro 4,"Cuadro 4. Cantidad de niños, niñas y adolescentes en Acogimiento Familiar por Departamento y tipo de centro, según propuesta de atención.",Cuidadoras 1a. Atención/ Hogares Alternativa Familiar,Maldonado,Centros Atención Tiempo Parcial y Atención en la Comunidad,0.0,cantidad
Cuadro 4,"Cuadro 4. Cantidad de niños, niñas y adolescentes en Acogimiento Familiar por Departamento y tipo de centro, según propuesta de atención.",Cuidadoras 1a. Atención/ Hogares Alternativa Familiar,Maldonado,Total depto,0.0,cantidad
Cuadro 4,"Cuadro 4. Cantidad de niños, niñas y adolescentes en Acogimiento Familiar por Departamento y tipo de centro, según propuesta de atención.",Cuidadoras 1a. Atención/ Hogares Alternativa Familiar,Montevideo,Centros SPE 24 horas,12.0,cantidad
Cuadro 4,"Cuadro 4. Cantidad de niños, niñas y adolescentes en Acogimiento Familiar por Departamento y tipo de centro, según propuesta de atención.",Cuidadoras 1a. Atención/ Hogares Alternativa Familiar,Montevideo,Centros Atención Tiempo Parcial y Atención en la Comunidad,0.0,cantidad
Cuadro 4,"Cuadro 4. Cantidad de niños, niñas y adolescentes en Acogimiento Familiar por Departamento y tipo de centro, según propuesta de atención.",Cuidadoras 1a. Atención/ Hogares Alternativa Familiar,Montevideo,Total depto,12.0,cantidad
Cuadro 4,"Cuadro 4. Cantidad de niños, niñas y adolescentes en Acogimiento Familiar por Departamento y tipo de centro, según propuesta de atención.",Cuidadoras 1a. Atención/ Hogares Alternativa Familiar,Paysandú,Centros SPE 24 horas,1.0,cantidad
Cuadro 4,"Cuadro 4. Cantidad de niños, niñas y adolescentes en Acogimiento Familiar por Departamento y tipo de centro, según propuesta de atención.",Cuidadoras 1a. Atención/ Hogares Alternativa Familiar,Paysandú,Centros Atención Tiempo Parcial y Atención en la Comunidad,0.0,cantidad
Cuadro 4,"Cuadro 4. Cantidad de niños, niñas y adolescentes en Acogimiento Familiar por Departamento y tipo de centro, según propuesta de atención.",Cuidadoras 1a. Atención/ Hogares Alternativa Familiar,Paysandú,Total depto,1.0,cantidad
Cuadro 4,"Cuadro 4. Cantidad de niños, niñas y adolescentes en Acogimiento Familiar por Departamento y tipo de centro, según propuesta de atención.",Cuidadoras 1a. Atención/ Hogares Alternativa Familiar,Río Negro,Centros SPE 24 horas,5.0,cantidad
Cuadro 4,"Cuadro 4. Cantidad de niños, niñas y adolescentes en Acogimiento Familiar por Departamento y tipo de centro, según propuesta de atención.",Cuidadoras 1a. Atención/ Hogares Alternativa Familiar,Río Negro,Centros Atención Tiempo Parcial y Atención en la Comunidad,0.0,cantidad
Cuadro 4,"Cuadro 4. Cantidad de niños, niñas y adolescentes en Acogimiento Familiar por Departamento y tipo de centro, según propuesta de atención.",Cuidadoras 1a. Atención/ Hogares Alternativa Familiar,Río Negro,Total depto,5.0,cantidad
Cuadro 4,"Cuadro 4. Cantidad de niños, niñas y adolescentes en Acogimiento Familiar por Departamento y tipo de centro, según propuesta de atención.",Cuidadoras 1a. Atención/ Hogares Alternativa Familiar,Rivera,Centros SPE 24 horas,4.0,cantidad
Cuadro 4,"Cuadro 4. Cantidad de niños, niñas y adolescentes en Acogimiento Familiar por Departamento y tipo de centro, según propuesta de atención.",Cuidadoras 1a. Atención/ Hogares Alternativa Familiar,Rivera,Centros Atención Tiempo Parcial y Atención en la Comunidad,0.0,cantidad
Cuadro 4,"Cuadro 4. Cantidad de niños, niñas y adolescentes en Acogimiento Familiar por Departamento y tipo de centro, según propuesta de atención.",Cuidadoras 1a. Atención/ Hogares Alternativa Familiar,Rivera,Total depto,4.0,cantidad
Cuadro 4,"Cuadro 4. Cantidad de niños, niñas y adolescentes en Acogimiento Familiar por Departamento y tipo de centro, según propuesta de atención.",Cuidadoras 1a. Atención/ Hogares Alternativa Familiar,Rocha,Centros SPE 24 horas,0.0,cantidad
Cuadro 4,"Cuadro 4. Cantidad de niños, niñas y adolescentes en Acogimiento Familiar por Departamento y tipo de centro, según propuesta de atención.",Cuidadoras 1a. Atención/ Hogares Alternativa Familiar,Rocha,Centros Atención Tiempo Parcial y Atención en la Comunidad,0.0,cantidad
Cuadro 4,"Cuadro 4. Cantidad de niños, niñas y adolescentes en Acogimiento Familiar por Departamento y tipo de centro, según propuesta de atención.",Cuidadoras 1a. Atención/ Hogares Alternativa Familiar,Rocha,Total depto,0.0,cantidad
Cuadro 4,"Cuadro 4. Cantidad de niños, niñas y adolescentes en Acogimiento Familiar por Departamento y tipo de centro, según propuesta de atención.",Cuidadoras 1a. Atención/ Hogares Alternativa Familiar,Salto,Centros SPE 24 horas,10.0,cantidad
Cuadro 4,"Cuadro 4. Cantidad de niños, niñas y adolescentes en Acogimiento Familiar por Departamento y tipo de centro, según propuesta de atención.",Cuidadoras 1a. Atención/ Hogares Alternativa Familiar,Salto,Centros Atención Tiempo Parcial y Atención en la Comunidad,0.0,cantidad
Cuadro 4,"Cuadro 4. Cantidad de niños, niñas y adolescentes en Acogimiento Familiar por Departamento y tipo de centro, según propuesta de atención.",Cuidadoras 1a. Atención/ Hogares Alternativa Familiar,Salto,Total depto,10.0,cantidad
Cuadro 4,"Cuadro 4. Cantidad de niños, niñas y adolescentes en Acogimiento Familiar por Departamento y tipo de centro, según propuesta de atención.",Cuidadoras 1a. Atención/ Hogares Alternativa Familiar,San José,Centros SPE 24 horas,1.0,cantidad
Cuadro 4,"Cuadro 4. Cantidad de niños, niñas y adolescentes en Acogimiento Familiar por Departamento y tipo de centro, según propuesta de atención.",Cuidadoras 1a. Atención/ Hogares Alternativa Familiar,San José,Centros Atención Tiempo Parcial y Atención en la Comunidad,0.0,cantidad
Cuadro 4,"Cuadro 4. Cantidad de niños, niñas y adolescentes en Acogimiento Familiar por Departamento y tipo de centro, según propuesta de atención.",Cuidadoras 1a. Atención/ Hogares Alternativa Familiar,San José,Total depto,1.0,cantidad
Cuadro 4,"Cuadro 4. Cantidad de niños, niñas y adolescentes en Acogimiento Familiar por Departamento y tipo de centro, según propuesta de atención.",Cuidadoras 1a. Atención/ Hogares Alternativa Familiar,Soriano,Centros SPE 24 horas,0.0,cantidad
Cuadro 4,"Cuadro 4. Cantidad de niños, niñas y adolescentes en Acogimiento Familiar por Departamento y tipo de centro, según propuesta de atención.",Cuidadoras 1a. Atención/ Hogares Alternativa Familiar,Soriano,Centros Atención Tiempo Parcial y Atención en la Comunidad,0.0,cantidad
Cuadro 4,"Cuadro 4. Cantidad de niños, niñas y adolescentes en Acogimiento Familiar por Departamento y tipo de centro, según propuesta de atención.",Cuidadoras 1a. Atención/ Hogares Alternativa Familiar,Soriano,Total depto,0.0,cantidad
Cuadro 4,"Cuadro 4. Cantidad de niños, niñas y adolescentes en Acogimiento Familiar por Departamento y tipo de centro, según propuesta de atención.",Cuidadoras 1a. Atención/ Hogares Alternativa Familiar,Tacuarembó,Centros SPE 24 horas,1.0,cantidad
Cuadro 4,"Cuadro 4. Cantidad de niños, niñas y adolescentes en Acogimiento Familiar por Departamento y tipo de centro, según propuesta de atención.",Cuidadoras 1a. Atención/ Hogares Alternativa Familiar,Tacuarembó,Centros Atención Tiempo Parcial y Atención en la Comunidad,0.0,cantidad
Cuadro 4,"Cuadro 4. Cantidad de niños, niñas y adolescentes en Acogimiento Familiar por Departamento y tipo de centro, según propuesta de atención.",Cuidadoras 1a. Atención/ Hogares Alternativa Familiar,Tacuarembó,Total depto,1.0,cantidad
Cuadro 4,"Cuadro 4. Cantidad de niños, niñas y adolescentes en Acogimiento Familiar por Departamento y tipo de centro, según propuesta de atención.",Cuidadoras 1a. Atención/ Hogares Alternativa Familiar,Treinta y Tres,Centros SPE 24 horas,0.0,cantidad
Cuadro 4,"Cuadro 4. Cantidad de niños, niñas y adolescentes en Acogimiento Familiar por Departamento y tipo de centro, según propuesta de atención.",Cuidadoras 1a. Atención/ Hogares Alternativa Familiar,Treinta y Tres,Centros Atención Tiempo Parcial y Atención en la Comunidad,0.0,cantidad
Cuadro 4,"Cuadro 4. Cantidad de niños, niñas y adolescentes en Acogimiento Familiar por Departamento y tipo de centro, según propuesta de atención.",Cuidadoras 1a. Atención/ Hogares Alternativa Familiar,Treinta y Tres,Total depto,0.0,cantidad
Cuadro 4,"Cuadro 4. Cantidad de niños, niñas y adolescentes en Acogimiento Familiar por Departamento y tipo de centro, según propuesta de atención.",Cuidadoras 1a. Atención/ Hogares Alternativa Familiar,Total país,Total general,58.0,cantidad
Cuadro 4,"Cuadro 4. Cantidad de niños, niñas y adolescentes en Acogimiento Familiar por Departamento y tipo de centro, según propuesta de atención.",Familia Extensa,Artigas,Centros SPE 24 horas,15.0,cantidad
Cuadro 4,"Cuadro 4. Cantidad de niños, niñas y adolescentes en Acogimiento Familiar por Departamento y tipo de centro, según propuesta de atención.",Familia Extensa,Artigas,Centros Atención Tiempo Parcial y Atención en la Comunidad,90.0,cantidad
Cuadro 4,"Cuadro 4. Cantidad de niños, niñas y adolescentes en Acogimiento Familiar por Departamento y tipo de centro, según propuesta de atención.",Familia Extensa,Artigas,Total depto,105.0,cantidad
Cuadro 4,"Cuadro 4. Cantidad de niños, niñas y adolescentes en Acogimiento Familiar por Departamento y tipo de centro, según propuesta de atención.",Familia Extensa,Canelones,Centros SPE 24 horas,49.0,cantidad
Cuadro 4,"Cuadro 4. Cantidad de niños, niñas y adolescentes en Acogimiento Familiar por Departamento y tipo de centro, según propuesta de atención.",Familia Extensa,Canelones,Centros Atención Tiempo Parcial y Atención en la Comunidad,234.0,cantidad
Cuadro 4,"Cuadro 4. Cantidad de niños, niñas y adolescentes en Acogimiento Familiar por Departamento y tipo de centro, según propuesta de atención.",Familia Extensa,Canelones,Total depto,283.0,cantidad
Cuadro 4,"Cuadro 4. Cantidad de niños, niñas y adolescentes en Acogimiento Familiar por Departamento y tipo de centro, según propuesta de atención.",Familia Extensa,Cerro Largo,Centros SPE 24 horas,36.0,cantidad
Cuadro 4,"Cuadro 4. Cantidad de niños, niñas y adolescentes en Acogimiento Familiar por Departamento y tipo de centro, según propuesta de atención.",Familia Extensa,Total país,Centros Atención Tiempo Parcial y Atención en la Comunidad,24.0,cantidad
Cuadro 4,"Cuadro 4. Cantidad de niños, niñas y adolescentes en Acogimiento Familiar por Departamento y tipo de centro, según propuesta de atención.",Familia Extensa,Cerro Largo,Total depto,60.0,cantidad
Cuadro 4,"Cuadro 4. Cantidad de niños, niñas y adolescentes en Acogimiento Familiar por Departamento y tipo de centro, según propuesta de atención.",Familia Extensa,Colonia,Centros SPE 24 horas,3.0,cantidad
Cuadro 4,"Cuadro 4. Cantidad de niños, niñas y adolescentes en Acogimiento Familiar por Departamento y tipo de centro, según propuesta de atención.",Familia Extensa,Colonia,Centros Atención Tiempo Parcial y Atención en la Comunidad,62.0,cantidad
Cuadro 4,"Cuadro 4. Cantidad de niños, niñas y adolescentes en Acogimiento Familiar por Departamento y tipo de centro, según propuesta de atención.",Familia Extensa,Colonia,Total depto,65.0,cantidad
Cuadro 4,"Cuadro 4. Cantidad de niños, niñas y adolescentes en Acogimiento Familiar por Departamento y tipo de centro, según propuesta de atención.",Familia Extensa,Durazno,Centros SPE 24 horas,28.0,cantidad
Cuadro 4,"Cuadro 4. Cantidad de niños, niñas y adolescentes en Acogimiento Familiar por Departamento y tipo de centro, según propuesta de atención.",Familia Extensa,Durazno,Centros Atención Tiempo Parcial y Atención en la Comunidad,73.0,cantidad
Cuadro 4,"Cuadro 4. Cantidad de niños, niñas y adolescentes en Acogimiento Familiar por Departamento y tipo de centro, según propuesta de atención.",Familia Extensa,Durazno,Total depto,101.0,cantidad
Cuadro 4,"Cuadro 4. Cantidad de niños, niñas y adolescentes en Acogimiento Familiar por Departamento y tipo de centro, según propuesta de atención.",Familia Extensa,Flores,Centros SPE 24 horas,13.0,cantidad
Cuadro 4,"Cuadro 4. Cantidad de niños, niñas y adolescentes en Acogimiento Familiar por Departamento y tipo de centro, según propuesta de atención.",Familia Extensa,Flores,Centros Atención Tiempo Parcial y Atención en la Comunidad,31.0,cantidad
Cuadro 4,"Cuadro 4. Cantidad de niños, niñas y adolescentes en Acogimiento Familiar por Departamento y tipo de centro, según propuesta de atención.",Familia Extensa,Flores,Total depto,44.0,cantidad
Cuadro 4,"Cuadro 4. Cantidad de niños, niñas y adolescentes en Acogimiento Familiar por Departamento y tipo de centro, según propuesta de atención.",Familia Extensa,Florida,Centros SPE 24 horas,86.0,cantidad
Cuadro 4,"Cuadro 4. Cantidad de niños, niñas y adolescentes en Acogimiento Familiar por Departamento y tipo de centro, según propuesta de atención.",Familia Extensa,Florida,Centros Atención Tiempo Parcial y Atención en la Comunidad,19.0,cantidad
Cuadro 4,"Cuadro 4. Cantidad de niños, niñas y adolescentes en Acogimiento Familiar por Departamento y tipo de centro, según propuesta de atención.",Familia Extensa,Florida,Total depto,105.0,cantidad
Cuadro 4,"Cuadro 4. Cantidad de niños, niñas y adolescentes en Acogimiento Familiar por Departamento y tipo de centro, según propuesta de atención.",Familia Extensa,Lavalleja,Centros SPE 24 horas,20.0,cantidad
Cuadro 4,"Cuadro 4. Cantidad de niños, niñas y adolescentes en Acogimiento Familiar por Departamento y tipo de centro, según propuesta de atención.",Familia Extensa,Lavalleja,Centros Atención Tiempo Parcial y Atención en la Comunidad,15.0,cantidad
Cuadro 4,"Cuadro 4. Cantidad de niños, niñas y adolescentes en Acogimiento Familiar por Departamento y tipo de centro, según propuesta de atención.",Familia Extensa,Lavalleja,Total depto,35.0,cantidad
Cuadro 4,"Cuadro 4. Cantidad de niños, niñas y adolescentes en Acogimiento Familiar por Departamento y tipo de centro, según propuesta de atención.",Familia Extensa,Maldonado,Centros SPE 24 horas,122.0,cantidad
Cuadro 4,"Cuadro 4. Cantidad de niños, niñas y adolescentes en Acogimiento Familiar por Departamento y tipo de centro, según propuesta de atención.",Familia Extensa,Maldonado,Centros Atención Tiempo Parcial y Atención en la Comunidad,109.0,cantidad
Cuadro 4,"Cuadro 4. Cantidad de niños, niñas y adolescentes en Acogimiento Familiar por Departamento y tipo de centro, según propuesta de atención.",Familia Extensa,Maldonado,Total depto,231.0,cantidad
Cuadro 4,"Cuadro 4. Cantidad de niños, niñas y adolescentes en Acogimiento Familiar por Departamento y tipo de centro, según propuesta de atención.",Familia Extensa,Montevideo,Centros SPE 24 horas,62.0,cantidad
Cuadro 4,"Cuadro 4. Cantidad de niños, niñas y adolescentes en Acogimiento Familiar por Departamento y tipo de centro, según propuesta de atención.",Familia Extensa,Montevideo,Centros Atención Tiempo Parcial y Atención en la Comunidad,873.0,cantidad
Cuadro 4,"Cuadro 4. Cantidad de niños, niñas y adolescentes en Acogimiento Familiar por Departamento y tipo de centro, según propuesta de atención.",Familia Extensa,Montevideo,Total depto,935.0,cantidad
Cuadro 4,"Cuadro 4. Cantidad de niños, niñas y adolescentes en Acogimiento Familiar por Departamento y tipo de centro, según propuesta de atención.",Familia Extensa,Paysandú,Centros SPE 24 horas,14.0,cantidad
Cuadro 4,"Cuadro 4. Cantidad de niños, niñas y adolescentes en Acogimiento Familiar por Departamento y tipo de centro, según propuesta de atención.",Familia Extensa,Paysandú,Centros Atención Tiempo Parcial y Atención en la Comunidad,12.0,cantidad
Cuadro 4,"Cuadro 4. Cantidad de niños, niñas y adolescentes en Acogimiento Familiar por Departamento y tipo de centro, según propuesta de atención.",Familia Extensa,Paysandú,Total depto,26.0,cantidad
Cuadro 4,"Cuadro 4. Cantidad de niños, niñas y adolescentes en Acogimiento Familiar por Departamento y tipo de centro, según propuesta de atención.",Familia Extensa,Río Negro,Centros SPE 24 horas,7.0,cantidad
Cuadro 4,"Cuadro 4. Cantidad de niños, niñas y adolescentes en Acogimiento Familiar por Departamento y tipo de centro, según propuesta de atención.",Familia Extensa,Río Negro,Centros Atención Tiempo Parcial y Atención en la Comunidad,43.0,cantidad
Cuadro 4,"Cuadro 4. Cantidad de niños, niñas y adolescentes en Acogimiento Familiar por Departamento y tipo de centro, según propuesta de atención.",Familia Extensa,Río Negro,Total depto,50.0,cantidad
Cuadro 4,"Cuadro 4. Cantidad de niños, niñas y adolescentes en Acogimiento Familiar por Departamento y tipo de centro, según propuesta de atención.",Familia Extensa,Rivera,Centros SPE 24 horas,11.0,cantidad
Cuadro 4,"Cuadro 4. Cantidad de niños, niñas y adolescentes en Acogimiento Familiar por Departamento y tipo de centro, según propuesta de atención.",Familia Extensa,Rivera,Centros Atención Tiempo Parcial y Atención en la Comunidad,51.0,cantidad
Cuadro 4,"Cuadro 4. Cantidad de niños, niñas y adolescentes en Acogimiento Familiar por Departamento y tipo de centro, según propuesta de atención.",Familia Extensa,Rivera,Total depto,62.0,cantidad
Cuadro 4,"Cuadro 4. Cantidad de niños, niñas y adolescentes en Acogimiento Familiar por Departamento y tipo de centro, según propuesta de atención.",Familia Extensa,Rocha,Centros SPE 24 horas,7.0,cantidad
Cuadro 4,"Cuadro 4. Cantidad de niños, niñas y adolescentes en Acogimiento Familiar por Departamento y tipo de centro, según propuesta de atención.",Familia Extensa,Rocha,Centros Atención Tiempo Parcial y Atención en la Comunidad,45.0,cantidad
Cuadro 4,"Cuadro 4. Cantidad de niños, niñas y adolescentes en Acogimiento Familiar por Departamento y tipo de centro, según propuesta de atención.",Familia Extensa,Rocha,Total depto,52.0,cantidad
Cuadro 4,"Cuadro 4. Cantidad de niños, niñas y adolescentes en Acogimiento Familiar por Departamento y tipo de centro, según propuesta de atención.",Familia Extensa,Salto,Centros SPE 24 horas,4.0,cantidad
Cuadro 4,"Cuadro 4. Cantidad de niños, niñas y adolescentes en Acogimiento Familiar por Departamento y tipo de centro, según propuesta de atención.",Familia Extensa,Salto,Centros Atención Tiempo Parcial y Atención en la Comunidad,127.0,cantidad
Cuadro 4,"Cuadro 4. Cantidad de niños, niñas y adolescentes en Acogimiento Familiar por Departamento y tipo de centro, según propuesta de atención.",Familia Extensa,Salto,Total depto,131.0,cantidad
Cuadro 4,"Cuadro 4. Cantidad de niños, niñas y adolescentes en Acogimiento Familiar por Departamento y tipo de centro, según propuesta de atención.",Familia Extensa,San José,Centros SPE 24 horas,10.0,cantidad
Cuadro 4,"Cuadro 4. Cantidad de niños, niñas y adolescentes en Acogimiento Familiar por Departamento y tipo de centro, según propuesta de atención.",Familia Extensa,San José,Centros Atención Tiempo Parcial y Atención en la Comunidad,120.0,cantidad
Cuadro 4,"Cuadro 4. Cantidad de niños, niñas y adolescentes en Acogimiento Familiar por Departamento y tipo de centro, según propuesta de atención.",Familia Extensa,San José,Total depto,130.0,cantidad
Cuadro 4,"Cuadro 4. Cantidad de niños, niñas y adolescentes en Acogimiento Familiar por Departamento y tipo de centro, según propuesta de atención.",Familia Extensa,Soriano,Centros SPE 24 horas,2.0,cantidad
Cuadro 4,"Cuadro 4. Cantidad de niños, niñas y adolescentes en Acogimiento Familiar por Departamento y tipo de centro, según propuesta de atención.",Familia Extensa,Soriano,Centros Atención Tiempo Parcial y Atención en la Comunidad,43.0,cantidad
Cuadro 4,"Cuadro 4. Cantidad de niños, niñas y adolescentes en Acogimiento Familiar por Departamento y tipo de centro, según propuesta de atención.",Familia Extensa,Soriano,Total depto,45.0,cantidad
Cuadro 4,"Cuadro 4. Cantidad de niños, niñas y adolescentes en Acogimiento Familiar por Departamento y tipo de centro, según propuesta de atención.",Familia Extensa,Tacuarembó,Centros SPE 24 horas,4.0,cantidad
Cuadro 4,"Cuadro 4. Cantidad de niños, niñas y adolescentes en Acogimiento Familiar por Departamento y tipo de centro, según propuesta de atención.",Familia Extensa,Tacuarembó,Centros Atención Tiempo Parcial y Atención en la Comunidad,68.0,cantidad
Cuadro 4,"Cuadro 4. Cantidad de niños, niñas y adolescentes en Acogimiento Familiar por Departamento y tipo de centro, según propuesta de atención.",Familia Extensa,Tacuarembó,Total depto,72.0,cantidad
Cuadro 4,"Cuadro 4. Cantidad de niños, niñas y adolescentes en Acogimiento Familiar por Departamento y tipo de centro, según propuesta de atención.",Familia Extensa,Treinta y Tres,Centros SPE 24 horas,6.0,cantidad
Cuadro 4,"Cuadro 4. Cantidad de niños, niñas y adolescentes en Acogimiento Familiar por Departamento y tipo de centro, según propuesta de atención.",Familia Extensa,Treinta y Tres,Centros Atención Tiempo Parcial y Atención en la Comunidad,55.0,cantidad
Cuadro 4,"Cuadro 4. Cantidad de niños, niñas y adolescentes en Acogimiento Familiar por Departamento y tipo de centro, según propuesta de atención.",Familia Extensa,Treinta y Tres,Total depto,61.0,cantidad
Cuadro 4,"Cuadro 4. Cantidad de niños, niñas y adolescentes en Acogimiento Familiar por Departamento y tipo de centro, según propuesta de atención.",Familia Extensa,Total país,Total general,2593.0,cantidad
Cuadro 4,"Cuadro 4. Cantidad de niños, niñas y adolescentes en Acogimiento Familiar por Departamento y tipo de centro, según propuesta de atención.",Extensa Parcial,Artigas,Centros SPE 24 horas,0.0,cantidad
Cuadro 4,"Cuadro 4. Cantidad de niños, niñas y adolescentes en Acogimiento Familiar por Departamento y tipo de centro, según propuesta de atención.",Extensa Parcial,Artigas,Centros Atención Tiempo Parcial y Atención en la Comunidad,0.0,cantidad
Cuadro 4,"Cuadro 4. Cantidad de niños, niñas y adolescentes en Acogimiento Familiar por Departamento y tipo de centro, según propuesta de atención.",Extensa Parcial,Artigas,Total depto,0.0,cantidad
Cuadro 4,"Cuadro 4. Cantidad de niños, niñas y adolescentes en Acogimiento Familiar por Departamento y tipo de centro, según propuesta de atención.",Extensa Parcial,Canelones,Centros SPE 24 horas,4.0,cantidad
Cuadro 4,"Cuadro 4. Cantidad de niños, niñas y adolescentes en Acogimiento Familiar por Departamento y tipo de centro, según propuesta de atención.",Extensa Parcial,Canelones,Centros Atención Tiempo Parcial y Atención en la Comunidad,0.0,cantidad
Cuadro 4,"Cuadro 4. Cantidad de niños, niñas y adolescentes en Acogimiento Familiar por Departamento y tipo de centro, según propuesta de atención.",Extensa Parcial,Canelones,Total depto,4.0,cantidad
Cuadro 4,"Cuadro 4. Cantidad de niños, niñas y adolescentes en Acogimiento Familiar por Departamento y tipo de centro, según propuesta de atención.",Extensa Parcial,Cerro Largo,Centros SPE 24 horas,0.0,cantidad
Cuadro 4,"Cuadro 4. Cantidad de niños, niñas y adolescentes en Acogimiento Familiar por Departamento y tipo de centro, según propuesta de atención.",Extensa Parcial,Total país,Centros Atención Tiempo Parcial y Atención en la Comunidad,0.0,cantidad
Cuadro 4,"Cuadro 4. Cantidad de niños, niñas y adolescentes en Acogimiento Familiar por Departamento y tipo de centro, según propuesta de atención.",Extensa Parcial,Cerro Largo,Total depto,0.0,cantidad
Cuadro 4,"Cuadro 4. Cantidad de niños, niñas y adolescentes en Acogimiento Familiar por Departamento y tipo de centro, según propuesta de atención.",Extensa Parcial,Colonia,Centros SPE 24 horas,0.0,cantidad
Cuadro 4,"Cuadro 4. Cantidad de niños, niñas y adolescentes en Acogimiento Familiar por Departamento y tipo de centro, según propuesta de atención.",Extensa Parcial,Colonia,Centros Atención Tiempo Parcial y Atención en la Comunidad,0.0,cantidad
Cuadro 4,"Cuadro 4. Cantidad de niños, niñas y adolescentes en Acogimiento Familiar por Departamento y tipo de centro, según propuesta de atención.",Extensa Parcial,Colonia,Total depto,0.0,cantidad
Cuadro 4,"Cuadro 4. Cantidad de niños, niñas y adolescentes en Acogimiento Familiar por Departamento y tipo de centro, según propuesta de atención.",Extensa Parcial,Durazno,Centros SPE 24 horas,6.0,cantidad
Cuadro 4,"Cuadro 4. Cantidad de niños, niñas y adolescentes en Acogimiento Familiar por Departamento y tipo de centro, según propuesta de atención.",Extensa Parcial,Durazno,Centros Atención Tiempo Parcial y Atención en la Comunidad,0.0,cantidad
Cuadro 4,"Cuadro 4. Cantidad de niños, niñas y adolescentes en Acogimiento Familiar por Departamento y tipo de centro, según propuesta de atención.",Extensa Parcial,Durazno,Total depto,6.0,cantidad
Cuadro 4,"Cuadro 4. Cantidad de niños, niñas y adolescentes en Acogimiento Familiar por Departamento y tipo de centro, según propuesta de atención.",Extensa Parcial,Flores,Centros SPE 24 horas,0.0,cantidad
Cuadro 4,"Cuadro 4. Cantidad de niños, niñas y adolescentes en Acogimiento Familiar por Departamento y tipo de centro, según propuesta de atención.",Extensa Parcial,Flores,Centros Atención Tiempo Parcial y Atención en la Comunidad,0.0,cantidad
Cuadro 4,"Cuadro 4. Cantidad de niños, niñas y adolescentes en Acogimiento Familiar por Departamento y tipo de centro, según propuesta de atención.",Extensa Parcial,Flores,Total depto,0.0,cantidad
Cuadro 4,"Cuadro 4. Cantidad de niños, niñas y adolescentes en Acogimiento Familiar por Departamento y tipo de centro, según propuesta de atención.",Extensa Parcial,Florida,Centros SPE 24 horas,0.0,cantidad
Cuadro 4,"Cuadro 4. Cantidad de niños, niñas y adolescentes en Acogimiento Familiar por Departamento y tipo de centro, según propuesta de atención.",Extensa Parcial,Florida,Centros Atención Tiempo Parcial y Atención en la Comunidad,0.0,cantidad
Cuadro 4,"Cuadro 4. Cantidad de niños, niñas y adolescentes en Acogimiento Familiar por Departamento y tipo de centro, según propuesta de atención.",Extensa Parcial,Florida,Total depto,0.0,cantidad
Cuadro 4,"Cuadro 4. Cantidad de niños, niñas y adolescentes en Acogimiento Familiar por Departamento y tipo de centro, según propuesta de atención.",Extensa Parcial,Lavalleja,Centros SPE 24 horas,0.0,cantidad
Cuadro 4,"Cuadro 4. Cantidad de niños, niñas y adolescentes en Acogimiento Familiar por Departamento y tipo de centro, según propuesta de atención.",Extensa Parcial,Lavalleja,Centros Atención Tiempo Parcial y Atención en la Comunidad,0.0,cantidad
Cuadro 4,"Cuadro 4. Cantidad de niños, niñas y adolescentes en Acogimiento Familiar por Departamento y tipo de centro, según propuesta de atención.",Extensa Parcial,Lavalleja,Total depto,0.0,cantidad
Cuadro 4,"Cuadro 4. Cantidad de niños, niñas y adolescentes en Acogimiento Familiar por Departamento y tipo de centro, según propuesta de atención.",Extensa Parcial,Maldonado,Centros SPE 24 horas,0.0,cantidad
Cuadro 4,"Cuadro 4. Cantidad de niños, niñas y adolescentes en Acogimiento Familiar por Departamento y tipo de centro, según propuesta de atención.",Extensa Parcial,Maldonado,Centros Atención Tiempo Parcial y Atención en la Comunidad,0.0,cantidad
Cuadro 4,"Cuadro 4. Cantidad de niños, niñas y adolescentes en Acogimiento Familiar por Departamento y tipo de centro, según propuesta de atención.",Extensa Parcial,Maldonado,Total depto,0.0,cantidad
Cuadro 4,"Cuadro 4. Cantidad de niños, niñas y adolescentes en Acogimiento Familiar por Departamento y tipo de centro, según propuesta de atención.",Extensa Parcial,Montevideo,Centros SPE 24 horas,3.0,cantidad
Cuadro 4,"Cuadro 4. Cantidad de niños, niñas y adolescentes en Acogimiento Familiar por Departamento y tipo de centro, según propuesta de atención.",Extensa Parcial,Montevideo,Centros Atención Tiempo Parcial y Atención en la Comunidad,0.0,cantidad
Cuadro 4,"Cuadro 4. Cantidad de niños, niñas y adolescentes en Acogimiento Familiar por Departamento y tipo de centro, según propuesta de atención.",Extensa Parcial,Montevideo,Total depto,3.0,cantidad
Cuadro 4,"Cuadro 4. Cantidad de niños, niñas y adolescentes en Acogimiento Familiar por Departamento y tipo de centro, según propuesta de atención.",Extensa Parcial,Paysandú,Centros SPE 24 horas,0.0,cantidad
Cuadro 4,"Cuadro 4. Cantidad de niños, niñas y adolescentes en Acogimiento Familiar por Departamento y tipo de centro, según propuesta de atención.",Extensa Parcial,Paysandú,Centros Atención Tiempo Parcial y Atención en la Comunidad,0.0,cantidad
Cuadro 4,"Cuadro 4. Cantidad de niños, niñas y adolescentes en Acogimiento Familiar por Departamento y tipo de centro, según propuesta de atención.",Extensa Parcial,Paysandú,Total depto,0.0,cantidad
Cuadro 4,"Cuadro 4. Cantidad de niños, niñas y adolescentes en Acogimiento Familiar por Departamento y tipo de centro, según propuesta de atención.",Extensa Parcial,Río Negro,Centros SPE 24 horas,0.0,cantidad
Cuadro 4,"Cuadro 4. Cantidad de niños, niñas y adolescentes en Acogimiento Familiar por Departamento y tipo de centro, según propuesta de atención.",Extensa Parcial,Río Negro,Centros Atención Tiempo Parcial y Atención en la Comunidad,0.0,cantidad
Cuadro 4,"Cuadro 4. Cantidad de niños, niñas y adolescentes en Acogimiento Familiar por Departamento y tipo de centro, según propuesta de atención.",Extensa Parcial,Río Negro,Total depto,0.0,cantidad
Cuadro 4,"Cuadro 4. Cantidad de niños, niñas y adolescentes en Acogimiento Familiar por Departamento y tipo de centro, según propuesta de atención.",Extensa Parcial,Rivera,Centros SPE 24 horas,1.0,cantidad
Cuadro 4,"Cuadro 4. Cantidad de niños, niñas y adolescentes en Acogimiento Familiar por Departamento y tipo de centro, según propuesta de atención.",Extensa Parcial,Rivera,Centros Atención Tiempo Parcial y Atención en la Comunidad,0.0,cantidad
Cuadro 4,"Cuadro 4. Cantidad de niños, niñas y adolescentes en Acogimiento Familiar por Departamento y tipo de centro, según propuesta de atención.",Extensa Parcial,Rivera,Total depto,1.0,cantidad
Cuadro 4,"Cuadro 4. Cantidad de niños, niñas y adolescentes en Acogimiento Familiar por Departamento y tipo de centro, según propuesta de atención.",Extensa Parcial,Rocha,Centros SPE 24 horas,0.0,cantidad
Cuadro 4,"Cuadro 4. Cantidad de niños, niñas y adolescentes en Acogimiento Familiar por Departamento y tipo de centro, según propuesta de atención.",Extensa Parcial,Rocha,Centros Atención Tiempo Parcial y Atención en la Comunidad,0.0,cantidad
Cuadro 4,"Cuadro 4. Cantidad de niños, niñas y adolescentes en Acogimiento Familiar por Departamento y tipo de centro, según propuesta de atención.",Extensa Parcial,Rocha,Total depto,0.0,cantidad
Cuadro 4,"Cuadro 4. Cantidad de niños, niñas y adolescentes en Acogimiento Familiar por Departamento y tipo de centro, según propuesta de atención.",Extensa Parcial,Salto,Centros SPE 24 horas,1.0,cantidad
Cuadro 4,"Cuadro 4. Cantidad de niños, niñas y adolescentes en Acogimiento Familiar por Departamento y tipo de centro, según propuesta de atención.",Extensa Parcial,Salto,Centros Atención Tiempo Parcial y Atención en la Comunidad,0.0,cantidad
Cuadro 4,"Cuadro 4. Cantidad de niños, niñas y adolescentes en Acogimiento Familiar por Departamento y tipo de centro, según propuesta de atención.",Extensa Parcial,Salto,Total depto,1.0,cantidad
Cuadro 4,"Cuadro 4. Cantidad de niños, niñas y adolescentes en Acogimiento Familiar por Departamento y tipo de centro, según propuesta de atención.",Extensa Parcial,San José,Centros SPE 24 horas,0.0,cantidad
Cuadro 4,"Cuadro 4. Cantidad de niños, niñas y adolescentes en Acogimiento Familiar por Departamento y tipo de centro, según propuesta de atención.",Extensa Parcial,San José,Centros Atención Tiempo Parcial y Atención en la Comunidad,0.0,cantidad
Cuadro 4,"Cuadro 4. Cantidad de niños, niñas y adolescentes en Acogimiento Familiar por Departamento y tipo de centro, según propuesta de atención.",Extensa Parcial,San José,Total depto,0.0,cantidad
Cuadro 4,"Cuadro 4. Cantidad de niños, niñas y adolescentes en Acogimiento Familiar por Departamento y tipo de centro, según propuesta de atención.",Extensa Parcial,Soriano,Centros SPE 24 horas,0.0,cantidad
Cuadro 4,"Cuadro 4. Cantidad de niños, niñas y adolescentes en Acogimiento Familiar por Departamento y tipo de centro, según propuesta de atención.",Extensa Parcial,Soriano,Centros Atención Tiempo Parcial y Atención en la Comunidad,0.0,cantidad
Cuadro 4,"Cuadro 4. Cantidad de niños, niñas y adolescentes en Acogimiento Familiar por Departamento y tipo de centro, según propuesta de atención.",Extensa Parcial,Soriano,Total depto,0.0,cantidad
Cuadro 4,"Cuadro 4. Cantidad de niños, niñas y adolescentes en Acogimiento Familiar por Departamento y tipo de centro, según propuesta de atención.",Extensa Parcial,Tacuarembó,Centros SPE 24 horas,0.0,cantidad
Cuadro 4,"Cuadro 4. Cantidad de niños, niñas y adolescentes en Acogimiento Familiar por Departamento y tipo de centro, según propuesta de atención.",Extensa Parcial,Tacuarembó,Centros Atención Tiempo Parcial y Atención en la Comunidad,0.0,cantidad
Cuadro 4,"Cuadro 4. Cantidad de niños, niñas y adolescentes en Acogimiento Familiar por Departamento y tipo de centro, según propuesta de atención.",Extensa Parcial,Tacuarembó,Total depto,0.0,cantidad
Cuadro 4,"Cuadro 4. Cantidad de niños, niñas y adolescentes en Acogimiento Familiar por Departamento y tipo de centro, según propuesta de atención.",Extensa Parcial,Treinta y Tres,Centros SPE 24 horas,0.0,cantidad
Cuadro 4,"Cuadro 4. Cantidad de niños, niñas y adolescentes en Acogimiento Familiar por Departamento y tipo de centro, según propuesta de atención.",Extensa Parcial,Treinta y Tres,Centros Atención Tiempo Parcial y Atención en la Comunidad,0.0,cantidad
Cuadro 4,"Cuadro 4. Cantidad de niños, niñas y adolescentes en Acogimiento Familiar por Departamento y tipo de centro, según propuesta de atención.",Extensa Parcial,Treinta y Tres,Total depto,0.0,cantidad
Cuadro 4,"Cuadro 4. Cantidad de niños, niñas y adolescentes en Acogimiento Familiar por Departamento y tipo de centro, según propuesta de atención.",Extensa Parcial,Total país,Total general,15.0,cantidad
Cuadro 4,"Cuadro 4. Cantidad de niños, niñas y adolescentes en Acogimiento Familiar por Departamento y tipo de centro, según propuesta de atención.",Extensa,Artigas,Centros SPE 24 horas,15.0,cantidad
Cuadro 4,"Cuadro 4. Cantidad de niños, niñas y adolescentes en Acogimiento Familiar por Departamento y tipo de centro, según propuesta de atención.",Extensa,Artigas,Centros Atención Tiempo Parcial y Atención en la Comunidad,90.0,cantidad
Cuadro 4,"Cuadro 4. Cantidad de niños, niñas y adolescentes en Acogimiento Familiar por Departamento y tipo de centro, según propuesta de atención.",Extensa,Artigas,Total depto,105.0,cantidad
Cuadro 4,"Cuadro 4. Cantidad de niños, niñas y adolescentes en Acogimiento Familiar por Departamento y tipo de centro, según propuesta de atención.",Extensa,Canelones,Centros SPE 24 horas,45.0,cantidad
Cuadro 4,"Cuadro 4. Cantidad de niños, niñas y adolescentes en Acogimiento Familiar por Departamento y tipo de centro, según propuesta de atención.",Extensa,Canelones,Centros Atención Tiempo Parcial y Atención en la Comunidad,234.0,cantidad
Cuadro 4,"Cuadro 4. Cantidad de niños, niñas y adolescentes en Acogimiento Familiar por Departamento y tipo de centro, según propuesta de atención.",Extensa,Canelones,Total depto,279.0,cantidad
Cuadro 4,"Cuadro 4. Cantidad de niños, niñas y adolescentes en Acogimiento Familiar por Departamento y tipo de centro, según propuesta de atención.",Extensa,Cerro Largo,Centros SPE 24 horas,36.0,cantidad
Cuadro 4,"Cuadro 4. Cantidad de niños, niñas y adolescentes en Acogimiento Familiar por Departamento y tipo de centro, según propuesta de atención.",Extensa,Total país,Centros Atención Tiempo Parcial y Atención en la Comunidad,24.0,cantidad
Cuadro 4,"Cuadro 4. Cantidad de niños, niñas y adolescentes en Acogimiento Familiar por Departamento y tipo de centro, según propuesta de atención.",Extensa,Cerro Largo,Total depto,60.0,cantidad
Cuadro 4,"Cuadro 4. Cantidad de niños, niñas y adolescentes en Acogimiento Familiar por Departamento y tipo de centro, según propuesta de atención.",Extensa,Colonia,Centros SPE 24 horas,3.0,cantidad
Cuadro 4,"Cuadro 4. Cantidad de niños, niñas y adolescentes en Acogimiento Familiar por Departamento y tipo de centro, según propuesta de atención.",Extensa,Colonia,Centros Atención Tiempo Parcial y Atención en la Comunidad,62.0,cantidad
Cuadro 4,"Cuadro 4. Cantidad de niños, niñas y adolescentes en Acogimiento Familiar por Departamento y tipo de centro, según propuesta de atención.",Extensa,Colonia,Total depto,65.0,cantidad
Cuadro 4,"Cuadro 4. Cantidad de niños, niñas y adolescentes en Acogimiento Familiar por Departamento y tipo de centro, según propuesta de atención.",Extensa,Durazno,Centros SPE 24 horas,22.0,cantidad
Cuadro 4,"Cuadro 4. Cantidad de niños, niñas y adolescentes en Acogimiento Familiar por Departamento y tipo de centro, según propuesta de atención.",Extensa,Durazno,Centros Atención Tiempo Parcial y Atención en la Comunidad,73.0,cantidad
Cuadro 4,"Cuadro 4. Cantidad de niños, niñas y adolescentes en Acogimiento Familiar por Departamento y tipo de centro, según propuesta de atención.",Extensa,Durazno,Total depto,95.0,cantidad
Cuadro 4,"Cuadro 4. Cantidad de niños, niñas y adolescentes en Acogimiento Familiar por Departamento y tipo de centro, según propuesta de atención.",Extensa,Flores,Centros SPE 24 horas,13.0,cantidad
Cuadro 4,"Cuadro 4. Cantidad de niños, niñas y adolescentes en Acogimiento Familiar por Departamento y tipo de centro, según propuesta de atención.",Extensa,Flores,Centros Atención Tiempo Parcial y Atención en la Comunidad,31.0,cantidad
Cuadro 4,"Cuadro 4. Cantidad de niños, niñas y adolescentes en Acogimiento Familiar por Departamento y tipo de centro, según propuesta de atención.",Extensa,Flores,Total depto,44.0,cantidad
Cuadro 4,"Cuadro 4. Cantidad de niños, niñas y adolescentes en Acogimiento Familiar por Departamento y tipo de centro, según propuesta de atención.",Extensa,Florida,Centros SPE 24 horas,86.0,cantidad
Cuadro 4,"Cuadro 4. Cantidad de niños, niñas y adolescentes en Acogimiento Familiar por Departamento y tipo de centro, según propuesta de atención.",Extensa,Florida,Centros Atención Tiempo Parcial y Atención en la Comunidad,19.0,cantidad
Cuadro 4,"Cuadro 4. Cantidad de niños, niñas y adolescentes en Acogimiento Familiar por Departamento y tipo de centro, según propuesta de atención.",Extensa,Florida,Total depto,105.0,cantidad
Cuadro 4,"Cuadro 4. Cantidad de niños, niñas y adolescentes en Acogimiento Familiar por Departamento y tipo de centro, según propuesta de atención.",Extensa,Lavalleja,Centros SPE 24 horas,20.0,cantidad
Cuadro 4,"Cuadro 4. Cantidad de niños, niñas y adolescentes en Acogimiento Familiar por Departamento y tipo de centro, según propuesta de atención.",Extensa,Lavalleja,Centros Atención Tiempo Parcial y Atención en la Comunidad,15.0,cantidad
Cuadro 4,"Cuadro 4. Cantidad de niños, niñas y adolescentes en Acogimiento Familiar por Departamento y tipo de centro, según propuesta de atención.",Extensa,Lavalleja,Total depto,35.0,cantidad
Cuadro 4,"Cuadro 4. Cantidad de niños, niñas y adolescentes en Acogimiento Familiar por Departamento y tipo de centro, según propuesta de atención.",Extensa,Maldonado,Centros SPE 24 horas,122.0,cantidad
Cuadro 4,"Cuadro 4. Cantidad de niños, niñas y adolescentes en Acogimiento Familiar por Departamento y tipo de centro, según propuesta de atención.",Extensa,Maldonado,Centros Atención Tiempo Parcial y Atención en la Comunidad,109.0,cantidad
Cuadro 4,"Cuadro 4. Cantidad de niños, niñas y adolescentes en Acogimiento Familiar por Departamento y tipo de centro, según propuesta de atención.",Extensa,Maldonado,Total depto,231.0,cantidad
Cuadro 4,"Cuadro 4. Cantidad de niños, niñas y adolescentes en Acogimiento Familiar por Departamento y tipo de centro, según propuesta de atención.",Extensa,Montevideo,Centros SPE 24 horas,59.0,cantidad
Cuadro 4,"Cuadro 4. Cantidad de niños, niñas y adolescentes en Acogimiento Familiar por Departamento y tipo de centro, según propuesta de atención.",Extensa,Montevideo,Centros Atención Tiempo Parcial y Atención en la Comunidad,873.0,cantidad
Cuadro 4,"Cuadro 4. Cantidad de niños, niñas y adolescentes en Acogimiento Familiar por Departamento y tipo de centro, según propuesta de atención.",Extensa,Montevideo,Total depto,932.0,cantidad
Cuadro 4,"Cuadro 4. Cantidad de niños, niñas y adolescentes en Acogimiento Familiar por Departamento y tipo de centro, según propuesta de atención.",Extensa,Paysandú,Centros SPE 24 horas,14.0,cantidad
Cuadro 4,"Cuadro 4. Cantidad de niños, niñas y adolescentes en Acogimiento Familiar por Departamento y tipo de centro, según propuesta de atención.",Extensa,Paysandú,Centros Atención Tiempo Parcial y Atención en la Comunidad,12.0,cantidad
Cuadro 4,"Cuadro 4. Cantidad de niños, niñas y adolescentes en Acogimiento Familiar por Departamento y tipo de centro, según propuesta de atención.",Extensa,Paysandú,Total depto,26.0,cantidad
Cuadro 4,"Cuadro 4. Cantidad de niños, niñas y adolescentes en Acogimiento Familiar por Departamento y tipo de centro, según propuesta de atención.",Extensa,Río Negro,Centros SPE 24 horas,7.0,cantidad
Cuadro 4,"Cuadro 4. Cantidad de niños, niñas y adolescentes en Acogimiento Familiar por Departamento y tipo de centro, según propuesta de atención.",Extensa,Río Negro,Centros Atención Tiempo Parcial y Atención en la Comunidad,43.0,cantidad
Cuadro 4,"Cuadro 4. Cantidad de niños, niñas y adolescentes en Acogimiento Familiar por Departamento y tipo de centro, según propuesta de atención.",Extensa,Río Negro,Total depto,50.0,cantidad
Cuadro 4,"Cuadro 4. Cantidad de niños, niñas y adolescentes en Acogimiento Familiar por Departamento y tipo de centro, según propuesta de atención.",Extensa,Rivera,Centros SPE 24 horas,10.0,cantidad
Cuadro 4,"Cuadro 4. Cantidad de niños, niñas y adolescentes en Acogimiento Familiar por Departamento y tipo de centro, según propuesta de atención.",Extensa,Rivera,Centros Atención Tiempo Parcial y Atención en la Comunidad,51.0,cantidad
Cuadro 4,"Cuadro 4. Cantidad de niños, niñas y adolescentes en Acogimiento Familiar por Departamento y tipo de centro, según propuesta de atención.",Extensa,Rivera,Total depto,61.0,cantidad
Cuadro 4,"Cuadro 4. Cantidad de niños, niñas y adolescentes en Acogimiento Familiar por Departamento y tipo de centro, según propuesta de atención.",Extensa,Rocha,Centros SPE 24 horas,7.0,cantidad
Cuadro 4,"Cuadro 4. Cantidad de niños, niñas y adolescentes en Acogimiento Familiar por Departamento y tipo de centro, según propuesta de atención.",Extensa,Rocha,Centros Atención Tiempo Parcial y Atención en la Comunidad,45.0,cantidad
Cuadro 4,"Cuadro 4. Cantidad de niños, niñas y adolescentes en Acogimiento Familiar por Departamento y tipo de centro, según propuesta de atención.",Extensa,Rocha,Total depto,52.0,cantidad
Cuadro 4,"Cuadro 4. Cantidad de niños, niñas y adolescentes en Acogimiento Familiar por Departamento y tipo de centro, según propuesta de atención.",Extensa,Salto,Centros SPE 24 horas,3.0,cantidad
Cuadro 4,"Cuadro 4. Cantidad de niños, niñas y adolescentes en Acogimiento Familiar por Departamento y tipo de centro, según propuesta de atención.",Extensa,Salto,Centros Atención Tiempo Parcial y Atención en la Comunidad,127.0,cantidad
Cuadro 4,"Cuadro 4. Cantidad de niños, niñas y adolescentes en Acogimiento Familiar por Departamento y tipo de centro, según propuesta de atención.",Extensa,Salto,Total depto,130.0,cantidad
Cuadro 4,"Cuadro 4. Cantidad de niños, niñas y adolescentes en Acogimiento Familiar por Departamento y tipo de centro, según propuesta de atención.",Extensa,San José,Centros SPE 24 horas,10.0,cantidad
Cuadro 4,"Cuadro 4. Cantidad de niños, niñas y adolescentes en Acogimiento Familiar por Departamento y tipo de centro, según propuesta de atención.",Extensa,San José,Centros Atención Tiempo Parcial y Atención en la Comunidad,120.0,cantidad
Cuadro 4,"Cuadro 4. Cantidad de niños, niñas y adolescentes en Acogimiento Familiar por Departamento y tipo de centro, según propuesta de atención.",Extensa,San José,Total depto,130.0,cantidad
Cuadro 4,"Cuadro 4. Cantidad de niños, niñas y adolescentes en Acogimiento Familiar por Departamento y tipo de centro, según propuesta de atención.",Extensa,Soriano,Centros SPE 24 horas,2.0,cantidad
Cuadro 4,"Cuadro 4. Cantidad de niños, niñas y adolescentes en Acogimiento Familiar por Departamento y tipo de centro, según propuesta de atención.",Extensa,Soriano,Centros Atención Tiempo Parcial y Atención en la Comunidad,43.0,cantidad
Cuadro 4,"Cuadro 4. Cantidad de niños, niñas y adolescentes en Acogimiento Familiar por Departamento y tipo de centro, según propuesta de atención.",Extensa,Soriano,Total depto,45.0,cantidad
Cuadro 4,"Cuadro 4. Cantidad de niños, niñas y adolescentes en Acogimiento Familiar por Departamento y tipo de centro, según propuesta de atención.",Extensa,Tacuarembó,Centros SPE 24 horas,4.0,cantidad
Cuadro 4,"Cuadro 4. Cantidad de niños, niñas y adolescentes en Acogimiento Familiar por Departamento y tipo de centro, según propuesta de atención.",Extensa,Tacuarembó,Centros Atención Tiempo Parcial y Atención en la Comunidad,68.0,cantidad
Cuadro 4,"Cuadro 4. Cantidad de niños, niñas y adolescentes en Acogimiento Familiar por Departamento y tipo de centro, según propuesta de atención.",Extensa,Tacuarembó,Total depto,72.0,cantidad
Cuadro 4,"Cuadro 4. Cantidad de niños, niñas y adolescentes en Acogimiento Familiar por Departamento y tipo de centro, según propuesta de atención.",Extensa,Treinta y Tres,Centros SPE 24 horas,6.0,cantidad
Cuadro 4,"Cuadro 4. Cantidad de niños, niñas y adolescentes en Acogimiento Familiar por Departamento y tipo de centro, según propuesta de atención.",Extensa,Treinta y Tres,Centros Atención Tiempo Parcial y Atención en la Comunidad,55.0,cantidad
Cuadro 4,"Cuadro 4. Cantidad de niños, niñas y adolescentes en Acogimiento Familiar por Departamento y tipo de centro, según propuesta de atención.",Extensa,Treinta y Tres,Total depto,61.0,cantidad
Cuadro 4,"Cuadro 4. Cantidad de niños, niñas y adolescentes en Acogimiento Familiar por Departamento y tipo de centro, según propuesta de atención.",Extensa,Total país,Total general,2578.0,cantidad
Cuadro 4,"Cuadro 4. Cantidad de niños, niñas y adolescentes en Acogimiento Familiar por Departamento y tipo de centro, según propuesta de atención.",Familia Afinidad,Artigas,Centros SPE 24 horas,2.0,cantidad
Cuadro 4,"Cuadro 4. Cantidad de niños, niñas y adolescentes en Acogimiento Familiar por Departamento y tipo de centro, según propuesta de atención.",Familia Afinidad,Artigas,Centros Atención Tiempo Parcial y Atención en la Comunidad,5.0,cantidad
Cuadro 4,"Cuadro 4. Cantidad de niños, niñas y adolescentes en Acogimiento Familiar por Departamento y tipo de centro, según propuesta de atención.",Familia Afinidad,Artigas,Total depto,7.0,cantidad
Cuadro 4,"Cuadro 4. Cantidad de niños, niñas y adolescentes en Acogimiento Familiar por Departamento y tipo de centro, según propuesta de atención.",Familia Afinidad,Canelones,Centros SPE 24 horas,9.0,cantidad
Cuadro 4,"Cuadro 4. Cantidad de niños, niñas y adolescentes en Acogimiento Familiar por Departamento y tipo de centro, según propuesta de atención.",Familia Afinidad,Canelones,Centros Atención Tiempo Parcial y Atención en la Comunidad,24.0,cantidad
Cuadro 4,"Cuadro 4. Cantidad de niños, niñas y adolescentes en Acogimiento Familiar por Departamento y tipo de centro, según propuesta de atención.",Familia Afinidad,Canelones,Total depto,33.0,cantidad
Cuadro 4,"Cuadro 4. Cantidad de niños, niñas y adolescentes en Acogimiento Familiar por Departamento y tipo de centro, según propuesta de atención.",Familia Afinidad,Cerro Largo,Centros SPE 24 horas,4.0,cantidad
Cuadro 4,"Cuadro 4. Cantidad de niños, niñas y adolescentes en Acogimiento Familiar por Departamento y tipo de centro, según propuesta de atención.",Familia Afinidad,Total país,Centros Atención Tiempo Parcial y Atención en la Comunidad,0.0,cantidad
Cuadro 4,"Cuadro 4. Cantidad de niños, niñas y adolescentes en Acogimiento Familiar por Departamento y tipo de centro, según propuesta de atención.",Familia Afinidad,Cerro Largo,Total depto,4.0,cantidad
Cuadro 4,"Cuadro 4. Cantidad de niños, niñas y adolescentes en Acogimiento Familiar por Departamento y tipo de centro, según propuesta de atención.",Familia Afinidad,Colonia,Centros SPE 24 horas,3.0,cantidad
Cuadro 4,"Cuadro 4. Cantidad de niños, niñas y adolescentes en Acogimiento Familiar por Departamento y tipo de centro, según propuesta de atención.",Familia Afinidad,Colonia,Centros Atención Tiempo Parcial y Atención en la Comunidad,9.0,cantidad
Cuadro 4,"Cuadro 4. Cantidad de niños, niñas y adolescentes en Acogimiento Familiar por Departamento y tipo de centro, según propuesta de atención.",Familia Afinidad,Colonia,Total depto,12.0,cantidad
Cuadro 4,"Cuadro 4. Cantidad de niños, niñas y adolescentes en Acogimiento Familiar por Departamento y tipo de centro, según propuesta de atención.",Familia Afinidad,Durazno,Centros SPE 24 horas,2.0,cantidad
Cuadro 4,"Cuadro 4. Cantidad de niños, niñas y adolescentes en Acogimiento Familiar por Departamento y tipo de centro, según propuesta de atención.",Familia Afinidad,Durazno,Centros Atención Tiempo Parcial y Atención en la Comunidad,4.0,cantidad
Cuadro 4,"Cuadro 4. Cantidad de niños, niñas y adolescentes en Acogimiento Familiar por Departamento y tipo de centro, según propuesta de atención.",Familia Afinidad,Durazno,Total depto,6.0,cantidad
Cuadro 4,"Cuadro 4. Cantidad de niños, niñas y adolescentes en Acogimiento Familiar por Departamento y tipo de centro, según propuesta de atención.",Familia Afinidad,Flores,Centros SPE 24 horas,4.0,cantidad
Cuadro 4,"Cuadro 4. Cantidad de niños, niñas y adolescentes en Acogimiento Familiar por Departamento y tipo de centro, según propuesta de atención.",Familia Afinidad,Flores,Centros Atención Tiempo Parcial y Atención en la Comunidad,4.0,cantidad
Cuadro 4,"Cuadro 4. Cantidad de niños, niñas y adolescentes en Acogimiento Familiar por Departamento y tipo de centro, según propuesta de atención.",Familia Afinidad,Flores,Total depto,8.0,cantidad
Cuadro 4,"Cuadro 4. Cantidad de niños, niñas y adolescentes en Acogimiento Familiar por Departamento y tipo de centro, según propuesta de atención.",Familia Afinidad,Florida,Centros SPE 24 horas,10.0,cantidad
Cuadro 4,"Cuadro 4. Cantidad de niños, niñas y adolescentes en Acogimiento Familiar por Departamento y tipo de centro, según propuesta de atención.",Familia Afinidad,Florida,Centros Atención Tiempo Parcial y Atención en la Comunidad,0.0,cantidad
Cuadro 4,"Cuadro 4. Cantidad de niños, niñas y adolescentes en Acogimiento Familiar por Departamento y tipo de centro, según propuesta de atención.",Familia Afinidad,Florida,Total depto,10.0,cantidad
Cuadro 4,"Cuadro 4. Cantidad de niños, niñas y adolescentes en Acogimiento Familiar por Departamento y tipo de centro, según propuesta de atención.",Familia Afinidad,Lavalleja,Centros SPE 24 horas,5.0,cantidad
Cuadro 4,"Cuadro 4. Cantidad de niños, niñas y adolescentes en Acogimiento Familiar por Departamento y tipo de centro, según propuesta de atención.",Familia Afinidad,Lavalleja,Centros Atención Tiempo Parcial y Atención en la Comunidad,0.0,cantidad
Cuadro 4,"Cuadro 4. Cantidad de niños, niñas y adolescentes en Acogimiento Familiar por Departamento y tipo de centro, según propuesta de atención.",Familia Afinidad,Lavalleja,Total depto,5.0,cantidad
Cuadro 4,"Cuadro 4. Cantidad de niños, niñas y adolescentes en Acogimiento Familiar por Departamento y tipo de centro, según propuesta de atención.",Familia Afinidad,Maldonado,Centros SPE 24 horas,18.0,cantidad
Cuadro 4,"Cuadro 4. Cantidad de niños, niñas y adolescentes en Acogimiento Familiar por Departamento y tipo de centro, según propuesta de atención.",Familia Afinidad,Maldonado,Centros Atención Tiempo Parcial y Atención en la Comunidad,9.0,cantidad
Cuadro 4,"Cuadro 4. Cantidad de niños, niñas y adolescentes en Acogimiento Familiar por Departamento y tipo de centro, según propuesta de atención.",Familia Afinidad,Maldonado,Total depto,27.0,cantidad
Cuadro 4,"Cuadro 4. Cantidad de niños, niñas y adolescentes en Acogimiento Familiar por Departamento y tipo de centro, según propuesta de atención.",Familia Afinidad,Montevideo,Centros SPE 24 horas,29.0,cantidad
Cuadro 4,"Cuadro 4. Cantidad de niños, niñas y adolescentes en Acogimiento Familiar por Departamento y tipo de centro, según propuesta de atención.",Familia Afinidad,Montevideo,Centros Atención Tiempo Parcial y Atención en la Comunidad,67.0,cantidad
Cuadro 4,"Cuadro 4. Cantidad de niños, niñas y adolescentes en Acogimiento Familiar por Departamento y tipo de centro, según propuesta de atención.",Familia Afinidad,Montevideo,Total depto,96.0,cantidad
Cuadro 4,"Cuadro 4. Cantidad de niños, niñas y adolescentes en Acogimiento Familiar por Departamento y tipo de centro, según propuesta de atención.",Familia Afinidad,Paysandú,Centros SPE 24 horas,5.0,cantidad
Cuadro 4,"Cuadro 4. Cantidad de niños, niñas y adolescentes en Acogimiento Familiar por Departamento y tipo de centro, según propuesta de atención.",Familia Afinidad,Paysandú,Centros Atención Tiempo Parcial y Atención en la Comunidad,2.0,cantidad
Cuadro 4,"Cuadro 4. Cantidad de niños, niñas y adolescentes en Acogimiento Familiar por Departamento y tipo de centro, según propuesta de atención.",Familia Afinidad,Paysandú,Total depto,7.0,cantidad
Cuadro 4,"Cuadro 4. Cantidad de niños, niñas y adolescentes en Acogimiento Familiar por Departamento y tipo de centro, según propuesta de atención.",Familia Afinidad,Río Negro,Centros SPE 24 horas,0.0,cantidad
Cuadro 4,"Cuadro 4. Cantidad de niños, niñas y adolescentes en Acogimiento Familiar por Departamento y tipo de centro, según propuesta de atención.",Familia Afinidad,Río Negro,Centros Atención Tiempo Parcial y Atención en la Comunidad,3.0,cantidad
Cuadro 4,"Cuadro 4. Cantidad de niños, niñas y adolescentes en Acogimiento Familiar por Departamento y tipo de centro, según propuesta de atención.",Familia Afinidad,Río Negro,Total depto,3.0,cantidad
Cuadro 4,"Cuadro 4. Cantidad de niños, niñas y adolescentes en Acogimiento Familiar por Departamento y tipo de centro, según propuesta de atención.",Familia Afinidad,Rivera,Centros SPE 24 horas,8.0,cantidad
Cuadro 4,"Cuadro 4. Cantidad de niños, niñas y adolescentes en Acogimiento Familiar por Departamento y tipo de centro, según propuesta de atención.",Familia Afinidad,Rivera,Centros Atención Tiempo Parcial y Atención en la Comunidad,8.0,cantidad
Cuadro 4,"Cuadro 4. Cantidad de niños, niñas y adolescentes en Acogimiento Familiar por Departamento y tipo de centro, según propuesta de atención.",Familia Afinidad,Rivera,Total depto,16.0,cantidad
Cuadro 4,"Cuadro 4. Cantidad de niños, niñas y adolescentes en Acogimiento Familiar por Departamento y tipo de centro, según propuesta de atención.",Familia Afinidad,Rocha,Centros SPE 24 horas,1.0,cantidad
Cuadro 4,"Cuadro 4. Cantidad de niños, niñas y adolescentes en Acogimiento Familiar por Departamento y tipo de centro, según propuesta de atención.",Familia Afinidad,Rocha,Centros Atención Tiempo Parcial y Atención en la Comunidad,10.0,cantidad
Cuadro 4,"Cuadro 4. Cantidad de niños, niñas y adolescentes en Acogimiento Familiar por Departamento y tipo de centro, según propuesta de atención.",Familia Afinidad,Rocha,Total depto,11.0,cantidad
Cuadro 4,"Cuadro 4. Cantidad de niños, niñas y adolescentes en Acogimiento Familiar por Departamento y tipo de centro, según propuesta de atención.",Familia Afinidad,Salto,Centros SPE 24 horas,1.0,cantidad
Cuadro 4,"Cuadro 4. Cantidad de niños, niñas y adolescentes en Acogimiento Familiar por Departamento y tipo de centro, según propuesta de atención.",Familia Afinidad,Salto,Centros Atención Tiempo Parcial y Atención en la Comunidad,12.0,cantidad
Cuadro 4,"Cuadro 4. Cantidad de niños, niñas y adolescentes en Acogimiento Familiar por Departamento y tipo de centro, según propuesta de atención.",Familia Afinidad,Salto,Total depto,13.0,cantidad
Cuadro 4,"Cuadro 4. Cantidad de niños, niñas y adolescentes en Acogimiento Familiar por Departamento y tipo de centro, según propuesta de atención.",Familia Afinidad,San José,Centros SPE 24 horas,7.0,cantidad
Cuadro 4,"Cuadro 4. Cantidad de niños, niñas y adolescentes en Acogimiento Familiar por Departamento y tipo de centro, según propuesta de atención.",Familia Afinidad,San José,Centros Atención Tiempo Parcial y Atención en la Comunidad,10.0,cantidad
Cuadro 4,"Cuadro 4. Cantidad de niños, niñas y adolescentes en Acogimiento Familiar por Departamento y tipo de centro, según propuesta de atención.",Familia Afinidad,San José,Total depto,17.0,cantidad
Cuadro 4,"Cuadro 4. Cantidad de niños, niñas y adolescentes en Acogimiento Familiar por Departamento y tipo de centro, según propuesta de atención.",Familia Afinidad,Soriano,Centros SPE 24 horas,0.0,cantidad
Cuadro 4,"Cuadro 4. Cantidad de niños, niñas y adolescentes en Acogimiento Familiar por Departamento y tipo de centro, según propuesta de atención.",Familia Afinidad,Soriano,Centros Atención Tiempo Parcial y Atención en la Comunidad,4.0,cantidad
Cuadro 4,"Cuadro 4. Cantidad de niños, niñas y adolescentes en Acogimiento Familiar por Departamento y tipo de centro, según propuesta de atención.",Familia Afinidad,Soriano,Total depto,4.0,cantidad
Cuadro 4,"Cuadro 4. Cantidad de niños, niñas y adolescentes en Acogimiento Familiar por Departamento y tipo de centro, según propuesta de atención.",Familia Afinidad,Tacuarembó,Centros SPE 24 horas,3.0,cantidad
Cuadro 4,"Cuadro 4. Cantidad de niños, niñas y adolescentes en Acogimiento Familiar por Departamento y tipo de centro, según propuesta de atención.",Familia Afinidad,Tacuarembó,Centros Atención Tiempo Parcial y Atención en la Comunidad,9.0,cantidad
Cuadro 4,"Cuadro 4. Cantidad de niños, niñas y adolescentes en Acogimiento Familiar por Departamento y tipo de centro, según propuesta de atención.",Familia Afinidad,Tacuarembó,Total depto,12.0,cantidad
Cuadro 4,"Cuadro 4. Cantidad de niños, niñas y adolescentes en Acogimiento Familiar por Departamento y tipo de centro, según propuesta de atención.",Familia Afinidad,Treinta y Tres,Centros SPE 24 horas,7.0,cantidad
Cuadro 4,"Cuadro 4. Cantidad de niños, niñas y adolescentes en Acogimiento Familiar por Departamento y tipo de centro, según propuesta de atención.",Familia Afinidad,Treinta y Tres,Centros Atención Tiempo Parcial y Atención en la Comunidad,10.0,cantidad
Cuadro 4,"Cuadro 4. Cantidad de niños, niñas y adolescentes en Acogimiento Familiar por Departamento y tipo de centro, según propuesta de atención.",Familia Afinidad,Treinta y Tres,Total depto,17.0,cantidad
Cuadro 4,"Cuadro 4. Cantidad de niños, niñas y adolescentes en Acogimiento Familiar por Departamento y tipo de centro, según propuesta de atención.",Familia Afinidad,Total país,Total general,308.0,cantidad
Cuadro 4,"Cuadro 4. Cantidad de niños, niñas y adolescentes en Acogimiento Familiar por Departamento y tipo de centro, según propuesta de atención.",Afinidad Parcial,Artigas,Centros SPE 24 horas,0.0,cantidad
Cuadro 4,"Cuadro 4. Cantidad de niños, niñas y adolescentes en Acogimiento Familiar por Departamento y tipo de centro, según propuesta de atención.",Afinidad Parcial,Artigas,Centros Atención Tiempo Parcial y Atención en la Comunidad,0.0,cantidad
Cuadro 4,"Cuadro 4. Cantidad de niños, niñas y adolescentes en Acogimiento Familiar por Departamento y tipo de centro, según propuesta de atención.",Afinidad Parcial,Artigas,Total depto,0.0,cantidad
Cuadro 4,"Cuadro 4. Cantidad de niños, niñas y adolescentes en Acogimiento Familiar por Departamento y tipo de centro, según propuesta de atención.",Afinidad Parcial,Canelones,Centros SPE 24 horas,1.0,cantidad
Cuadro 4,"Cuadro 4. Cantidad de niños, niñas y adolescentes en Acogimiento Familiar por Departamento y tipo de centro, según propuesta de atención.",Afinidad Parcial,Canelones,Centros Atención Tiempo Parcial y Atención en la Comunidad,0.0,cantidad
Cuadro 4,"Cuadro 4. Cantidad de niños, niñas y adolescentes en Acogimiento Familiar por Departamento y tipo de centro, según propuesta de atención.",Afinidad Parcial,Canelones,Total depto,1.0,cantidad
Cuadro 4,"Cuadro 4. Cantidad de niños, niñas y adolescentes en Acogimiento Familiar por Departamento y tipo de centro, según propuesta de atención.",Afinidad Parcial,Cerro Largo,Centros SPE 24 horas,0.0,cantidad
Cuadro 4,"Cuadro 4. Cantidad de niños, niñas y adolescentes en Acogimiento Familiar por Departamento y tipo de centro, según propuesta de atención.",Afinidad Parcial,Total país,Centros Atención Tiempo Parcial y Atención en la Comunidad,0.0,cantidad
Cuadro 4,"Cuadro 4. Cantidad de niños, niñas y adolescentes en Acogimiento Familiar por Departamento y tipo de centro, según propuesta de atención.",Afinidad Parcial,Cerro Largo,Total depto,0.0,cantidad
Cuadro 4,"Cuadro 4. Cantidad de niños, niñas y adolescentes en Acogimiento Familiar por Departamento y tipo de centro, según propuesta de atención.",Afinidad Parcial,Colonia,Centros SPE 24 horas,0.0,cantidad
Cuadro 4,"Cuadro 4. Cantidad de niños, niñas y adolescentes en Acogimiento Familiar por Departamento y tipo de centro, según propuesta de atención.",Afinidad Parcial,Colonia,Centros Atención Tiempo Parcial y Atención en la Comunidad,0.0,cantidad
Cuadro 4,"Cuadro 4. Cantidad de niños, niñas y adolescentes en Acogimiento Familiar por Departamento y tipo de centro, según propuesta de atención.",Afinidad Parcial,Colonia,Total depto,0.0,cantidad
Cuadro 4,"Cuadro 4. Cantidad de niños, niñas y adolescentes en Acogimiento Familiar por Departamento y tipo de centro, según propuesta de atención.",Afinidad Parcial,Durazno,Centros SPE 24 horas,0.0,cantidad
Cuadro 4,"Cuadro 4. Cantidad de niños, niñas y adolescentes en Acogimiento Familiar por Departamento y tipo de centro, según propuesta de atención.",Afinidad Parcial,Durazno,Centros Atención Tiempo Parcial y Atención en la Comunidad,0.0,cantidad
Cuadro 4,"Cuadro 4. Cantidad de niños, niñas y adolescentes en Acogimiento Familiar por Departamento y tipo de centro, según propuesta de atención.",Afinidad Parcial,Durazno,Total depto,0.0,cantidad
Cuadro 4,"Cuadro 4. Cantidad de niños, niñas y adolescentes en Acogimiento Familiar por Departamento y tipo de centro, según propuesta de atención.",Afinidad Parcial,Flores,Centros SPE 24 horas,0.0,cantidad
Cuadro 4,"Cuadro 4. Cantidad de niños, niñas y adolescentes en Acogimiento Familiar por Departamento y tipo de centro, según propuesta de atención.",Afinidad Parcial,Flores,Centros Atención Tiempo Parcial y Atención en la Comunidad,0.0,cantidad
Cuadro 4,"Cuadro 4. Cantidad de niños, niñas y adolescentes en Acogimiento Familiar por Departamento y tipo de centro, según propuesta de atención.",Afinidad Parcial,Flores,Total depto,0.0,cantidad
Cuadro 4,"Cuadro 4. Cantidad de niños, niñas y adolescentes en Acogimiento Familiar por Departamento y tipo de centro, según propuesta de atención.",Afinidad Parcial,Florida,Centros SPE 24 horas,0.0,cantidad
Cuadro 4,"Cuadro 4. Cantidad de niños, niñas y adolescentes en Acogimiento Familiar por Departamento y tipo de centro, según propuesta de atención.",Afinidad Parcial,Florida,Centros Atención Tiempo Parcial y Atención en la Comunidad,0.0,cantidad
Cuadro 4,"Cuadro 4. Cantidad de niños, niñas y adolescentes en Acogimiento Familiar por Departamento y tipo de centro, según propuesta de atención.",Afinidad Parcial,Florida,Total depto,0.0,cantidad
Cuadro 4,"Cuadro 4. Cantidad de niños, niñas y adolescentes en Acogimiento Familiar por Departamento y tipo de centro, según propuesta de atención.",Afinidad Parcial,Lavalleja,Centros SPE 24 horas,0.0,cantidad
Cuadro 4,"Cuadro 4. Cantidad de niños, niñas y adolescentes en Acogimiento Familiar por Departamento y tipo de centro, según propuesta de atención.",Afinidad Parcial,Lavalleja,Centros Atención Tiempo Parcial y Atención en la Comunidad,0.0,cantidad
Cuadro 4,"Cuadro 4. Cantidad de niños, niñas y adolescentes en Acogimiento Familiar por Departamento y tipo de centro, según propuesta de atención.",Afinidad Parcial,Lavalleja,Total depto,0.0,cantidad
Cuadro 4,"Cuadro 4. Cantidad de niños, niñas y adolescentes en Acogimiento Familiar por Departamento y tipo de centro, según propuesta de atención.",Afinidad Parcial,Maldonado,Centros SPE 24 horas,0.0,cantidad
Cuadro 4,"Cuadro 4. Cantidad de niños, niñas y adolescentes en Acogimiento Familiar por Departamento y tipo de centro, según propuesta de atención.",Afinidad Parcial,Maldonado,Centros Atención Tiempo Parcial y Atención en la Comunidad,0.0,cantidad
Cuadro 4,"Cuadro 4. Cantidad de niños, niñas y adolescentes en Acogimiento Familiar por Departamento y tipo de centro, según propuesta de atención.",Afinidad Parcial,Maldonado,Total depto,0.0,cantidad
Cuadro 4,"Cuadro 4. Cantidad de niños, niñas y adolescentes en Acogimiento Familiar por Departamento y tipo de centro, según propuesta de atención.",Afinidad Parcial,Montevideo,Centros SPE 24 horas,8.0,cantidad
Cuadro 4,"Cuadro 4. Cantidad de niños, niñas y adolescentes en Acogimiento Familiar por Departamento y tipo de centro, según propuesta de atención.",Afinidad Parcial,Montevideo,Centros Atención Tiempo Parcial y Atención en la Comunidad,0.0,cantidad
Cuadro 4,"Cuadro 4. Cantidad de niños, niñas y adolescentes en Acogimiento Familiar por Departamento y tipo de centro, según propuesta de atención.",Afinidad Parcial,Montevideo,Total depto,8.0,cantidad
Cuadro 4,"Cuadro 4. Cantidad de niños, niñas y adolescentes en Acogimiento Familiar por Departamento y tipo de centro, según propuesta de atención.",Afinidad Parcial,Paysandú,Centros SPE 24 horas,5.0,cantidad
Cuadro 4,"Cuadro 4. Cantidad de niños, niñas y adolescentes en Acogimiento Familiar por Departamento y tipo de centro, según propuesta de atención.",Afinidad Parcial,Paysandú,Centros Atención Tiempo Parcial y Atención en la Comunidad,0.0,cantidad
Cuadro 4,"Cuadro 4. Cantidad de niños, niñas y adolescentes en Acogimiento Familiar por Departamento y tipo de centro, según propuesta de atención.",Afinidad Parcial,Paysandú,Total depto,5.0,cantidad
Cuadro 4,"Cuadro 4. Cantidad de niños, niñas y adolescentes en Acogimiento Familiar por Departamento y tipo de centro, según propuesta de atención.",Afinidad Parcial,Río Negro,Centros SPE 24 horas,0.0,cantidad
Cuadro 4,"Cuadro 4. Cantidad de niños, niñas y adolescentes en Acogimiento Familiar por Departamento y tipo de centro, según propuesta de atención.",Afinidad Parcial,Río Negro,Centros Atención Tiempo Parcial y Atención en la Comunidad,0.0,cantidad
Cuadro 4,"Cuadro 4. Cantidad de niños, niñas y adolescentes en Acogimiento Familiar por Departamento y tipo de centro, según propuesta de atención.",Afinidad Parcial,Río Negro,Total depto,0.0,cantidad
Cuadro 4,"Cuadro 4. Cantidad de niños, niñas y adolescentes en Acogimiento Familiar por Departamento y tipo de centro, según propuesta de atención.",Afinidad Parcial,Rivera,Centros SPE 24 horas,0.0,cantidad
Cuadro 4,"Cuadro 4. Cantidad de niños, niñas y adolescentes en Acogimiento Familiar por Departamento y tipo de centro, según propuesta de atención.",Afinidad Parcial,Rivera,Centros Atención Tiempo Parcial y Atención en la Comunidad,0.0,cantidad
Cuadro 4,"Cuadro 4. Cantidad de niños, niñas y adolescentes en Acogimiento Familiar por Departamento y tipo de centro, según propuesta de atención.",Afinidad Parcial,Rivera,Total depto,0.0,cantidad
Cuadro 4,"Cuadro 4. Cantidad de niños, niñas y adolescentes en Acogimiento Familiar por Departamento y tipo de centro, según propuesta de atención.",Afinidad Parcial,Rocha,Centros SPE 24 horas,0.0,cantidad
Cuadro 4,"Cuadro 4. Cantidad de niños, niñas y adolescentes en Acogimiento Familiar por Departamento y tipo de centro, según propuesta de atención.",Afinidad Parcial,Rocha,Centros Atención Tiempo Parcial y Atención en la Comunidad,0.0,cantidad
Cuadro 4,"Cuadro 4. Cantidad de niños, niñas y adolescentes en Acogimiento Familiar por Departamento y tipo de centro, según propuesta de atención.",Afinidad Parcial,Rocha,Total depto,0.0,cantidad
Cuadro 4,"Cuadro 4. Cantidad de niños, niñas y adolescentes en Acogimiento Familiar por Departamento y tipo de centro, según propuesta de atención.",Afinidad Parcial,Salto,Centros SPE 24 horas,1.0,cantidad
Cuadro 4,"Cuadro 4. Cantidad de niños, niñas y adolescentes en Acogimiento Familiar por Departamento y tipo de centro, según propuesta de atención.",Afinidad Parcial,Salto,Centros Atención Tiempo Parcial y Atención en la Comunidad,0.0,cantidad
Cuadro 4,"Cuadro 4. Cantidad de niños, niñas y adolescentes en Acogimiento Familiar por Departamento y tipo de centro, según propuesta de atención.",Afinidad Parcial,Salto,Total depto,1.0,cantidad
Cuadro 4,"Cuadro 4. Cantidad de niños, niñas y adolescentes en Acogimiento Familiar por Departamento y tipo de centro, según propuesta de atención.",Afinidad Parcial,San José,Centros SPE 24 horas,0.0,cantidad
Cuadro 4,"Cuadro 4. Cantidad de niños, niñas y adolescentes en Acogimiento Familiar por Departamento y tipo de centro, según propuesta de atención.",Afinidad Parcial,San José,Centros Atención Tiempo Parcial y Atención en la Comunidad,0.0,cantidad
Cuadro 4,"Cuadro 4. Cantidad de niños, niñas y adolescentes en Acogimiento Familiar por Departamento y tipo de centro, según propuesta de atención.",Afinidad Parcial,San José,Total depto,0.0,cantidad
Cuadro 4,"Cuadro 4. Cantidad de niños, niñas y adolescentes en Acogimiento Familiar por Departamento y tipo de centro, según propuesta de atención.",Afinidad Parcial,Soriano,Centros SPE 24 horas,0.0,cantidad
Cuadro 4,"Cuadro 4. Cantidad de niños, niñas y adolescentes en Acogimiento Familiar por Departamento y tipo de centro, según propuesta de atención.",Afinidad Parcial,Soriano,Centros Atención Tiempo Parcial y Atención en la Comunidad,0.0,cantidad
Cuadro 4,"Cuadro 4. Cantidad de niños, niñas y adolescentes en Acogimiento Familiar por Departamento y tipo de centro, según propuesta de atención.",Afinidad Parcial,Soriano,Total depto,0.0,cantidad
Cuadro 4,"Cuadro 4. Cantidad de niños, niñas y adolescentes en Acogimiento Familiar por Departamento y tipo de centro, según propuesta de atención.",Afinidad Parcial,Tacuarembó,Centros SPE 24 horas,0.0,cantidad
Cuadro 4,"Cuadro 4. Cantidad de niños, niñas y adolescentes en Acogimiento Familiar por Departamento y tipo de centro, según propuesta de atención.",Afinidad Parcial,Tacuarembó,Centros Atención Tiempo Parcial y Atención en la Comunidad,0.0,cantidad
Cuadro 4,"Cuadro 4. Cantidad de niños, niñas y adolescentes en Acogimiento Familiar por Departamento y tipo de centro, según propuesta de atención.",Afinidad Parcial,Tacuarembó,Total depto,0.0,cantidad
Cuadro 4,"Cuadro 4. Cantidad de niños, niñas y adolescentes en Acogimiento Familiar por Departamento y tipo de centro, según propuesta de atención.",Afinidad Parcial,Treinta y Tres,Centros SPE 24 horas,0.0,cantidad
Cuadro 4,"Cuadro 4. Cantidad de niños, niñas y adolescentes en Acogimiento Familiar por Departamento y tipo de centro, según propuesta de atención.",Afinidad Parcial,Treinta y Tres,Centros Atención Tiempo Parcial y Atención en la Comunidad,0.0,cantidad
Cuadro 4,"Cuadro 4. Cantidad de niños, niñas y adolescentes en Acogimiento Familiar por Departamento y tipo de centro, según propuesta de atención.",Afinidad Parcial,Treinta y Tres,Total depto,0.0,cantidad
Cuadro 4,"Cuadro 4. Cantidad de niños, niñas y adolescentes en Acogimiento Familiar por Departamento y tipo de centro, según propuesta de atención.",Afinidad Parcial,Total país,Total general,15.0,cantidad
Cuadro 4,"Cuadro 4. Cantidad de niños, niñas y adolescentes en Acogimiento Familiar por Departamento y tipo de centro, según propuesta de atención.",Afinidad,Artigas,Centros SPE 24 horas,2.0,cantidad
Cuadro 4,"Cuadro 4. Cantidad de niños, niñas y adolescentes en Acogimiento Familiar por Departamento y tipo de centro, según propuesta de atención.",Afinidad,Artigas,Centros Atención Tiempo Parcial y Atención en la Comunidad,5.0,cantidad
Cuadro 4,"Cuadro 4. Cantidad de niños, niñas y adolescentes en Acogimiento Familiar por Departamento y tipo de centro, según propuesta de atención.",Afinidad,Artigas,Total depto,7.0,cantidad
Cuadro 4,"Cuadro 4. Cantidad de niños, niñas y adolescentes en Acogimiento Familiar por Departamento y tipo de centro, según propuesta de atención.",Afinidad,Canelones,Centros SPE 24 horas,8.0,cantidad
Cuadro 4,"Cuadro 4. Cantidad de niños, niñas y adolescentes en Acogimiento Familiar por Departamento y tipo de centro, según propuesta de atención.",Afinidad,Canelones,Centros Atención Tiempo Parcial y Atención en la Comunidad,24.0,cantidad
Cuadro 4,"Cuadro 4. Cantidad de niños, niñas y adolescentes en Acogimiento Familiar por Departamento y tipo de centro, según propuesta de atención.",Afinidad,Canelones,Total depto,32.0,cantidad
Cuadro 4,"Cuadro 4. Cantidad de niños, niñas y adolescentes en Acogimiento Familiar por Departamento y tipo de centro, según propuesta de atención.",Afinidad,Cerro Largo,Centros SPE 24 horas,4.0,cantidad
Cuadro 4,"Cuadro 4. Cantidad de niños, niñas y adolescentes en Acogimiento Familiar por Departamento y tipo de centro, según propuesta de atención.",Afinidad,Total país,Centros Atención Tiempo Parcial y Atención en la Comunidad,0.0,cantidad
Cuadro 4,"Cuadro 4. Cantidad de niños, niñas y adolescentes en Acogimiento Familiar por Departamento y tipo de centro, según propuesta de atención.",Afinidad,Cerro Largo,Total depto,4.0,cantidad
Cuadro 4,"Cuadro 4. Cantidad de niños, niñas y adolescentes en Acogimiento Familiar por Departamento y tipo de centro, según propuesta de atención.",Afinidad,Colonia,Centros SPE 24 horas,3.0,cantidad
Cuadro 4,"Cuadro 4. Cantidad de niños, niñas y adolescentes en Acogimiento Familiar por Departamento y tipo de centro, según propuesta de atención.",Afinidad,Colonia,Centros Atención Tiempo Parcial y Atención en la Comunidad,9.0,cantidad
Cuadro 4,"Cuadro 4. Cantidad de niños, niñas y adolescentes en Acogimiento Familiar por Departamento y tipo de centro, según propuesta de atención.",Afinidad,Colonia,Total depto,12.0,cantidad
Cuadro 4,"Cuadro 4. Cantidad de niños, niñas y adolescentes en Acogimiento Familiar por Departamento y tipo de centro, según propuesta de atención.",Afinidad,Durazno,Centros SPE 24 horas,2.0,cantidad
Cuadro 4,"Cuadro 4. Cantidad de niños, niñas y adolescentes en Acogimiento Familiar por Departamento y tipo de centro, según propuesta de atención.",Afinidad,Durazno,Centros Atención Tiempo Parcial y Atención en la Comunidad,4.0,cantidad
Cuadro 4,"Cuadro 4. Cantidad de niños, niñas y adolescentes en Acogimiento Familiar por Departamento y tipo de centro, según propuesta de atención.",Afinidad,Durazno,Total depto,6.0,cantidad
Cuadro 4,"Cuadro 4. Cantidad de niños, niñas y adolescentes en Acogimiento Familiar por Departamento y tipo de centro, según propuesta de atención.",Afinidad,Flores,Centros SPE 24 horas,4.0,cantidad
Cuadro 4,"Cuadro 4. Cantidad de niños, niñas y adolescentes en Acogimiento Familiar por Departamento y tipo de centro, según propuesta de atención.",Afinidad,Flores,Centros Atención Tiempo Parcial y Atención en la Comunidad,4.0,cantidad
Cuadro 4,"Cuadro 4. Cantidad de niños, niñas y adolescentes en Acogimiento Familiar por Departamento y tipo de centro, según propuesta de atención.",Afinidad,Flores,Total depto,8.0,cantidad
Cuadro 4,"Cuadro 4. Cantidad de niños, niñas y adolescentes en Acogimiento Familiar por Departamento y tipo de centro, según propuesta de atención.",Afinidad,Florida,Centros SPE 24 horas,10.0,cantidad
Cuadro 4,"Cuadro 4. Cantidad de niños, niñas y adolescentes en Acogimiento Familiar por Departamento y tipo de centro, según propuesta de atención.",Afinidad,Florida,Centros Atención Tiempo Parcial y Atención en la Comunidad,0.0,cantidad
Cuadro 4,"Cuadro 4. Cantidad de niños, niñas y adolescentes en Acogimiento Familiar por Departamento y tipo de centro, según propuesta de atención.",Afinidad,Florida,Total depto,10.0,cantidad
Cuadro 4,"Cuadro 4. Cantidad de niños, niñas y adolescentes en Acogimiento Familiar por Departamento y tipo de centro, según propuesta de atención.",Afinidad,Lavalleja,Centros SPE 24 horas,5.0,cantidad
Cuadro 4,"Cuadro 4. Cantidad de niños, niñas y adolescentes en Acogimiento Familiar por Departamento y tipo de centro, según propuesta de atención.",Afinidad,Lavalleja,Centros Atención Tiempo Parcial y Atención en la Comunidad,0.0,cantidad
Cuadro 4,"Cuadro 4. Cantidad de niños, niñas y adolescentes en Acogimiento Familiar por Departamento y tipo de centro, según propuesta de atención.",Afinidad,Lavalleja,Total depto,5.0,cantidad
Cuadro 4,"Cuadro 4. Cantidad de niños, niñas y adolescentes en Acogimiento Familiar por Departamento y tipo de centro, según propuesta de atención.",Afinidad,Maldonado,Centros SPE 24 horas,18.0,cantidad
Cuadro 4,"Cuadro 4. Cantidad de niños, niñas y adolescentes en Acogimiento Familiar por Departamento y tipo de centro, según propuesta de atención.",Afinidad,Maldonado,Centros Atención Tiempo Parcial y Atención en la Comunidad,9.0,cantidad
Cuadro 4,"Cuadro 4. Cantidad de niños, niñas y adolescentes en Acogimiento Familiar por Departamento y tipo de centro, según propuesta de atención.",Afinidad,Maldonado,Total depto,27.0,cantidad
Cuadro 4,"Cuadro 4. Cantidad de niños, niñas y adolescentes en Acogimiento Familiar por Departamento y tipo de centro, según propuesta de atención.",Afinidad,Montevideo,Centros SPE 24 horas,21.0,cantidad
Cuadro 4,"Cuadro 4. Cantidad de niños, niñas y adolescentes en Acogimiento Familiar por Departamento y tipo de centro, según propuesta de atención.",Afinidad,Montevideo,Centros Atención Tiempo Parcial y Atención en la Comunidad,67.0,cantidad
Cuadro 4,"Cuadro 4. Cantidad de niños, niñas y adolescentes en Acogimiento Familiar por Departamento y tipo de centro, según propuesta de atención.",Afinidad,Montevideo,Total depto,88.0,cantidad
Cuadro 4,"Cuadro 4. Cantidad de niños, niñas y adolescentes en Acogimiento Familiar por Departamento y tipo de centro, según propuesta de atención.",Afinidad,Paysandú,Centros SPE 24 horas,0.0,cantidad
Cuadro 4,"Cuadro 4. Cantidad de niños, niñas y adolescentes en Acogimiento Familiar por Departamento y tipo de centro, según propuesta de atención.",Afinidad,Paysandú,Centros Atención Tiempo Parcial y Atención en la Comunidad,2.0,cantidad
Cuadro 4,"Cuadro 4. Cantidad de niños, niñas y adolescentes en Acogimiento Familiar por Departamento y tipo de centro, según propuesta de atención.",Afinidad,Paysandú,Total depto,2.0,cantidad
Cuadro 4,"Cuadro 4. Cantidad de niños, niñas y adolescentes en Acogimiento Familiar por Departamento y tipo de centro, según propuesta de atención.",Afinidad,Río Negro,Centros SPE 24 horas,0.0,cantidad
Cuadro 4,"Cuadro 4. Cantidad de niños, niñas y adolescentes en Acogimiento Familiar por Departamento y tipo de centro, según propuesta de atención.",Afinidad,Río Negro,Centros Atención Tiempo Parcial y Atención en la Comunidad,3.0,cantidad
Cuadro 4,"Cuadro 4. Cantidad de niños, niñas y adolescentes en Acogimiento Familiar por Departamento y tipo de centro, según propuesta de atención.",Afinidad,Río Negro,Total depto,3.0,cantidad
Cuadro 4,"Cuadro 4. Cantidad de niños, niñas y adolescentes en Acogimiento Familiar por Departamento y tipo de centro, según propuesta de atención.",Afinidad,Rivera,Centros SPE 24 horas,8.0,cantidad
Cuadro 4,"Cuadro 4. Cantidad de niños, niñas y adolescentes en Acogimiento Familiar por Departamento y tipo de centro, según propuesta de atención.",Afinidad,Rivera,Centros Atención Tiempo Parcial y Atención en la Comunidad,8.0,cantidad
Cuadro 4,"Cuadro 4. Cantidad de niños, niñas y adolescentes en Acogimiento Familiar por Departamento y tipo de centro, según propuesta de atención.",Afinidad,Rivera,Total depto,16.0,cantidad
Cuadro 4,"Cuadro 4. Cantidad de niños, niñas y adolescentes en Acogimiento Familiar por Departamento y tipo de centro, según propuesta de atención.",Afinidad,Rocha,Centros SPE 24 horas,1.0,cantidad
Cuadro 4,"Cuadro 4. Cantidad de niños, niñas y adolescentes en Acogimiento Familiar por Departamento y tipo de centro, según propuesta de atención.",Afinidad,Rocha,Centros Atención Tiempo Parcial y Atención en la Comunidad,10.0,cantidad
Cuadro 4,"Cuadro 4. Cantidad de niños, niñas y adolescentes en Acogimiento Familiar por Departamento y tipo de centro, según propuesta de atención.",Afinidad,Rocha,Total depto,11.0,cantidad
Cuadro 4,"Cuadro 4. Cantidad de niños, niñas y adolescentes en Acogimiento Familiar por Departamento y tipo de centro, según propuesta de atención.",Afinidad,Salto,Centros SPE 24 horas,0.0,cantidad
Cuadro 4,"Cuadro 4. Cantidad de niños, niñas y adolescentes en Acogimiento Familiar por Departamento y tipo de centro, según propuesta de atención.",Afinidad,Salto,Centros Atención Tiempo Parcial y Atención en la Comunidad,12.0,cantidad
Cuadro 4,"Cuadro 4. Cantidad de niños, niñas y adolescentes en Acogimiento Familiar por Departamento y tipo de centro, según propuesta de atención.",Afinidad,Salto,Total depto,12.0,cantidad
Cuadro 4,"Cuadro 4. Cantidad de niños, niñas y adolescentes en Acogimiento Familiar por Departamento y tipo de centro, según propuesta de atención.",Afinidad,San José,Centros SPE 24 horas,7.0,cantidad
Cuadro 4,"Cuadro 4. Cantidad de niños, niñas y adolescentes en Acogimiento Familiar por Departamento y tipo de centro, según propuesta de atención.",Afinidad,San José,Centros Atención Tiempo Parcial y Atención en la Comunidad,10.0,cantidad
Cuadro 4,"Cuadro 4. Cantidad de niños, niñas y adolescentes en Acogimiento Familiar por Departamento y tipo de centro, según propuesta de atención.",Afinidad,San José,Total depto,17.0,cantidad
Cuadro 4,"Cuadro 4. Cantidad de niños, niñas y adolescentes en Acogimiento Familiar por Departamento y tipo de centro, según propuesta de atención.",Afinidad,Soriano,Centros SPE 24 horas,0.0,cantidad
Cuadro 4,"Cuadro 4. Cantidad de niños, niñas y adolescentes en Acogimiento Familiar por Departamento y tipo de centro, según propuesta de atención.",Afinidad,Soriano,Centros Atención Tiempo Parcial y Atención en la Comunidad,4.0,cantidad
Cuadro 4,"Cuadro 4. Cantidad de niños, niñas y adolescentes en Acogimiento Familiar por Departamento y tipo de centro, según propuesta de atención.",Afinidad,Soriano,Total depto,4.0,cantidad
Cuadro 4,"Cuadro 4. Cantidad de niños, niñas y adolescentes en Acogimiento Familiar por Departamento y tipo de centro, según propuesta de atención.",Afinidad,Tacuarembó,Centros SPE 24 horas,3.0,cantidad
Cuadro 4,"Cuadro 4. Cantidad de niños, niñas y adolescentes en Acogimiento Familiar por Departamento y tipo de centro, según propuesta de atención.",Afinidad,Tacuarembó,Centros Atención Tiempo Parcial y Atención en la Comunidad,9.0,cantidad
Cuadro 4,"Cuadro 4. Cantidad de niños, niñas y adolescentes en Acogimiento Familiar por Departamento y tipo de centro, según propuesta de atención.",Afinidad,Tacuarembó,Total depto,12.0,cantidad
Cuadro 4,"Cuadro 4. Cantidad de niños, niñas y adolescentes en Acogimiento Familiar por Departamento y tipo de centro, según propuesta de atención.",Afinidad,Treinta y Tres,Centros SPE 24 horas,7.0,cantidad
Cuadro 4,"Cuadro 4. Cantidad de niños, niñas y adolescentes en Acogimiento Familiar por Departamento y tipo de centro, según propuesta de atención.",Afinidad,Treinta y Tres,Centros Atención Tiempo Parcial y Atención en la Comunidad,10.0,cantidad
Cuadro 4,"Cuadro 4. Cantidad de niños, niñas y adolescentes en Acogimiento Familiar por Departamento y tipo de centro, según propuesta de atención.",Afinidad,Treinta y Tres,Total depto,17.0,cantidad
Cuadro 4,"Cuadro 4. Cantidad de niños, niñas y adolescentes en Acogimiento Familiar por Departamento y tipo de centro, según propuesta de atención.",Afinidad,Total país,Total general,293.0,cantidad
Cuadro 4,"Cuadro 4. Cantidad de niños, niñas y adolescentes en Acogimiento Familiar por Departamento y tipo de centro, según propuesta de atención.",Total general,Artigas,Centros SPE 24 horas,53.0,cantidad
Cuadro 4,"Cuadro 4. Cantidad de niños, niñas y adolescentes en Acogimiento Familiar por Departamento y tipo de centro, según propuesta de atención.",Total general,Artigas,Centros Atención Tiempo Parcial y Atención en la Comunidad,95.0,cantidad
Cuadro 4,"Cuadro 4. Cantidad de niños, niñas y adolescentes en Acogimiento Familiar por Departamento y tipo de centro, según propuesta de atención.",Total general,Artigas,Total depto,148.0,cantidad
Cuadro 4,"Cuadro 4. Cantidad de niños, niñas y adolescentes en Acogimiento Familiar por Departamento y tipo de centro, según propuesta de atención.",Total general,Canelones,Centros SPE 24 horas,78.0,cantidad
Cuadro 4,"Cuadro 4. Cantidad de niños, niñas y adolescentes en Acogimiento Familiar por Departamento y tipo de centro, según propuesta de atención.",Total general,Canelones,Centros Atención Tiempo Parcial y Atención en la Comunidad,258.0,cantidad
Cuadro 4,"Cuadro 4. Cantidad de niños, niñas y adolescentes en Acogimiento Familiar por Departamento y tipo de centro, según propuesta de atención.",Total general,Canelones,Total depto,336.0,cantidad
Cuadro 4,"Cuadro 4. Cantidad de niños, niñas y adolescentes en Acogimiento Familiar por Departamento y tipo de centro, según propuesta de atención.",Total general,Cerro Largo,Centros SPE 24 horas,116.0,cantidad
Cuadro 4,"Cuadro 4. Cantidad de niños, niñas y adolescentes en Acogimiento Familiar por Departamento y tipo de centro, según propuesta de atención.",Total general,Total país,Centros Atención Tiempo Parcial y Atención en la Comunidad,24.0,cantidad
Cuadro 4,"Cuadro 4. Cantidad de niños, niñas y adolescentes en Acogimiento Familiar por Departamento y tipo de centro, según propuesta de atención.",Total general,Cerro Largo,Total depto,140.0,cantidad
Cuadro 4,"Cuadro 4. Cantidad de niños, niñas y adolescentes en Acogimiento Familiar por Departamento y tipo de centro, según propuesta de atención.",Total general,Colonia,Centros SPE 24 horas,8.0,cantidad
Cuadro 4,"Cuadro 4. Cantidad de niños, niñas y adolescentes en Acogimiento Familiar por Departamento y tipo de centro, según propuesta de atención.",Total general,Colonia,Centros Atención Tiempo Parcial y Atención en la Comunidad,71.0,cantidad
Cuadro 4,"Cuadro 4. Cantidad de niños, niñas y adolescentes en Acogimiento Familiar por Departamento y tipo de centro, según propuesta de atención.",Total general,Colonia,Total depto,79.0,cantidad
Cuadro 4,"Cuadro 4. Cantidad de niños, niñas y adolescentes en Acogimiento Familiar por Departamento y tipo de centro, según propuesta de atención.",Total general,Durazno,Centros SPE 24 horas,68.0,cantidad
Cuadro 4,"Cuadro 4. Cantidad de niños, niñas y adolescentes en Acogimiento Familiar por Departamento y tipo de centro, según propuesta de atención.",Total general,Durazno,Centros Atención Tiempo Parcial y Atención en la Comunidad,77.0,cantidad
Cuadro 4,"Cuadro 4. Cantidad de niños, niñas y adolescentes en Acogimiento Familiar por Departamento y tipo de centro, según propuesta de atención.",Total general,Durazno,Total depto,145.0,cantidad
Cuadro 4,"Cuadro 4. Cantidad de niños, niñas y adolescentes en Acogimiento Familiar por Departamento y tipo de centro, según propuesta de atención.",Total general,Flores,Centros SPE 24 horas,46.0,cantidad
Cuadro 4,"Cuadro 4. Cantidad de niños, niñas y adolescentes en Acogimiento Familiar por Departamento y tipo de centro, según propuesta de atención.",Total general,Flores,Centros Atención Tiempo Parcial y Atención en la Comunidad,35.0,cantidad
Cuadro 4,"Cuadro 4. Cantidad de niños, niñas y adolescentes en Acogimiento Familiar por Departamento y tipo de centro, según propuesta de atención.",Total general,Flores,Total depto,81.0,cantidad
Cuadro 4,"Cuadro 4. Cantidad de niños, niñas y adolescentes en Acogimiento Familiar por Departamento y tipo de centro, según propuesta de atención.",Total general,Florida,Centros SPE 24 horas,100.0,cantidad
Cuadro 4,"Cuadro 4. Cantidad de niños, niñas y adolescentes en Acogimiento Familiar por Departamento y tipo de centro, según propuesta de atención.",Total general,Florida,Centros Atención Tiempo Parcial y Atención en la Comunidad,19.0,cantidad
Cuadro 4,"Cuadro 4. Cantidad de niños, niñas y adolescentes en Acogimiento Familiar por Departamento y tipo de centro, según propuesta de atención.",Total general,Florida,Total depto,119.0,cantidad
Cuadro 4,"Cuadro 4. Cantidad de niños, niñas y adolescentes en Acogimiento Familiar por Departamento y tipo de centro, según propuesta de atención.",Total general,Lavalleja,Centros SPE 24 horas,25.0,cantidad
Cuadro 4,"Cuadro 4. Cantidad de niños, niñas y adolescentes en Acogimiento Familiar por Departamento y tipo de centro, según propuesta de atención.",Total general,Lavalleja,Centros Atención Tiempo Parcial y Atención en la Comunidad,15.0,cantidad
Cuadro 4,"Cuadro 4. Cantidad de niños, niñas y adolescentes en Acogimiento Familiar por Departamento y tipo de centro, según propuesta de atención.",Total general,Lavalleja,Total depto,40.0,cantidad
Cuadro 4,"Cuadro 4. Cantidad de niños, niñas y adolescentes en Acogimiento Familiar por Departamento y tipo de centro, según propuesta de atención.",Total general,Maldonado,Centros SPE 24 horas,148.0,cantidad
Cuadro 4,"Cuadro 4. Cantidad de niños, niñas y adolescentes en Acogimiento Familiar por Departamento y tipo de centro, según propuesta de atención.",Total general,Maldonado,Centros Atención Tiempo Parcial y Atención en la Comunidad,118.0,cantidad
Cuadro 4,"Cuadro 4. Cantidad de niños, niñas y adolescentes en Acogimiento Familiar por Departamento y tipo de centro, según propuesta de atención.",Total general,Maldonado,Total depto,266.0,cantidad
Cuadro 4,"Cuadro 4. Cantidad de niños, niñas y adolescentes en Acogimiento Familiar por Departamento y tipo de centro, según propuesta de atención.",Total general,Montevideo,Centros SPE 24 horas,139.0,cantidad
Cuadro 4,"Cuadro 4. Cantidad de niños, niñas y adolescentes en Acogimiento Familiar por Departamento y tipo de centro, según propuesta de atención.",Total general,Montevideo,Centros Atención Tiempo Parcial y Atención en la Comunidad,940.0,cantidad
Cuadro 4,"Cuadro 4. Cantidad de niños, niñas y adolescentes en Acogimiento Familiar por Departamento y tipo de centro, según propuesta de atención.",Total general,Montevideo,Total depto,1079.0,cantidad
Cuadro 4,"Cuadro 4. Cantidad de niños, niñas y adolescentes en Acogimiento Familiar por Departamento y tipo de centro, según propuesta de atención.",Total general,Paysandú,Centros SPE 24 horas,20.0,cantidad
Cuadro 4,"Cuadro 4. Cantidad de niños, niñas y adolescentes en Acogimiento Familiar por Departamento y tipo de centro, según propuesta de atención.",Total general,Paysandú,Centros Atención Tiempo Parcial y Atención en la Comunidad,14.0,cantidad
Cuadro 4,"Cuadro 4. Cantidad de niños, niñas y adolescentes en Acogimiento Familiar por Departamento y tipo de centro, según propuesta de atención.",Total general,Paysandú,Total depto,34.0,cantidad
Cuadro 4,"Cuadro 4. Cantidad de niños, niñas y adolescentes en Acogimiento Familiar por Departamento y tipo de centro, según propuesta de atención.",Total general,Río Negro,Centros SPE 24 horas,22.0,cantidad
Cuadro 4,"Cuadro 4. Cantidad de niños, niñas y adolescentes en Acogimiento Familiar por Departamento y tipo de centro, según propuesta de atención.",Total general,Río Negro,Centros Atención Tiempo Parcial y Atención en la Comunidad,46.0,cantidad
Cuadro 4,"Cuadro 4. Cantidad de niños, niñas y adolescentes en Acogimiento Familiar por Departamento y tipo de centro, según propuesta de atención.",Total general,Río Negro,Total depto,68.0,cantidad
Cuadro 4,"Cuadro 4. Cantidad de niños, niñas y adolescentes en Acogimiento Familiar por Departamento y tipo de centro, según propuesta de atención.",Total general,Rivera,Centros SPE 24 horas,34.0,cantidad
Cuadro 4,"Cuadro 4. Cantidad de niños, niñas y adolescentes en Acogimiento Familiar por Departamento y tipo de centro, según propuesta de atención.",Total general,Rivera,Centros Atención Tiempo Parcial y Atención en la Comunidad,59.0,cantidad
Cuadro 4,"Cuadro 4. Cantidad de niños, niñas y adolescentes en Acogimiento Familiar por Departamento y tipo de centro, según propuesta de atención.",Total general,Rivera,Total depto,93.0,cantidad
Cuadro 4,"Cuadro 4. Cantidad de niños, niñas y adolescentes en Acogimiento Familiar por Departamento y tipo de centro, según propuesta de atención.",Total general,Rocha,Centros SPE 24 horas,9.0,cantidad
Cuadro 4,"Cuadro 4. Cantidad de niños, niñas y adolescentes en Acogimiento Familiar por Departamento y tipo de centro, según propuesta de atención.",Total general,Rocha,Centros Atención Tiempo Parcial y Atención en la Comunidad,55.0,cantidad
Cuadro 4,"Cuadro 4. Cantidad de niños, niñas y adolescentes en Acogimiento Familiar por Departamento y tipo de centro, según propuesta de atención.",Total general,Rocha,Total depto,64.0,cantidad
Cuadro 4,"Cuadro 4. Cantidad de niños, niñas y adolescentes en Acogimiento Familiar por Departamento y tipo de centro, según propuesta de atención.",Total general,Salto,Centros SPE 24 horas,16.0,cantidad
Cuadro 4,"Cuadro 4. Cantidad de niños, niñas y adolescentes en Acogimiento Familiar por Departamento y tipo de centro, según propuesta de atención.",Total general,Salto,Centros Atención Tiempo Parcial y Atención en la Comunidad,139.0,cantidad
Cuadro 4,"Cuadro 4. Cantidad de niños, niñas y adolescentes en Acogimiento Familiar por Departamento y tipo de centro, según propuesta de atención.",Total general,Salto,Total depto,155.0,cantidad
Cuadro 4,"Cuadro 4. Cantidad de niños, niñas y adolescentes en Acogimiento Familiar por Departamento y tipo de centro, según propuesta de atención.",Total general,San José,Centros SPE 24 horas,46.0,cantidad
Cuadro 4,"Cuadro 4. Cantidad de niños, niñas y adolescentes en Acogimiento Familiar por Departamento y tipo de centro, según propuesta de atención.",Total general,San José,Centros Atención Tiempo Parcial y Atención en la Comunidad,130.0,cantidad
Cuadro 4,"Cuadro 4. Cantidad de niños, niñas y adolescentes en Acogimiento Familiar por Departamento y tipo de centro, según propuesta de atención.",Total general,San José,Total depto,176.0,cantidad
Cuadro 4,"Cuadro 4. Cantidad de niños, niñas y adolescentes en Acogimiento Familiar por Departamento y tipo de centro, según propuesta de atención.",Total general,Soriano,Centros SPE 24 horas,5.0,cantidad
Cuadro 4,"Cuadro 4. Cantidad de niños, niñas y adolescentes en Acogimiento Familiar por Departamento y tipo de centro, según propuesta de atención.",Total general,Soriano,Centros Atención Tiempo Parcial y Atención en la Comunidad,47.0,cantidad
Cuadro 4,"Cuadro 4. Cantidad de niños, niñas y adolescentes en Acogimiento Familiar por Departamento y tipo de centro, según propuesta de atención.",Total general,Soriano,Total depto,52.0,cantidad
Cuadro 4,"Cuadro 4. Cantidad de niños, niñas y adolescentes en Acogimiento Familiar por Departamento y tipo de centro, según propuesta de atención.",Total general,Tacuarembó,Centros SPE 24 horas,20.0,cantidad
Cuadro 4,"Cuadro 4. Cantidad de niños, niñas y adolescentes en Acogimiento Familiar por Departamento y tipo de centro, según propuesta de atención.",Total general,Tacuarembó,Centros Atención Tiempo Parcial y Atención en la Comunidad,77.0,cantidad
Cuadro 4,"Cuadro 4. Cantidad de niños, niñas y adolescentes en Acogimiento Familiar por Departamento y tipo de centro, según propuesta de atención.",Total general,Tacuarembó,Total depto,97.0,cantidad
Cuadro 4,"Cuadro 4. Cantidad de niños, niñas y adolescentes en Acogimiento Familiar por Departamento y tipo de centro, según propuesta de atención.",Total general,Treinta y Tres,Centros SPE 24 horas,13.0,cantidad
Cuadro 4,"Cuadro 4. Cantidad de niños, niñas y adolescentes en Acogimiento Familiar por Departamento y tipo de centro, según propuesta de atención.",Total general,Treinta y Tres,Centros Atención Tiempo Parcial y Atención en la Comunidad,65.0,cantidad
Cuadro 4,"Cuadro 4. Cantidad de niños, niñas y adolescentes en Acogimiento Familiar por Departamento y tipo de centro, según propuesta de atención.",Total general,Treinta y Tres,Total depto,78.0,cantidad
Cuadro 4,"Cuadro 4. Cantidad de niños, niñas y adolescentes en Acogimiento Familiar por Departamento y tipo de centro, según propuesta de atención.",Total general,Total país,Total general,3250.0,cantidad
Cuadro 5,"Cuadro 5. Cantidad de familias en Acogimiento Familiar por Departamento y tipo de centro, según propuesta de atención.",Familia Amiga y Alternativa Familiar,Artigas,Centros SPE 24 horas,15.0,cantidad
Cuadro 5,"Cuadro 5. Cantidad de familias en Acogimiento Familiar por Departamento y tipo de centro, según propuesta de atención.",Familia Amiga y Alternativa Familiar,Artigas,Centros Atención Tiempo Parcial y Atención en la Comunidad,0.0,cantidad
Cuadro 5,"Cuadro 5. Cantidad de familias en Acogimiento Familiar por Departamento y tipo de centro, según propuesta de atención.",Familia Amiga y Alternativa Familiar,Artigas,Total depto,15.0,cantidad
Cuadro 5,"Cuadro 5. Cantidad de familias en Acogimiento Familiar por Departamento y tipo de centro, según propuesta de atención.",Familia Amiga y Alternativa Familiar,Canelones,Centros SPE 24 horas,11.0,cantidad
Cuadro 5,"Cuadro 5. Cantidad de familias en Acogimiento Familiar por Departamento y tipo de centro, según propuesta de atención.",Familia Amiga y Alternativa Familiar,Canelones,Centros Atención Tiempo Parcial y Atención en la Comunidad,0.0,cantidad
Cuadro 5,"Cuadro 5. Cantidad de familias en Acogimiento Familiar por Departamento y tipo de centro, según propuesta de atención.",Familia Amiga y Alternativa Familiar,Canelones,Total depto,11.0,cantidad
Cuadro 5,"Cuadro 5. Cantidad de familias en Acogimiento Familiar por Departamento y tipo de centro, según propuesta de atención.",Familia Amiga y Alternativa Familiar,Cerro Largo,Centros SPE 24 horas,15.0,cantidad
Cuadro 5,"Cuadro 5. Cantidad de familias en Acogimiento Familiar por Departamento y tipo de centro, según propuesta de atención.",Familia Amiga y Alternativa Familiar,Total país,Centros Atención Tiempo Parcial y Atención en la Comunidad,0.0,cantidad
Cuadro 5,"Cuadro 5. Cantidad de familias en Acogimiento Familiar por Departamento y tipo de centro, según propuesta de atención.",Familia Amiga y Alternativa Familiar,Cerro Largo,Total depto,15.0,cantidad
Cuadro 5,"Cuadro 5. Cantidad de familias en Acogimiento Familiar por Departamento y tipo de centro, según propuesta de atención.",Familia Amiga y Alternativa Familiar,Colonia,Centros SPE 24 horas,2.0,cantidad
Cuadro 5,"Cuadro 5. Cantidad de familias en Acogimiento Familiar por Departamento y tipo de centro, según propuesta de atención.",Familia Amiga y Alternativa Familiar,Colonia,Centros Atención Tiempo Parcial y Atención en la Comunidad,0.0,cantidad
Cuadro 5,"Cuadro 5. Cantidad de familias en Acogimiento Familiar por Departamento y tipo de centro, según propuesta de atención.",Familia Amiga y Alternativa Familiar,Colonia,Total depto,2.0,cantidad
Cuadro 5,"Cuadro 5. Cantidad de familias en Acogimiento Familiar por Departamento y tipo de centro, según propuesta de atención.",Familia Amiga y Alternativa Familiar,Durazno,Centros SPE 24 horas,6.0,cantidad
Cuadro 5,"Cuadro 5. Cantidad de familias en Acogimiento Familiar por Departamento y tipo de centro, según propuesta de atención.",Familia Amiga y Alternativa Familiar,Durazno,Centros Atención Tiempo Parcial y Atención en la Comunidad,0.0,cantidad
Cuadro 5,"Cuadro 5. Cantidad de familias en Acogimiento Familiar por Departamento y tipo de centro, según propuesta de atención.",Familia Amiga y Alternativa Familiar,Durazno,Total depto,6.0,cantidad
Cuadro 5,"Cuadro 5. Cantidad de familias en Acogimiento Familiar por Departamento y tipo de centro, según propuesta de atención.",Familia Amiga y Alternativa Familiar,Flores,Centros SPE 24 horas,13.0,cantidad
Cuadro 5,"Cuadro 5. Cantidad de familias en Acogimiento Familiar por Departamento y tipo de centro, según propuesta de atención.",Familia Amiga y Alternativa Familiar,Flores,Centros Atención Tiempo Parcial y Atención en la Comunidad,0.0,cantidad
Cuadro 5,"Cuadro 5. Cantidad de familias en Acogimiento Familiar por Departamento y tipo de centro, según propuesta de atención.",Familia Amiga y Alternativa Familiar,Flores,Total depto,13.0,cantidad
Cuadro 5,"Cuadro 5. Cantidad de familias en Acogimiento Familiar por Departamento y tipo de centro, según propuesta de atención.",Familia Amiga y Alternativa Familiar,Florida,Centros SPE 24 horas,2.0,cantidad
Cuadro 5,"Cuadro 5. Cantidad de familias en Acogimiento Familiar por Departamento y tipo de centro, según propuesta de atención.",Familia Amiga y Alternativa Familiar,Florida,Centros Atención Tiempo Parcial y Atención en la Comunidad,0.0,cantidad
Cuadro 5,"Cuadro 5. Cantidad de familias en Acogimiento Familiar por Departamento y tipo de centro, según propuesta de atención.",Familia Amiga y Alternativa Familiar,Florida,Total depto,2.0,cantidad
Cuadro 5,"Cuadro 5. Cantidad de familias en Acogimiento Familiar por Departamento y tipo de centro, según propuesta de atención.",Familia Amiga y Alternativa Familiar,Lavalleja,Centros SPE 24 horas,0.0,cantidad
Cuadro 5,"Cuadro 5. Cantidad de familias en Acogimiento Familiar por Departamento y tipo de centro, según propuesta de atención.",Familia Amiga y Alternativa Familiar,Lavalleja,Centros Atención Tiempo Parcial y Atención en la Comunidad,0.0,cantidad
Cuadro 5,"Cuadro 5. Cantidad de familias en Acogimiento Familiar por Departamento y tipo de centro, según propuesta de atención.",Familia Amiga y Alternativa Familiar,Lavalleja,Total depto,0.0,cantidad
Cuadro 5,"Cuadro 5. Cantidad de familias en Acogimiento Familiar por Departamento y tipo de centro, según propuesta de atención.",Familia Amiga y Alternativa Familiar,Maldonado,Centros SPE 24 horas,6.0,cantidad
Cuadro 5,"Cuadro 5. Cantidad de familias en Acogimiento Familiar por Departamento y tipo de centro, según propuesta de atención.",Familia Amiga y Alternativa Familiar,Maldonado,Centros Atención Tiempo Parcial y Atención en la Comunidad,0.0,cantidad
Cuadro 5,"Cuadro 5. Cantidad de familias en Acogimiento Familiar por Departamento y tipo de centro, según propuesta de atención.",Familia Amiga y Alternativa Familiar,Maldonado,Total depto,6.0,cantidad
Cuadro 5,"Cuadro 5. Cantidad de familias en Acogimiento Familiar por Departamento y tipo de centro, según propuesta de atención.",Familia Amiga y Alternativa Familiar,Montevideo,Centros SPE 24 horas,32.0,cantidad
Cuadro 5,"Cuadro 5. Cantidad de familias en Acogimiento Familiar por Departamento y tipo de centro, según propuesta de atención.",Familia Amiga y Alternativa Familiar,Montevideo,Centros Atención Tiempo Parcial y Atención en la Comunidad,0.0,cantidad
Cuadro 5,"Cuadro 5. Cantidad de familias en Acogimiento Familiar por Departamento y tipo de centro, según propuesta de atención.",Familia Amiga y Alternativa Familiar,Montevideo,Total depto,32.0,cantidad
Cuadro 5,"Cuadro 5. Cantidad de familias en Acogimiento Familiar por Departamento y tipo de centro, según propuesta de atención.",Familia Amiga y Alternativa Familiar,Paysandú,Centros SPE 24 horas,1.0,cantidad
Cuadro 5,"Cuadro 5. Cantidad de familias en Acogimiento Familiar por Departamento y tipo de centro, según propuesta de atención.",Familia Amiga y Alternativa Familiar,Paysandú,Centros Atención Tiempo Parcial y Atención en la Comunidad,0.0,cantidad
Cuadro 5,"Cuadro 5. Cantidad de familias en Acogimiento Familiar por Departamento y tipo de centro, según propuesta de atención.",Familia Amiga y Alternativa Familiar,Paysandú,Total depto,1.0,cantidad
Cuadro 5,"Cuadro 5. Cantidad de familias en Acogimiento Familiar por Departamento y tipo de centro, según propuesta de atención.",Familia Amiga y Alternativa Familiar,Río Negro,Centros SPE 24 horas,7.0,cantidad
Cuadro 5,"Cuadro 5. Cantidad de familias en Acogimiento Familiar por Departamento y tipo de centro, según propuesta de atención.",Familia Amiga y Alternativa Familiar,Río Negro,Centros Atención Tiempo Parcial y Atención en la Comunidad,0.0,cantidad
Cuadro 5,"Cuadro 5. Cantidad de familias en Acogimiento Familiar por Departamento y tipo de centro, según propuesta de atención.",Familia Amiga y Alternativa Familiar,Río Negro,Total depto,7.0,cantidad
Cuadro 5,"Cuadro 5. Cantidad de familias en Acogimiento Familiar por Departamento y tipo de centro, según propuesta de atención.",Familia Amiga y Alternativa Familiar,Rivera,Centros SPE 24 horas,6.0,cantidad
Cuadro 5,"Cuadro 5. Cantidad de familias en Acogimiento Familiar por Departamento y tipo de centro, según propuesta de atención.",Familia Amiga y Alternativa Familiar,Rivera,Centros Atención Tiempo Parcial y Atención en la Comunidad,0.0,cantidad
Cuadro 5,"Cuadro 5. Cantidad de familias en Acogimiento Familiar por Departamento y tipo de centro, según propuesta de atención.",Familia Amiga y Alternativa Familiar,Rivera,Total depto,6.0,cantidad
Cuadro 5,"Cuadro 5. Cantidad de familias en Acogimiento Familiar por Departamento y tipo de centro, según propuesta de atención.",Familia Amiga y Alternativa Familiar,Rocha,Centros SPE 24 horas,1.0,cantidad
Cuadro 5,"Cuadro 5. Cantidad de familias en Acogimiento Familiar por Departamento y tipo de centro, según propuesta de atención.",Familia Amiga y Alternativa Familiar,Rocha,Centros Atención Tiempo Parcial y Atención en la Comunidad,0.0,cantidad
Cuadro 5,"Cuadro 5. Cantidad de familias en Acogimiento Familiar por Departamento y tipo de centro, según propuesta de atención.",Familia Amiga y Alternativa Familiar,Rocha,Total depto,1.0,cantidad
Cuadro 5,"Cuadro 5. Cantidad de familias en Acogimiento Familiar por Departamento y tipo de centro, según propuesta de atención.",Familia Amiga y Alternativa Familiar,Salto,Centros SPE 24 horas,4.0,cantidad
Cuadro 5,"Cuadro 5. Cantidad de familias en Acogimiento Familiar por Departamento y tipo de centro, según propuesta de atención.",Familia Amiga y Alternativa Familiar,Salto,Centros Atención Tiempo Parcial y Atención en la Comunidad,0.0,cantidad
Cuadro 5,"Cuadro 5. Cantidad de familias en Acogimiento Familiar por Departamento y tipo de centro, según propuesta de atención.",Familia Amiga y Alternativa Familiar,Salto,Total depto,4.0,cantidad
Cuadro 5,"Cuadro 5. Cantidad de familias en Acogimiento Familiar por Departamento y tipo de centro, según propuesta de atención.",Familia Amiga y Alternativa Familiar,San José,Centros SPE 24 horas,11.0,cantidad
Cuadro 5,"Cuadro 5. Cantidad de familias en Acogimiento Familiar por Departamento y tipo de centro, según propuesta de atención.",Familia Amiga y Alternativa Familiar,San José,Centros Atención Tiempo Parcial y Atención en la Comunidad,0.0,cantidad
Cuadro 5,"Cuadro 5. Cantidad de familias en Acogimiento Familiar por Departamento y tipo de centro, según propuesta de atención.",Familia Amiga y Alternativa Familiar,San José,Total depto,11.0,cantidad
Cuadro 5,"Cuadro 5. Cantidad de familias en Acogimiento Familiar por Departamento y tipo de centro, según propuesta de atención.",Familia Amiga y Alternativa Familiar,Soriano,Centros SPE 24 horas,2.0,cantidad
Cuadro 5,"Cuadro 5. Cantidad de familias en Acogimiento Familiar por Departamento y tipo de centro, según propuesta de atención.",Familia Amiga y Alternativa Familiar,Soriano,Centros Atención Tiempo Parcial y Atención en la Comunidad,0.0,cantidad
Cuadro 5,"Cuadro 5. Cantidad de familias en Acogimiento Familiar por Departamento y tipo de centro, según propuesta de atención.",Familia Amiga y Alternativa Familiar,Soriano,Total depto,2.0,cantidad
Cuadro 5,"Cuadro 5. Cantidad de familias en Acogimiento Familiar por Departamento y tipo de centro, según propuesta de atención.",Familia Amiga y Alternativa Familiar,Tacuarembó,Centros SPE 24 horas,6.0,cantidad
Cuadro 5,"Cuadro 5. Cantidad de familias en Acogimiento Familiar por Departamento y tipo de centro, según propuesta de atención.",Familia Amiga y Alternativa Familiar,Tacuarembó,Centros Atención Tiempo Parcial y Atención en la Comunidad,0.0,cantidad
Cuadro 5,"Cuadro 5. Cantidad de familias en Acogimiento Familiar por Departamento y tipo de centro, según propuesta de atención.",Familia Amiga y Alternativa Familiar,Tacuarembó,Total depto,6.0,cantidad
Cuadro 5,"Cuadro 5. Cantidad de familias en Acogimiento Familiar por Departamento y tipo de centro, según propuesta de atención.",Familia Amiga y Alternativa Familiar,Treinta y Tres,Centros SPE 24 horas,0.0,cantidad
Cuadro 5,"Cuadro 5. Cantidad de familias en Acogimiento Familiar por Departamento y tipo de centro, según propuesta de atención.",Familia Amiga y Alternativa Familiar,Treinta y Tres,Centros Atención Tiempo Parcial y Atención en la Comunidad,0.0,cantidad
Cuadro 5,"Cuadro 5. Cantidad de familias en Acogimiento Familiar por Departamento y tipo de centro, según propuesta de atención.",Familia Amiga y Alternativa Familiar,Treinta y Tres,Total depto,0.0,cantidad
Cuadro 5,"Cuadro 5. Cantidad de familias en Acogimiento Familiar por Departamento y tipo de centro, según propuesta de atención.",Familia Amiga y Alternativa Familiar,Total país,Total general,140.0,cantidad
Cuadro 5,"Cuadro 5. Cantidad de familias en Acogimiento Familiar por Departamento y tipo de centro, según propuesta de atención.",Amiga Parcial,Artigas,Centros SPE 24 horas,0.0,cantidad
Cuadro 5,"Cuadro 5. Cantidad de familias en Acogimiento Familiar por Departamento y tipo de centro, según propuesta de atención.",Amiga Parcial,Artigas,Centros Atención Tiempo Parcial y Atención en la Comunidad,0.0,cantidad
Cuadro 5,"Cuadro 5. Cantidad de familias en Acogimiento Familiar por Departamento y tipo de centro, según propuesta de atención.",Amiga Parcial,Artigas,Total depto,0.0,cantidad
Cuadro 5,"Cuadro 5. Cantidad de familias en Acogimiento Familiar por Departamento y tipo de centro, según propuesta de atención.",Amiga Parcial,Canelones,Centros SPE 24 horas,0.0,cantidad
Cuadro 5,"Cuadro 5. Cantidad de familias en Acogimiento Familiar por Departamento y tipo de centro, según propuesta de atención.",Amiga Parcial,Canelones,Centros Atención Tiempo Parcial y Atención en la Comunidad,0.0,cantidad
Cuadro 5,"Cuadro 5. Cantidad de familias en Acogimiento Familiar por Departamento y tipo de centro, según propuesta de atención.",Amiga Parcial,Canelones,Total depto,0.0,cantidad
Cuadro 5,"Cuadro 5. Cantidad de familias en Acogimiento Familiar por Departamento y tipo de centro, según propuesta de atención.",Amiga Parcial,Cerro Largo,Centros SPE 24 horas,0.0,cantidad
Cuadro 5,"Cuadro 5. Cantidad de familias en Acogimiento Familiar por Departamento y tipo de centro, según propuesta de atención.",Amiga Parcial,Total país,Centros Atención Tiempo Parcial y Atención en la Comunidad,0.0,cantidad
Cuadro 5,"Cuadro 5. Cantidad de familias en Acogimiento Familiar por Departamento y tipo de centro, según propuesta de atención.",Amiga Parcial,Cerro Largo,Total depto,0.0,cantidad
Cuadro 5,"Cuadro 5. Cantidad de familias en Acogimiento Familiar por Departamento y tipo de centro, según propuesta de atención.",Amiga Parcial,Colonia,Centros SPE 24 horas,0.0,cantidad
Cuadro 5,"Cuadro 5. Cantidad de familias en Acogimiento Familiar por Departamento y tipo de centro, según propuesta de atención.",Amiga Parcial,Colonia,Centros Atención Tiempo Parcial y Atención en la Comunidad,0.0,cantidad
Cuadro 5,"Cuadro 5. Cantidad de familias en Acogimiento Familiar por Departamento y tipo de centro, según propuesta de atención.",Amiga Parcial,Colonia,Total depto,0.0,cantidad
Cuadro 5,"Cuadro 5. Cantidad de familias en Acogimiento Familiar por Departamento y tipo de centro, según propuesta de atención.",Amiga Parcial,Durazno,Centros SPE 24 horas,0.0,cantidad
Cuadro 5,"Cuadro 5. Cantidad de familias en Acogimiento Familiar por Departamento y tipo de centro, según propuesta de atención.",Amiga Parcial,Durazno,Centros Atención Tiempo Parcial y Atención en la Comunidad,0.0,cantidad
Cuadro 5,"Cuadro 5. Cantidad de familias en Acogimiento Familiar por Departamento y tipo de centro, según propuesta de atención.",Amiga Parcial,Durazno,Total depto,0.0,cantidad
Cuadro 5,"Cuadro 5. Cantidad de familias en Acogimiento Familiar por Departamento y tipo de centro, según propuesta de atención.",Amiga Parcial,Flores,Centros SPE 24 horas,0.0,cantidad
Cuadro 5,"Cuadro 5. Cantidad de familias en Acogimiento Familiar por Departamento y tipo de centro, según propuesta de atención.",Amiga Parcial,Flores,Centros Atención Tiempo Parcial y Atención en la Comunidad,0.0,cantidad
Cuadro 5,"Cuadro 5. Cantidad de familias en Acogimiento Familiar por Departamento y tipo de centro, según propuesta de atención.",Amiga Parcial,Flores,Total depto,0.0,cantidad
Cuadro 5,"Cuadro 5. Cantidad de familias en Acogimiento Familiar por Departamento y tipo de centro, según propuesta de atención.",Amiga Parcial,Florida,Centros SPE 24 horas,0.0,cantidad
Cuadro 5,"Cuadro 5. Cantidad de familias en Acogimiento Familiar por Departamento y tipo de centro, según propuesta de atención.",Amiga Parcial,Florida,Centros Atención Tiempo Parcial y Atención en la Comunidad,0.0,cantidad
Cuadro 5,"Cuadro 5. Cantidad de familias en Acogimiento Familiar por Departamento y tipo de centro, según propuesta de atención.",Amiga Parcial,Florida,Total depto,0.0,cantidad
Cuadro 5,"Cuadro 5. Cantidad de familias en Acogimiento Familiar por Departamento y tipo de centro, según propuesta de atención.",Amiga Parcial,Lavalleja,Centros SPE 24 horas,0.0,cantidad
Cuadro 5,"Cuadro 5. Cantidad de familias en Acogimiento Familiar por Departamento y tipo de centro, según propuesta de atención.",Amiga Parcial,Lavalleja,Centros Atención Tiempo Parcial y Atención en la Comunidad,0.0,cantidad
Cuadro 5,"Cuadro 5. Cantidad de familias en Acogimiento Familiar por Departamento y tipo de centro, según propuesta de atención.",Amiga Parcial,Lavalleja,Total depto,0.0,cantidad
Cuadro 5,"Cuadro 5. Cantidad de familias en Acogimiento Familiar por Departamento y tipo de centro, según propuesta de atención.",Amiga Parcial,Maldonado,Centros SPE 24 horas,0.0,cantidad
Cuadro 5,"Cuadro 5. Cantidad de familias en Acogimiento Familiar por Departamento y tipo de centro, según propuesta de atención.",Amiga Parcial,Maldonado,Centros Atención Tiempo Parcial y Atención en la Comunidad,0.0,cantidad
Cuadro 5,"Cuadro 5. Cantidad de familias en Acogimiento Familiar por Departamento y tipo de centro, según propuesta de atención.",Amiga Parcial,Maldonado,Total depto,0.0,cantidad
Cuadro 5,"Cuadro 5. Cantidad de familias en Acogimiento Familiar por Departamento y tipo de centro, según propuesta de atención.",Amiga Parcial,Montevideo,Centros SPE 24 horas,0.0,cantidad
Cuadro 5,"Cuadro 5. Cantidad de familias en Acogimiento Familiar por Departamento y tipo de centro, según propuesta de atención.",Amiga Parcial,Montevideo,Centros Atención Tiempo Parcial y Atención en la Comunidad,0.0,cantidad
Cuadro 5,"Cuadro 5. Cantidad de familias en Acogimiento Familiar por Departamento y tipo de centro, según propuesta de atención.",Amiga Parcial,Montevideo,Total depto,0.0,cantidad
Cuadro 5,"Cuadro 5. Cantidad de familias en Acogimiento Familiar por Departamento y tipo de centro, según propuesta de atención.",Amiga Parcial,Paysandú,Centros SPE 24 horas,0.0,cantidad
Cuadro 5,"Cuadro 5. Cantidad de familias en Acogimiento Familiar por Departamento y tipo de centro, según propuesta de atención.",Amiga Parcial,Paysandú,Centros Atención Tiempo Parcial y Atención en la Comunidad,0.0,cantidad
Cuadro 5,"Cuadro 5. Cantidad de familias en Acogimiento Familiar por Departamento y tipo de centro, según propuesta de atención.",Amiga Parcial,Paysandú,Total depto,0.0,cantidad
Cuadro 5,"Cuadro 5. Cantidad de familias en Acogimiento Familiar por Departamento y tipo de centro, según propuesta de atención.",Amiga Parcial,Río Negro,Centros SPE 24 horas,0.0,cantidad
Cuadro 5,"Cuadro 5. Cantidad de familias en Acogimiento Familiar por Departamento y tipo de centro, según propuesta de atención.",Amiga Parcial,Río Negro,Centros Atención Tiempo Parcial y Atención en la Comunidad,0.0,cantidad
Cuadro 5,"Cuadro 5. Cantidad de familias en Acogimiento Familiar por Departamento y tipo de centro, según propuesta de atención.",Amiga Parcial,Río Negro,Total depto,0.0,cantidad
Cuadro 5,"Cuadro 5. Cantidad de familias en Acogimiento Familiar por Departamento y tipo de centro, según propuesta de atención.",Amiga Parcial,Rivera,Centros SPE 24 horas,0.0,cantidad
Cuadro 5,"Cuadro 5. Cantidad de familias en Acogimiento Familiar por Departamento y tipo de centro, según propuesta de atención.",Amiga Parcial,Rivera,Centros Atención Tiempo Parcial y Atención en la Comunidad,0.0,cantidad
Cuadro 5,"Cuadro 5. Cantidad de familias en Acogimiento Familiar por Departamento y tipo de centro, según propuesta de atención.",Amiga Parcial,Rivera,Total depto,0.0,cantidad
Cuadro 5,"Cuadro 5. Cantidad de familias en Acogimiento Familiar por Departamento y tipo de centro, según propuesta de atención.",Amiga Parcial,Rocha,Centros SPE 24 horas,0.0,cantidad
Cuadro 5,"Cuadro 5. Cantidad de familias en Acogimiento Familiar por Departamento y tipo de centro, según propuesta de atención.",Amiga Parcial,Rocha,Centros Atención Tiempo Parcial y Atención en la Comunidad,0.0,cantidad
Cuadro 5,"Cuadro 5. Cantidad de familias en Acogimiento Familiar por Departamento y tipo de centro, según propuesta de atención.",Amiga Parcial,Rocha,Total depto,0.0,cantidad
Cuadro 5,"Cuadro 5. Cantidad de familias en Acogimiento Familiar por Departamento y tipo de centro, según propuesta de atención.",Amiga Parcial,Salto,Centros SPE 24 horas,0.0,cantidad
Cuadro 5,"Cuadro 5. Cantidad de familias en Acogimiento Familiar por Departamento y tipo de centro, según propuesta de atención.",Amiga Parcial,Salto,Centros Atención Tiempo Parcial y Atención en la Comunidad,0.0,cantidad
Cuadro 5,"Cuadro 5. Cantidad de familias en Acogimiento Familiar por Departamento y tipo de centro, según propuesta de atención.",Amiga Parcial,Salto,Total depto,0.0,cantidad
Cuadro 5,"Cuadro 5. Cantidad de familias en Acogimiento Familiar por Departamento y tipo de centro, según propuesta de atención.",Amiga Parcial,San José,Centros SPE 24 horas,0.0,cantidad
Cuadro 5,"Cuadro 5. Cantidad de familias en Acogimiento Familiar por Departamento y tipo de centro, según propuesta de atención.",Amiga Parcial,San José,Centros Atención Tiempo Parcial y Atención en la Comunidad,0.0,cantidad
Cuadro 5,"Cuadro 5. Cantidad de familias en Acogimiento Familiar por Departamento y tipo de centro, según propuesta de atención.",Amiga Parcial,San José,Total depto,0.0,cantidad
Cuadro 5,"Cuadro 5. Cantidad de familias en Acogimiento Familiar por Departamento y tipo de centro, según propuesta de atención.",Amiga Parcial,Soriano,Centros SPE 24 horas,0.0,cantidad
Cuadro 5,"Cuadro 5. Cantidad de familias en Acogimiento Familiar por Departamento y tipo de centro, según propuesta de atención.",Amiga Parcial,Soriano,Centros Atención Tiempo Parcial y Atención en la Comunidad,0.0,cantidad
Cuadro 5,"Cuadro 5. Cantidad de familias en Acogimiento Familiar por Departamento y tipo de centro, según propuesta de atención.",Amiga Parcial,Soriano,Total depto,0.0,cantidad
Cuadro 5,"Cuadro 5. Cantidad de familias en Acogimiento Familiar por Departamento y tipo de centro, según propuesta de atención.",Amiga Parcial,Tacuarembó,Centros SPE 24 horas,1.0,cantidad
Cuadro 5,"Cuadro 5. Cantidad de familias en Acogimiento Familiar por Departamento y tipo de centro, según propuesta de atención.",Amiga Parcial,Tacuarembó,Centros Atención Tiempo Parcial y Atención en la Comunidad,0.0,cantidad
Cuadro 5,"Cuadro 5. Cantidad de familias en Acogimiento Familiar por Departamento y tipo de centro, según propuesta de atención.",Amiga Parcial,Tacuarembó,Total depto,1.0,cantidad
Cuadro 5,"Cuadro 5. Cantidad de familias en Acogimiento Familiar por Departamento y tipo de centro, según propuesta de atención.",Amiga Parcial,Treinta y Tres,Centros SPE 24 horas,0.0,cantidad
Cuadro 5,"Cuadro 5. Cantidad de familias en Acogimiento Familiar por Departamento y tipo de centro, según propuesta de atención.",Amiga Parcial,Treinta y Tres,Centros Atención Tiempo Parcial y Atención en la Comunidad,0.0,cantidad
Cuadro 5,"Cuadro 5. Cantidad de familias en Acogimiento Familiar por Departamento y tipo de centro, según propuesta de atención.",Amiga Parcial,Treinta y Tres,Total depto,0.0,cantidad
Cuadro 5,"Cuadro 5. Cantidad de familias en Acogimiento Familiar por Departamento y tipo de centro, según propuesta de atención.",Amiga Parcial,Total país,Total general,1.0,cantidad
Cuadro 5,"Cuadro 5. Cantidad de familias en Acogimiento Familiar por Departamento y tipo de centro, según propuesta de atención.",Amiga,Artigas,Centros SPE 24 horas,10.0,cantidad
Cuadro 5,"Cuadro 5. Cantidad de familias en Acogimiento Familiar por Departamento y tipo de centro, según propuesta de atención.",Amiga,Artigas,Centros Atención Tiempo Parcial y Atención en la Comunidad,0.0,cantidad
Cuadro 5,"Cuadro 5. Cantidad de familias en Acogimiento Familiar por Departamento y tipo de centro, según propuesta de atención.",Amiga,Artigas,Total depto,10.0,cantidad
Cuadro 5,"Cuadro 5. Cantidad de familias en Acogimiento Familiar por Departamento y tipo de centro, según propuesta de atención.",Amiga,Canelones,Centros SPE 24 horas,10.0,cantidad
Cuadro 5,"Cuadro 5. Cantidad de familias en Acogimiento Familiar por Departamento y tipo de centro, según propuesta de atención.",Amiga,Canelones,Centros Atención Tiempo Parcial y Atención en la Comunidad,0.0,cantidad
Cuadro 5,"Cuadro 5. Cantidad de familias en Acogimiento Familiar por Departamento y tipo de centro, según propuesta de atención.",Amiga,Canelones,Total depto,10.0,cantidad
Cuadro 5,"Cuadro 5. Cantidad de familias en Acogimiento Familiar por Departamento y tipo de centro, según propuesta de atención.",Amiga,Cerro Largo,Centros SPE 24 horas,13.0,cantidad
Cuadro 5,"Cuadro 5. Cantidad de familias en Acogimiento Familiar por Departamento y tipo de centro, según propuesta de atención.",Amiga,Total país,Centros Atención Tiempo Parcial y Atención en la Comunidad,0.0,cantidad
Cuadro 5,"Cuadro 5. Cantidad de familias en Acogimiento Familiar por Departamento y tipo de centro, según propuesta de atención.",Amiga,Cerro Largo,Total depto,13.0,cantidad
Cuadro 5,"Cuadro 5. Cantidad de familias en Acogimiento Familiar por Departamento y tipo de centro, según propuesta de atención.",Amiga,Colonia,Centros SPE 24 horas,0.0,cantidad
Cuadro 5,"Cuadro 5. Cantidad de familias en Acogimiento Familiar por Departamento y tipo de centro, según propuesta de atención.",Amiga,Colonia,Centros Atención Tiempo Parcial y Atención en la Comunidad,0.0,cantidad
Cuadro 5,"Cuadro 5. Cantidad de familias en Acogimiento Familiar por Departamento y tipo de centro, según propuesta de atención.",Amiga,Colonia,Total depto,0.0,cantidad
Cuadro 5,"Cuadro 5. Cantidad de familias en Acogimiento Familiar por Departamento y tipo de centro, según propuesta de atención.",Amiga,Durazno,Centros SPE 24 horas,5.0,cantidad
Cuadro 5,"Cuadro 5. Cantidad de familias en Acogimiento Familiar por Departamento y tipo de centro, según propuesta de atención.",Amiga,Durazno,Centros Atención Tiempo Parcial y Atención en la Comunidad,0.0,cantidad
Cuadro 5,"Cuadro 5. Cantidad de familias en Acogimiento Familiar por Departamento y tipo de centro, según propuesta de atención.",Amiga,Durazno,Total depto,5.0,cantidad
Cuadro 5,"Cuadro 5. Cantidad de familias en Acogimiento Familiar por Departamento y tipo de centro, según propuesta de atención.",Amiga,Flores,Centros SPE 24 horas,12.0,cantidad
Cuadro 5,"Cuadro 5. Cantidad de familias en Acogimiento Familiar por Departamento y tipo de centro, según propuesta de atención.",Amiga,Flores,Centros Atención Tiempo Parcial y Atención en la Comunidad,0.0,cantidad
Cuadro 5,"Cuadro 5. Cantidad de familias en Acogimiento Familiar por Departamento y tipo de centro, según propuesta de atención.",Amiga,Flores,Total depto,12.0,cantidad
Cuadro 5,"Cuadro 5. Cantidad de familias en Acogimiento Familiar por Departamento y tipo de centro, según propuesta de atención.",Amiga,Florida,Centros SPE 24 horas,2.0,cantidad
Cuadro 5,"Cuadro 5. Cantidad de familias en Acogimiento Familiar por Departamento y tipo de centro, según propuesta de atención.",Amiga,Florida,Centros Atención Tiempo Parcial y Atención en la Comunidad,0.0,cantidad
Cuadro 5,"Cuadro 5. Cantidad de familias en Acogimiento Familiar por Departamento y tipo de centro, según propuesta de atención.",Amiga,Florida,Total depto,2.0,cantidad
Cuadro 5,"Cuadro 5. Cantidad de familias en Acogimiento Familiar por Departamento y tipo de centro, según propuesta de atención.",Amiga,Lavalleja,Centros SPE 24 horas,0.0,cantidad
Cuadro 5,"Cuadro 5. Cantidad de familias en Acogimiento Familiar por Departamento y tipo de centro, según propuesta de atención.",Amiga,Lavalleja,Centros Atención Tiempo Parcial y Atención en la Comunidad,0.0,cantidad
Cuadro 5,"Cuadro 5. Cantidad de familias en Acogimiento Familiar por Departamento y tipo de centro, según propuesta de atención.",Amiga,Lavalleja,Total depto,0.0,cantidad
Cuadro 5,"Cuadro 5. Cantidad de familias en Acogimiento Familiar por Departamento y tipo de centro, según propuesta de atención.",Amiga,Maldonado,Centros SPE 24 horas,6.0,cantidad
Cuadro 5,"Cuadro 5. Cantidad de familias en Acogimiento Familiar por Departamento y tipo de centro, según propuesta de atención.",Amiga,Maldonado,Centros Atención Tiempo Parcial y Atención en la Comunidad,0.0,cantidad
Cuadro 5,"Cuadro 5. Cantidad de familias en Acogimiento Familiar por Departamento y tipo de centro, según propuesta de atención.",Amiga,Maldonado,Total depto,6.0,cantidad
Cuadro 5,"Cuadro 5. Cantidad de familias en Acogimiento Familiar por Departamento y tipo de centro, según propuesta de atención.",Amiga,Montevideo,Centros SPE 24 horas,21.0,cantidad
Cuadro 5,"Cuadro 5. Cantidad de familias en Acogimiento Familiar por Departamento y tipo de centro, según propuesta de atención.",Amiga,Montevideo,Centros Atención Tiempo Parcial y Atención en la Comunidad,0.0,cantidad
Cuadro 5,"Cuadro 5. Cantidad de familias en Acogimiento Familiar por Departamento y tipo de centro, según propuesta de atención.",Amiga,Montevideo,Total depto,21.0,cantidad
Cuadro 5,"Cuadro 5. Cantidad de familias en Acogimiento Familiar por Departamento y tipo de centro, según propuesta de atención.",Amiga,Paysandú,Centros SPE 24 horas,0.0,cantidad
Cuadro 5,"Cuadro 5. Cantidad de familias en Acogimiento Familiar por Departamento y tipo de centro, según propuesta de atención.",Amiga,Paysandú,Centros Atención Tiempo Parcial y Atención en la Comunidad,0.0,cantidad
Cuadro 5,"Cuadro 5. Cantidad de familias en Acogimiento Familiar por Departamento y tipo de centro, según propuesta de atención.",Amiga,Paysandú,Total depto,0.0,cantidad
Cuadro 5,"Cuadro 5. Cantidad de familias en Acogimiento Familiar por Departamento y tipo de centro, según propuesta de atención.",Amiga,Río Negro,Centros SPE 24 horas,4.0,cantidad
Cuadro 5,"Cuadro 5. Cantidad de familias en Acogimiento Familiar por Departamento y tipo de centro, según propuesta de atención.",Amiga,Río Negro,Centros Atención Tiempo Parcial y Atención en la Comunidad,0.0,cantidad
Cuadro 5,"Cuadro 5. Cantidad de familias en Acogimiento Familiar por Departamento y tipo de centro, según propuesta de atención.",Amiga,Río Negro,Total depto,4.0,cantidad
Cuadro 5,"Cuadro 5. Cantidad de familias en Acogimiento Familiar por Departamento y tipo de centro, según propuesta de atención.",Amiga,Rivera,Centros SPE 24 horas,5.0,cantidad
Cuadro 5,"Cuadro 5. Cantidad de familias en Acogimiento Familiar por Departamento y tipo de centro, según propuesta de atención.",Amiga,Rivera,Centros Atención Tiempo Parcial y Atención en la Comunidad,0.0,cantidad
Cuadro 5,"Cuadro 5. Cantidad de familias en Acogimiento Familiar por Departamento y tipo de centro, según propuesta de atención.",Amiga,Rivera,Total depto,5.0,cantidad
Cuadro 5,"Cuadro 5. Cantidad de familias en Acogimiento Familiar por Departamento y tipo de centro, según propuesta de atención.",Amiga,Rocha,Centros SPE 24 horas,1.0,cantidad
Cuadro 5,"Cuadro 5. Cantidad de familias en Acogimiento Familiar por Departamento y tipo de centro, según propuesta de atención.",Amiga,Rocha,Centros Atención Tiempo Parcial y Atención en la Comunidad,0.0,cantidad
Cuadro 5,"Cuadro 5. Cantidad de familias en Acogimiento Familiar por Departamento y tipo de centro, según propuesta de atención.",Amiga,Rocha,Total depto,1.0,cantidad
Cuadro 5,"Cuadro 5. Cantidad de familias en Acogimiento Familiar por Departamento y tipo de centro, según propuesta de atención.",Amiga,Salto,Centros SPE 24 horas,1.0,cantidad
Cuadro 5,"Cuadro 5. Cantidad de familias en Acogimiento Familiar por Departamento y tipo de centro, según propuesta de atención.",Amiga,Salto,Centros Atención Tiempo Parcial y Atención en la Comunidad,0.0,cantidad
Cuadro 5,"Cuadro 5. Cantidad de familias en Acogimiento Familiar por Departamento y tipo de centro, según propuesta de atención.",Amiga,Salto,Total depto,1.0,cantidad
Cuadro 5,"Cuadro 5. Cantidad de familias en Acogimiento Familiar por Departamento y tipo de centro, según propuesta de atención.",Amiga,San José,Centros SPE 24 horas,10.0,cantidad
Cuadro 5,"Cuadro 5. Cantidad de familias en Acogimiento Familiar por Departamento y tipo de centro, según propuesta de atención.",Amiga,San José,Centros Atención Tiempo Parcial y Atención en la Comunidad,0.0,cantidad
Cuadro 5,"Cuadro 5. Cantidad de familias en Acogimiento Familiar por Departamento y tipo de centro, según propuesta de atención.",Amiga,San José,Total depto,10.0,cantidad
Cuadro 5,"Cuadro 5. Cantidad de familias en Acogimiento Familiar por Departamento y tipo de centro, según propuesta de atención.",Amiga,Soriano,Centros SPE 24 horas,2.0,cantidad
Cuadro 5,"Cuadro 5. Cantidad de familias en Acogimiento Familiar por Departamento y tipo de centro, según propuesta de atención.",Amiga,Soriano,Centros Atención Tiempo Parcial y Atención en la Comunidad,0.0,cantidad
Cuadro 5,"Cuadro 5. Cantidad de familias en Acogimiento Familiar por Departamento y tipo de centro, según propuesta de atención.",Amiga,Soriano,Total depto,2.0,cantidad
Cuadro 5,"Cuadro 5. Cantidad de familias en Acogimiento Familiar por Departamento y tipo de centro, según propuesta de atención.",Amiga,Tacuarembó,Centros SPE 24 horas,4.0,cantidad
Cuadro 5,"Cuadro 5. Cantidad de familias en Acogimiento Familiar por Departamento y tipo de centro, según propuesta de atención.",Amiga,Tacuarembó,Centros Atención Tiempo Parcial y Atención en la Comunidad,0.0,cantidad
Cuadro 5,"Cuadro 5. Cantidad de familias en Acogimiento Familiar por Departamento y tipo de centro, según propuesta de atención.",Amiga,Tacuarembó,Total depto,4.0,cantidad
Cuadro 5,"Cuadro 5. Cantidad de familias en Acogimiento Familiar por Departamento y tipo de centro, según propuesta de atención.",Amiga,Treinta y Tres,Centros SPE 24 horas,0.0,cantidad
Cuadro 5,"Cuadro 5. Cantidad de familias en Acogimiento Familiar por Departamento y tipo de centro, según propuesta de atención.",Amiga,Treinta y Tres,Centros Atención Tiempo Parcial y Atención en la Comunidad,0.0,cantidad
Cuadro 5,"Cuadro 5. Cantidad de familias en Acogimiento Familiar por Departamento y tipo de centro, según propuesta de atención.",Amiga,Treinta y Tres,Total depto,0.0,cantidad
Cuadro 5,"Cuadro 5. Cantidad de familias en Acogimiento Familiar por Departamento y tipo de centro, según propuesta de atención.",Amiga,Total país,Total general,106.0,cantidad
Cuadro 5,"Cuadro 5. Cantidad de familias en Acogimiento Familiar por Departamento y tipo de centro, según propuesta de atención.",Amiga Urgencia,Artigas,Centros SPE 24 horas,0.0,cantidad
Cuadro 5,"Cuadro 5. Cantidad de familias en Acogimiento Familiar por Departamento y tipo de centro, según propuesta de atención.",Amiga Urgencia,Artigas,Centros Atención Tiempo Parcial y Atención en la Comunidad,0.0,cantidad
Cuadro 5,"Cuadro 5. Cantidad de familias en Acogimiento Familiar por Departamento y tipo de centro, según propuesta de atención.",Amiga Urgencia,Artigas,Total depto,0.0,cantidad
Cuadro 5,"Cuadro 5. Cantidad de familias en Acogimiento Familiar por Departamento y tipo de centro, según propuesta de atención.",Amiga Urgencia,Canelones,Centros SPE 24 horas,0.0,cantidad
Cuadro 5,"Cuadro 5. Cantidad de familias en Acogimiento Familiar por Departamento y tipo de centro, según propuesta de atención.",Amiga Urgencia,Canelones,Centros Atención Tiempo Parcial y Atención en la Comunidad,0.0,cantidad
Cuadro 5,"Cuadro 5. Cantidad de familias en Acogimiento Familiar por Departamento y tipo de centro, según propuesta de atención.",Amiga Urgencia,Canelones,Total depto,0.0,cantidad
Cuadro 5,"Cuadro 5. Cantidad de familias en Acogimiento Familiar por Departamento y tipo de centro, según propuesta de atención.",Amiga Urgencia,Cerro Largo,Centros SPE 24 horas,0.0,cantidad
Cuadro 5,"Cuadro 5. Cantidad de familias en Acogimiento Familiar por Departamento y tipo de centro, según propuesta de atención.",Amiga Urgencia,Total país,Centros Atención Tiempo Parcial y Atención en la Comunidad,0.0,cantidad
Cuadro 5,"Cuadro 5. Cantidad de familias en Acogimiento Familiar por Departamento y tipo de centro, según propuesta de atención.",Amiga Urgencia,Cerro Largo,Total depto,0.0,cantidad
Cuadro 5,"Cuadro 5. Cantidad de familias en Acogimiento Familiar por Departamento y tipo de centro, según propuesta de atención.",Amiga Urgencia,Colonia,Centros SPE 24 horas,0.0,cantidad
Cuadro 5,"Cuadro 5. Cantidad de familias en Acogimiento Familiar por Departamento y tipo de centro, según propuesta de atención.",Amiga Urgencia,Colonia,Centros Atención Tiempo Parcial y Atención en la Comunidad,0.0,cantidad
Cuadro 5,"Cuadro 5. Cantidad de familias en Acogimiento Familiar por Departamento y tipo de centro, según propuesta de atención.",Amiga Urgencia,Colonia,Total depto,0.0,cantidad
Cuadro 5,"Cuadro 5. Cantidad de familias en Acogimiento Familiar por Departamento y tipo de centro, según propuesta de atención.",Amiga Urgencia,Durazno,Centros SPE 24 horas,0.0,cantidad
Cuadro 5,"Cuadro 5. Cantidad de familias en Acogimiento Familiar por Departamento y tipo de centro, según propuesta de atención.",Amiga Urgencia,Durazno,Centros Atención Tiempo Parcial y Atención en la Comunidad,0.0,cantidad
Cuadro 5,"Cuadro 5. Cantidad de familias en Acogimiento Familiar por Departamento y tipo de centro, según propuesta de atención.",Amiga Urgencia,Durazno,Total depto,0.0,cantidad
Cuadro 5,"Cuadro 5. Cantidad de familias en Acogimiento Familiar por Departamento y tipo de centro, según propuesta de atención.",Amiga Urgencia,Flores,Centros SPE 24 horas,0.0,cantidad
Cuadro 5,"Cuadro 5. Cantidad de familias en Acogimiento Familiar por Departamento y tipo de centro, según propuesta de atención.",Amiga Urgencia,Flores,Centros Atención Tiempo Parcial y Atención en la Comunidad,0.0,cantidad
Cuadro 5,"Cuadro 5. Cantidad de familias en Acogimiento Familiar por Departamento y tipo de centro, según propuesta de atención.",Amiga Urgencia,Flores,Total depto,0.0,cantidad
Cuadro 5,"Cuadro 5. Cantidad de familias en Acogimiento Familiar por Departamento y tipo de centro, según propuesta de atención.",Amiga Urgencia,Florida,Centros SPE 24 horas,0.0,cantidad
Cuadro 5,"Cuadro 5. Cantidad de familias en Acogimiento Familiar por Departamento y tipo de centro, según propuesta de atención.",Amiga Urgencia,Florida,Centros Atención Tiempo Parcial y Atención en la Comunidad,0.0,cantidad
Cuadro 5,"Cuadro 5. Cantidad de familias en Acogimiento Familiar por Departamento y tipo de centro, según propuesta de atención.",Amiga Urgencia,Florida,Total depto,0.0,cantidad
Cuadro 5,"Cuadro 5. Cantidad de familias en Acogimiento Familiar por Departamento y tipo de centro, según propuesta de atención.",Amiga Urgencia,Lavalleja,Centros SPE 24 horas,0.0,cantidad
Cuadro 5,"Cuadro 5. Cantidad de familias en Acogimiento Familiar por Departamento y tipo de centro, según propuesta de atención.",Amiga Urgencia,Lavalleja,Centros Atención Tiempo Parcial y Atención en la Comunidad,0.0,cantidad
Cuadro 5,"Cuadro 5. Cantidad de familias en Acogimiento Familiar por Departamento y tipo de centro, según propuesta de atención.",Amiga Urgencia,Lavalleja,Total depto,0.0,cantidad
Cuadro 5,"Cuadro 5. Cantidad de familias en Acogimiento Familiar por Departamento y tipo de centro, según propuesta de atención.",Amiga Urgencia,Maldonado,Centros SPE 24 horas,0.0,cantidad
Cuadro 5,"Cuadro 5. Cantidad de familias en Acogimiento Familiar por Departamento y tipo de centro, según propuesta de atención.",Amiga Urgencia,Maldonado,Centros Atención Tiempo Parcial y Atención en la Comunidad,0.0,cantidad
Cuadro 5,"Cuadro 5. Cantidad de familias en Acogimiento Familiar por Departamento y tipo de centro, según propuesta de atención.",Amiga Urgencia,Maldonado,Total depto,0.0,cantidad
Cuadro 5,"Cuadro 5. Cantidad de familias en Acogimiento Familiar por Departamento y tipo de centro, según propuesta de atención.",Amiga Urgencia,Montevideo,Centros SPE 24 horas,4.0,cantidad
Cuadro 5,"Cuadro 5. Cantidad de familias en Acogimiento Familiar por Departamento y tipo de centro, según propuesta de atención.",Amiga Urgencia,Montevideo,Centros Atención Tiempo Parcial y Atención en la Comunidad,0.0,cantidad
Cuadro 5,"Cuadro 5. Cantidad de familias en Acogimiento Familiar por Departamento y tipo de centro, según propuesta de atención.",Amiga Urgencia,Montevideo,Total depto,4.0,cantidad
Cuadro 5,"Cuadro 5. Cantidad de familias en Acogimiento Familiar por Departamento y tipo de centro, según propuesta de atención.",Amiga Urgencia,Paysandú,Centros SPE 24 horas,0.0,cantidad
Cuadro 5,"Cuadro 5. Cantidad de familias en Acogimiento Familiar por Departamento y tipo de centro, según propuesta de atención.",Amiga Urgencia,Paysandú,Centros Atención Tiempo Parcial y Atención en la Comunidad,0.0,cantidad
Cuadro 5,"Cuadro 5. Cantidad de familias en Acogimiento Familiar por Departamento y tipo de centro, según propuesta de atención.",Amiga Urgencia,Paysandú,Total depto,0.0,cantidad
Cuadro 5,"Cuadro 5. Cantidad de familias en Acogimiento Familiar por Departamento y tipo de centro, según propuesta de atención.",Amiga Urgencia,Río Negro,Centros SPE 24 horas,0.0,cantidad
Cuadro 5,"Cuadro 5. Cantidad de familias en Acogimiento Familiar por Departamento y tipo de centro, según propuesta de atención.",Amiga Urgencia,Río Negro,Centros Atención Tiempo Parcial y Atención en la Comunidad,0.0,cantidad
Cuadro 5,"Cuadro 5. Cantidad de familias en Acogimiento Familiar por Departamento y tipo de centro, según propuesta de atención.",Amiga Urgencia,Río Negro,Total depto,0.0,cantidad
Cuadro 5,"Cuadro 5. Cantidad de familias en Acogimiento Familiar por Departamento y tipo de centro, según propuesta de atención.",Amiga Urgencia,Rivera,Centros SPE 24 horas,0.0,cantidad
Cuadro 5,"Cuadro 5. Cantidad de familias en Acogimiento Familiar por Departamento y tipo de centro, según propuesta de atención.",Amiga Urgencia,Rivera,Centros Atención Tiempo Parcial y Atención en la Comunidad,0.0,cantidad
Cuadro 5,"Cuadro 5. Cantidad de familias en Acogimiento Familiar por Departamento y tipo de centro, según propuesta de atención.",Amiga Urgencia,Rivera,Total depto,0.0,cantidad
Cuadro 5,"Cuadro 5. Cantidad de familias en Acogimiento Familiar por Departamento y tipo de centro, según propuesta de atención.",Amiga Urgencia,Rocha,Centros SPE 24 horas,0.0,cantidad
Cuadro 5,"Cuadro 5. Cantidad de familias en Acogimiento Familiar por Departamento y tipo de centro, según propuesta de atención.",Amiga Urgencia,Rocha,Centros Atención Tiempo Parcial y Atención en la Comunidad,0.0,cantidad
Cuadro 5,"Cuadro 5. Cantidad de familias en Acogimiento Familiar por Departamento y tipo de centro, según propuesta de atención.",Amiga Urgencia,Rocha,Total depto,0.0,cantidad
Cuadro 5,"Cuadro 5. Cantidad de familias en Acogimiento Familiar por Departamento y tipo de centro, según propuesta de atención.",Amiga Urgencia,Salto,Centros SPE 24 horas,0.0,cantidad
Cuadro 5,"Cuadro 5. Cantidad de familias en Acogimiento Familiar por Departamento y tipo de centro, según propuesta de atención.",Amiga Urgencia,Salto,Centros Atención Tiempo Parcial y Atención en la Comunidad,0.0,cantidad
Cuadro 5,"Cuadro 5. Cantidad de familias en Acogimiento Familiar por Departamento y tipo de centro, según propuesta de atención.",Amiga Urgencia,Salto,Total depto,0.0,cantidad
Cuadro 5,"Cuadro 5. Cantidad de familias en Acogimiento Familiar por Departamento y tipo de centro, según propuesta de atención.",Amiga Urgencia,San José,Centros SPE 24 horas,0.0,cantidad
Cuadro 5,"Cuadro 5. Cantidad de familias en Acogimiento Familiar por Departamento y tipo de centro, según propuesta de atención.",Amiga Urgencia,San José,Centros Atención Tiempo Parcial y Atención en la Comunidad,0.0,cantidad
Cuadro 5,"Cuadro 5. Cantidad de familias en Acogimiento Familiar por Departamento y tipo de centro, según propuesta de atención.",Amiga Urgencia,San José,Total depto,0.0,cantidad
Cuadro 5,"Cuadro 5. Cantidad de familias en Acogimiento Familiar por Departamento y tipo de centro, según propuesta de atención.",Amiga Urgencia,Soriano,Centros SPE 24 horas,0.0,cantidad
Cuadro 5,"Cuadro 5. Cantidad de familias en Acogimiento Familiar por Departamento y tipo de centro, según propuesta de atención.",Amiga Urgencia,Soriano,Centros Atención Tiempo Parcial y Atención en la Comunidad,0.0,cantidad
Cuadro 5,"Cuadro 5. Cantidad de familias en Acogimiento Familiar por Departamento y tipo de centro, según propuesta de atención.",Amiga Urgencia,Soriano,Total depto,0.0,cantidad
Cuadro 5,"Cuadro 5. Cantidad de familias en Acogimiento Familiar por Departamento y tipo de centro, según propuesta de atención.",Amiga Urgencia,Tacuarembó,Centros SPE 24 horas,0.0,cantidad
Cuadro 5,"Cuadro 5. Cantidad de familias en Acogimiento Familiar por Departamento y tipo de centro, según propuesta de atención.",Amiga Urgencia,Tacuarembó,Centros Atención Tiempo Parcial y Atención en la Comunidad,0.0,cantidad
Cuadro 5,"Cuadro 5. Cantidad de familias en Acogimiento Familiar por Departamento y tipo de centro, según propuesta de atención.",Amiga Urgencia,Tacuarembó,Total depto,0.0,cantidad
Cuadro 5,"Cuadro 5. Cantidad de familias en Acogimiento Familiar por Departamento y tipo de centro, según propuesta de atención.",Amiga Urgencia,Treinta y Tres,Centros SPE 24 horas,0.0,cantidad
Cuadro 5,"Cuadro 5. Cantidad de familias en Acogimiento Familiar por Departamento y tipo de centro, según propuesta de atención.",Amiga Urgencia,Treinta y Tres,Centros Atención Tiempo Parcial y Atención en la Comunidad,0.0,cantidad
Cuadro 5,"Cuadro 5. Cantidad de familias en Acogimiento Familiar por Departamento y tipo de centro, según propuesta de atención.",Amiga Urgencia,Treinta y Tres,Total depto,0.0,cantidad
Cuadro 5,"Cuadro 5. Cantidad de familias en Acogimiento Familiar por Departamento y tipo de centro, según propuesta de atención.",Amiga Urgencia,Total país,Total general,4.0,cantidad
Cuadro 5,"Cuadro 5. Cantidad de familias en Acogimiento Familiar por Departamento y tipo de centro, según propuesta de atención.",Cuidadoras 1a. Atención/ Hogares Alternativa Familiar,Artigas,Centros SPE 24 horas,5.0,cantidad
Cuadro 5,"Cuadro 5. Cantidad de familias en Acogimiento Familiar por Departamento y tipo de centro, según propuesta de atención.",Cuidadoras 1a. Atención/ Hogares Alternativa Familiar,Artigas,Centros Atención Tiempo Parcial y Atención en la Comunidad,0.0,cantidad
Cuadro 5,"Cuadro 5. Cantidad de familias en Acogimiento Familiar por Departamento y tipo de centro, según propuesta de atención.",Cuidadoras 1a. Atención/ Hogares Alternativa Familiar,Artigas,Total depto,5.0,cantidad
Cuadro 5,"Cuadro 5. Cantidad de familias en Acogimiento Familiar por Departamento y tipo de centro, según propuesta de atención.",Cuidadoras 1a. Atención/ Hogares Alternativa Familiar,Canelones,Centros SPE 24 horas,1.0,cantidad
Cuadro 5,"Cuadro 5. Cantidad de familias en Acogimiento Familiar por Departamento y tipo de centro, según propuesta de atención.",Cuidadoras 1a. Atención/ Hogares Alternativa Familiar,Canelones,Centros Atención Tiempo Parcial y Atención en la Comunidad,0.0,cantidad
Cuadro 5,"Cuadro 5. Cantidad de familias en Acogimiento Familiar por Departamento y tipo de centro, según propuesta de atención.",Cuidadoras 1a. Atención/ Hogares Alternativa Familiar,Canelones,Total depto,1.0,cantidad
Cuadro 5,"Cuadro 5. Cantidad de familias en Acogimiento Familiar por Departamento y tipo de centro, según propuesta de atención.",Cuidadoras 1a. Atención/ Hogares Alternativa Familiar,Cerro Largo,Centros SPE 24 horas,2.0,cantidad
Cuadro 5,"Cuadro 5. Cantidad de familias en Acogimiento Familiar por Departamento y tipo de centro, según propuesta de atención.",Cuidadoras 1a. Atención/ Hogares Alternativa Familiar,Total país,Centros Atención Tiempo Parcial y Atención en la Comunidad,0.0,cantidad
Cuadro 5,"Cuadro 5. Cantidad de familias en Acogimiento Familiar por Departamento y tipo de centro, según propuesta de atención.",Cuidadoras 1a. Atención/ Hogares Alternativa Familiar,Cerro Largo,Total depto,2.0,cantidad
Cuadro 5,"Cuadro 5. Cantidad de familias en Acogimiento Familiar por Departamento y tipo de centro, según propuesta de atención.",Cuidadoras 1a. Atención/ Hogares Alternativa Familiar,Colonia,Centros SPE 24 horas,2.0,cantidad
Cuadro 5,"Cuadro 5. Cantidad de familias en Acogimiento Familiar por Departamento y tipo de centro, según propuesta de atención.",Cuidadoras 1a. Atención/ Hogares Alternativa Familiar,Colonia,Centros Atención Tiempo Parcial y Atención en la Comunidad,0.0,cantidad
Cuadro 5,"Cuadro 5. Cantidad de familias en Acogimiento Familiar por Departamento y tipo de centro, según propuesta de atención.",Cuidadoras 1a. Atención/ Hogares Alternativa Familiar,Colonia,Total depto,2.0,cantidad
Cuadro 5,"Cuadro 5. Cantidad de familias en Acogimiento Familiar por Departamento y tipo de centro, según propuesta de atención.",Cuidadoras 1a. Atención/ Hogares Alternativa Familiar,Durazno,Centros SPE 24 horas,1.0,cantidad
Cuadro 5,"Cuadro 5. Cantidad de familias en Acogimiento Familiar por Departamento y tipo de centro, según propuesta de atención.",Cuidadoras 1a. Atención/ Hogares Alternativa Familiar,Durazno,Centros Atención Tiempo Parcial y Atención en la Comunidad,0.0,cantidad
Cuadro 5,"Cuadro 5. Cantidad de familias en Acogimiento Familiar por Departamento y tipo de centro, según propuesta de atención.",Cuidadoras 1a. Atención/ Hogares Alternativa Familiar,Durazno,Total depto,1.0,cantidad
Cuadro 5,"Cuadro 5. Cantidad de familias en Acogimiento Familiar por Departamento y tipo de centro, según propuesta de atención.",Cuidadoras 1a. Atención/ Hogares Alternativa Familiar,Flores,Centros SPE 24 horas,1.0,cantidad
Cuadro 5,"Cuadro 5. Cantidad de familias en Acogimiento Familiar por Departamento y tipo de centro, según propuesta de atención.",Cuidadoras 1a. Atención/ Hogares Alternativa Familiar,Flores,Centros Atención Tiempo Parcial y Atención en la Comunidad,0.0,cantidad
Cuadro 5,"Cuadro 5. Cantidad de familias en Acogimiento Familiar por Departamento y tipo de centro, según propuesta de atención.",Cuidadoras 1a. Atención/ Hogares Alternativa Familiar,Flores,Total depto,1.0,cantidad
Cuadro 5,"Cuadro 5. Cantidad de familias en Acogimiento Familiar por Departamento y tipo de centro, según propuesta de atención.",Cuidadoras 1a. Atención/ Hogares Alternativa Familiar,Florida,Centros SPE 24 horas,0.0,cantidad
Cuadro 5,"Cuadro 5. Cantidad de familias en Acogimiento Familiar por Departamento y tipo de centro, según propuesta de atención.",Cuidadoras 1a. Atención/ Hogares Alternativa Familiar,Florida,Centros Atención Tiempo Parcial y Atención en la Comunidad,0.0,cantidad
Cuadro 5,"Cuadro 5. Cantidad de familias en Acogimiento Familiar por Departamento y tipo de centro, según propuesta de atención.",Cuidadoras 1a. Atención/ Hogares Alternativa Familiar,Florida,Total depto,0.0,cantidad
Cuadro 5,"Cuadro 5. Cantidad de familias en Acogimiento Familiar por Departamento y tipo de centro, según propuesta de atención.",Cuidadoras 1a. Atención/ Hogares Alternativa Familiar,Lavalleja,Centros SPE 24 horas,0.0,cantidad
Cuadro 5,"Cuadro 5. Cantidad de familias en Acogimiento Familiar por Departamento y tipo de centro, según propuesta de atención.",Cuidadoras 1a. Atención/ Hogares Alternativa Familiar,Lavalleja,Centros Atención Tiempo Parcial y Atención en la Comunidad,0.0,cantidad
Cuadro 5,"Cuadro 5. Cantidad de familias en Acogimiento Familiar por Departamento y tipo de centro, según propuesta de atención.",Cuidadoras 1a. Atención/ Hogares Alternativa Familiar,Lavalleja,Total depto,0.0,cantidad
Cuadro 5,"Cuadro 5. Cantidad de familias en Acogimiento Familiar por Departamento y tipo de centro, según propuesta de atención.",Cuidadoras 1a. Atención/ Hogares Alternativa Familiar,Maldonado,Centros SPE 24 horas,0.0,cantidad
Cuadro 5,"Cuadro 5. Cantidad de familias en Acogimiento Familiar por Departamento y tipo de centro, según propuesta de atención.",Cuidadoras 1a. Atención/ Hogares Alternativa Familiar,Maldonado,Centros Atención Tiempo Parcial y Atención en la Comunidad,0.0,cantidad
Cuadro 5,"Cuadro 5. Cantidad de familias en Acogimiento Familiar por Departamento y tipo de centro, según propuesta de atención.",Cuidadoras 1a. Atención/ Hogares Alternativa Familiar,Maldonado,Total depto,0.0,cantidad
Cuadro 5,"Cuadro 5. Cantidad de familias en Acogimiento Familiar por Departamento y tipo de centro, según propuesta de atención.",Cuidadoras 1a. Atención/ Hogares Alternativa Familiar,Montevideo,Centros SPE 24 horas,7.0,cantidad
Cuadro 5,"Cuadro 5. Cantidad de familias en Acogimiento Familiar por Departamento y tipo de centro, según propuesta de atención.",Cuidadoras 1a. Atención/ Hogares Alternativa Familiar,Montevideo,Centros Atención Tiempo Parcial y Atención en la Comunidad,0.0,cantidad
Cuadro 5,"Cuadro 5. Cantidad de familias en Acogimiento Familiar por Departamento y tipo de centro, según propuesta de atención.",Cuidadoras 1a. Atención/ Hogares Alternativa Familiar,Montevideo,Total depto,7.0,cantidad
Cuadro 5,"Cuadro 5. Cantidad de familias en Acogimiento Familiar por Departamento y tipo de centro, según propuesta de atención.",Cuidadoras 1a. Atención/ Hogares Alternativa Familiar,Paysandú,Centros SPE 24 horas,1.0,cantidad
Cuadro 5,"Cuadro 5. Cantidad de familias en Acogimiento Familiar por Departamento y tipo de centro, según propuesta de atención.",Cuidadoras 1a. Atención/ Hogares Alternativa Familiar,Paysandú,Centros Atención Tiempo Parcial y Atención en la Comunidad,0.0,cantidad
Cuadro 5,"Cuadro 5. Cantidad de familias en Acogimiento Familiar por Departamento y tipo de centro, según propuesta de atención.",Cuidadoras 1a. Atención/ Hogares Alternativa Familiar,Paysandú,Total depto,1.0,cantidad
Cuadro 5,"Cuadro 5. Cantidad de familias en Acogimiento Familiar por Departamento y tipo de centro, según propuesta de atención.",Cuidadoras 1a. Atención/ Hogares Alternativa Familiar,Río Negro,Centros SPE 24 horas,3.0,cantidad
Cuadro 5,"Cuadro 5. Cantidad de familias en Acogimiento Familiar por Departamento y tipo de centro, según propuesta de atención.",Cuidadoras 1a. Atención/ Hogares Alternativa Familiar,Río Negro,Centros Atención Tiempo Parcial y Atención en la Comunidad,0.0,cantidad
Cuadro 5,"Cuadro 5. Cantidad de familias en Acogimiento Familiar por Departamento y tipo de centro, según propuesta de atención.",Cuidadoras 1a. Atención/ Hogares Alternativa Familiar,Río Negro,Total depto,3.0,cantidad
Cuadro 5,"Cuadro 5. Cantidad de familias en Acogimiento Familiar por Departamento y tipo de centro, según propuesta de atención.",Cuidadoras 1a. Atención/ Hogares Alternativa Familiar,Rivera,Centros SPE 24 horas,1.0,cantidad
Cuadro 5,"Cuadro 5. Cantidad de familias en Acogimiento Familiar por Departamento y tipo de centro, según propuesta de atención.",Cuidadoras 1a. Atención/ Hogares Alternativa Familiar,Rivera,Centros Atención Tiempo Parcial y Atención en la Comunidad,0.0,cantidad
Cuadro 5,"Cuadro 5. Cantidad de familias en Acogimiento Familiar por Departamento y tipo de centro, según propuesta de atención.",Cuidadoras 1a. Atención/ Hogares Alternativa Familiar,Rivera,Total depto,1.0,cantidad
Cuadro 5,"Cuadro 5. Cantidad de familias en Acogimiento Familiar por Departamento y tipo de centro, según propuesta de atención.",Cuidadoras 1a. Atención/ Hogares Alternativa Familiar,Rocha,Centros SPE 24 horas,0.0,cantidad
Cuadro 5,"Cuadro 5. Cantidad de familias en Acogimiento Familiar por Departamento y tipo de centro, según propuesta de atención.",Cuidadoras 1a. Atención/ Hogares Alternativa Familiar,Rocha,Centros Atención Tiempo Parcial y Atención en la Comunidad,0.0,cantidad
Cuadro 5,"Cuadro 5. Cantidad de familias en Acogimiento Familiar por Departamento y tipo de centro, según propuesta de atención.",Cuidadoras 1a. Atención/ Hogares Alternativa Familiar,Rocha,Total depto,0.0,cantidad
Cuadro 5,"Cuadro 5. Cantidad de familias en Acogimiento Familiar por Departamento y tipo de centro, según propuesta de atención.",Cuidadoras 1a. Atención/ Hogares Alternativa Familiar,Salto,Centros SPE 24 horas,3.0,cantidad
Cuadro 5,"Cuadro 5. Cantidad de familias en Acogimiento Familiar por Departamento y tipo de centro, según propuesta de atención.",Cuidadoras 1a. Atención/ Hogares Alternativa Familiar,Salto,Centros Atención Tiempo Parcial y Atención en la Comunidad,0.0,cantidad
Cuadro 5,"Cuadro 5. Cantidad de familias en Acogimiento Familiar por Departamento y tipo de centro, según propuesta de atención.",Cuidadoras 1a. Atención/ Hogares Alternativa Familiar,Salto,Total depto,3.0,cantidad
Cuadro 5,"Cuadro 5. Cantidad de familias en Acogimiento Familiar por Departamento y tipo de centro, según propuesta de atención.",Cuidadoras 1a. Atención/ Hogares Alternativa Familiar,San José,Centros SPE 24 horas,1.0,cantidad
Cuadro 5,"Cuadro 5. Cantidad de familias en Acogimiento Familiar por Departamento y tipo de centro, según propuesta de atención.",Cuidadoras 1a. Atención/ Hogares Alternativa Familiar,San José,Centros Atención Tiempo Parcial y Atención en la Comunidad,0.0,cantidad
Cuadro 5,"Cuadro 5. Cantidad de familias en Acogimiento Familiar por Departamento y tipo de centro, según propuesta de atención.",Cuidadoras 1a. Atención/ Hogares Alternativa Familiar,San José,Total depto,1.0,cantidad
Cuadro 5,"Cuadro 5. Cantidad de familias en Acogimiento Familiar por Departamento y tipo de centro, según propuesta de atención.",Cuidadoras 1a. Atención/ Hogares Alternativa Familiar,Soriano,Centros SPE 24 horas,0.0,cantidad
Cuadro 5,"Cuadro 5. Cantidad de familias en Acogimiento Familiar por Departamento y tipo de centro, según propuesta de atención.",Cuidadoras 1a. Atención/ Hogares Alternativa Familiar,Soriano,Centros Atención Tiempo Parcial y Atención en la Comunidad,0.0,cantidad
Cuadro 5,"Cuadro 5. Cantidad de familias en Acogimiento Familiar por Departamento y tipo de centro, según propuesta de atención.",Cuidadoras 1a. Atención/ Hogares Alternativa Familiar,Soriano,Total depto,0.0,cantidad
Cuadro 5,"Cuadro 5. Cantidad de familias en Acogimiento Familiar por Departamento y tipo de centro, según propuesta de atención.",Cuidadoras 1a. Atención/ Hogares Alternativa Familiar,Tacuarembó,Centros SPE 24 horas,1.0,cantidad
Cuadro 5,"Cuadro 5. Cantidad de familias en Acogimiento Familiar por Departamento y tipo de centro, según propuesta de atención.",Cuidadoras 1a. Atención/ Hogares Alternativa Familiar,Tacuarembó,Centros Atención Tiempo Parcial y Atención en la Comunidad,0.0,cantidad
Cuadro 5,"Cuadro 5. Cantidad de familias en Acogimiento Familiar por Departamento y tipo de centro, según propuesta de atención.",Cuidadoras 1a. Atención/ Hogares Alternativa Familiar,Tacuarembó,Total depto,1.0,cantidad
Cuadro 5,"Cuadro 5. Cantidad de familias en Acogimiento Familiar por Departamento y tipo de centro, según propuesta de atención.",Cuidadoras 1a. Atención/ Hogares Alternativa Familiar,Treinta y Tres,Centros SPE 24 horas,0.0,cantidad
Cuadro 5,"Cuadro 5. Cantidad de familias en Acogimiento Familiar por Departamento y tipo de centro, según propuesta de atención.",Cuidadoras 1a. Atención/ Hogares Alternativa Familiar,Treinta y Tres,Centros Atención Tiempo Parcial y Atención en la Comunidad,0.0,cantidad
Cuadro 5,"Cuadro 5. Cantidad de familias en Acogimiento Familiar por Departamento y tipo de centro, según propuesta de atención.",Cuidadoras 1a. Atención/ Hogares Alternativa Familiar,Treinta y Tres,Total depto,0.0,cantidad
Cuadro 5,"Cuadro 5. Cantidad de familias en Acogimiento Familiar por Departamento y tipo de centro, según propuesta de atención.",Cuidadoras 1a. Atención/ Hogares Alternativa Familiar,Total país,Total general,29.0,cantidad
Cuadro 5,"Cuadro 5. Cantidad de familias en Acogimiento Familiar por Departamento y tipo de centro, según propuesta de atención.",Familia Extensa,Artigas,Centros SPE 24 horas,12.0,cantidad
Cuadro 5,"Cuadro 5. Cantidad de familias en Acogimiento Familiar por Departamento y tipo de centro, según propuesta de atención.",Familia Extensa,Artigas,Centros Atención Tiempo Parcial y Atención en la Comunidad,47.0,cantidad
Cuadro 5,"Cuadro 5. Cantidad de familias en Acogimiento Familiar por Departamento y tipo de centro, según propuesta de atención.",Familia Extensa,Artigas,Total depto,59.0,cantidad
Cuadro 5,"Cuadro 5. Cantidad de familias en Acogimiento Familiar por Departamento y tipo de centro, según propuesta de atención.",Familia Extensa,Canelones,Centros SPE 24 horas,27.0,cantidad
Cuadro 5,"Cuadro 5. Cantidad de familias en Acogimiento Familiar por Departamento y tipo de centro, según propuesta de atención.",Familia Extensa,Canelones,Centros Atención Tiempo Parcial y Atención en la Comunidad,124.0,cantidad
Cuadro 5,"Cuadro 5. Cantidad de familias en Acogimiento Familiar por Departamento y tipo de centro, según propuesta de atención.",Familia Extensa,Canelones,Total depto,151.0,cantidad
Cuadro 5,"Cuadro 5. Cantidad de familias en Acogimiento Familiar por Departamento y tipo de centro, según propuesta de atención.",Familia Extensa,Cerro Largo,Centros SPE 24 horas,23.0,cantidad
Cuadro 5,"Cuadro 5. Cantidad de familias en Acogimiento Familiar por Departamento y tipo de centro, según propuesta de atención.",Familia Extensa,Total país,Centros Atención Tiempo Parcial y Atención en la Comunidad,14.0,cantidad
Cuadro 5,"Cuadro 5. Cantidad de familias en Acogimiento Familiar por Departamento y tipo de centro, según propuesta de atención.",Familia Extensa,Cerro Largo,Total depto,37.0,cantidad
Cuadro 5,"Cuadro 5. Cantidad de familias en Acogimiento Familiar por Departamento y tipo de centro, según propuesta de atención.",Familia Extensa,Colonia,Centros SPE 24 horas,2.0,cantidad
Cuadro 5,"Cuadro 5. Cantidad de familias en Acogimiento Familiar por Departamento y tipo de centro, según propuesta de atención.",Familia Extensa,Colonia,Centros Atención Tiempo Parcial y Atención en la Comunidad,36.0,cantidad
Cuadro 5,"Cuadro 5. Cantidad de familias en Acogimiento Familiar por Departamento y tipo de centro, según propuesta de atención.",Familia Extensa,Colonia,Total depto,38.0,cantidad
Cuadro 5,"Cuadro 5. Cantidad de familias en Acogimiento Familiar por Departamento y tipo de centro, según propuesta de atención.",Familia Extensa,Durazno,Centros SPE 24 horas,16.0,cantidad
Cuadro 5,"Cuadro 5. Cantidad de familias en Acogimiento Familiar por Departamento y tipo de centro, según propuesta de atención.",Familia Extensa,Durazno,Centros Atención Tiempo Parcial y Atención en la Comunidad,42.0,cantidad
Cuadro 5,"Cuadro 5. Cantidad de familias en Acogimiento Familiar por Departamento y tipo de centro, según propuesta de atención.",Familia Extensa,Durazno,Total depto,58.0,cantidad
Cuadro 5,"Cuadro 5. Cantidad de familias en Acogimiento Familiar por Departamento y tipo de centro, según propuesta de atención.",Familia Extensa,Flores,Centros SPE 24 horas,6.0,cantidad
Cuadro 5,"Cuadro 5. Cantidad de familias en Acogimiento Familiar por Departamento y tipo de centro, según propuesta de atención.",Familia Extensa,Flores,Centros Atención Tiempo Parcial y Atención en la Comunidad,17.0,cantidad
Cuadro 5,"Cuadro 5. Cantidad de familias en Acogimiento Familiar por Departamento y tipo de centro, según propuesta de atención.",Familia Extensa,Flores,Total depto,23.0,cantidad
Cuadro 5,"Cuadro 5. Cantidad de familias en Acogimiento Familiar por Departamento y tipo de centro, según propuesta de atención.",Familia Extensa,Florida,Centros SPE 24 horas,52.0,cantidad
Cuadro 5,"Cuadro 5. Cantidad de familias en Acogimiento Familiar por Departamento y tipo de centro, según propuesta de atención.",Familia Extensa,Florida,Centros Atención Tiempo Parcial y Atención en la Comunidad,14.0,cantidad
Cuadro 5,"Cuadro 5. Cantidad de familias en Acogimiento Familiar por Departamento y tipo de centro, según propuesta de atención.",Familia Extensa,Florida,Total depto,66.0,cantidad
Cuadro 5,"Cuadro 5. Cantidad de familias en Acogimiento Familiar por Departamento y tipo de centro, según propuesta de atención.",Familia Extensa,Lavalleja,Centros SPE 24 horas,11.0,cantidad
Cuadro 5,"Cuadro 5. Cantidad de familias en Acogimiento Familiar por Departamento y tipo de centro, según propuesta de atención.",Familia Extensa,Lavalleja,Centros Atención Tiempo Parcial y Atención en la Comunidad,8.0,cantidad
Cuadro 5,"Cuadro 5. Cantidad de familias en Acogimiento Familiar por Departamento y tipo de centro, según propuesta de atención.",Familia Extensa,Lavalleja,Total depto,19.0,cantidad
Cuadro 5,"Cuadro 5. Cantidad de familias en Acogimiento Familiar por Departamento y tipo de centro, según propuesta de atención.",Familia Extensa,Maldonado,Centros SPE 24 horas,65.0,cantidad
Cuadro 5,"Cuadro 5. Cantidad de familias en Acogimiento Familiar por Departamento y tipo de centro, según propuesta de atención.",Familia Extensa,Maldonado,Centros Atención Tiempo Parcial y Atención en la Comunidad,60.0,cantidad
Cuadro 5,"Cuadro 5. Cantidad de familias en Acogimiento Familiar por Departamento y tipo de centro, según propuesta de atención.",Familia Extensa,Maldonado,Total depto,125.0,cantidad
Cuadro 5,"Cuadro 5. Cantidad de familias en Acogimiento Familiar por Departamento y tipo de centro, según propuesta de atención.",Familia Extensa,Montevideo,Centros SPE 24 horas,39.0,cantidad
Cuadro 5,"Cuadro 5. Cantidad de familias en Acogimiento Familiar por Departamento y tipo de centro, según propuesta de atención.",Familia Extensa,Montevideo,Centros Atención Tiempo Parcial y Atención en la Comunidad,499.0,cantidad
Cuadro 5,"Cuadro 5. Cantidad de familias en Acogimiento Familiar por Departamento y tipo de centro, según propuesta de atención.",Familia Extensa,Montevideo,Total depto,538.0,cantidad
Cuadro 5,"Cuadro 5. Cantidad de familias en Acogimiento Familiar por Departamento y tipo de centro, según propuesta de atención.",Familia Extensa,Paysandú,Centros SPE 24 horas,12.0,cantidad
Cuadro 5,"Cuadro 5. Cantidad de familias en Acogimiento Familiar por Departamento y tipo de centro, según propuesta de atención.",Familia Extensa,Paysandú,Centros Atención Tiempo Parcial y Atención en la Comunidad,9.0,cantidad
Cuadro 5,"Cuadro 5. Cantidad de familias en Acogimiento Familiar por Departamento y tipo de centro, según propuesta de atención.",Familia Extensa,Paysandú,Total depto,21.0,cantidad
Cuadro 5,"Cuadro 5. Cantidad de familias en Acogimiento Familiar por Departamento y tipo de centro, según propuesta de atención.",Familia Extensa,Río Negro,Centros SPE 24 horas,6.0,cantidad
Cuadro 5,"Cuadro 5. Cantidad de familias en Acogimiento Familiar por Departamento y tipo de centro, según propuesta de atención.",Familia Extensa,Río Negro,Centros Atención Tiempo Parcial y Atención en la Comunidad,24.0,cantidad
Cuadro 5,"Cuadro 5. Cantidad de familias en Acogimiento Familiar por Departamento y tipo de centro, según propuesta de atención.",Familia Extensa,Río Negro,Total depto,30.0,cantidad
Cuadro 5,"Cuadro 5. Cantidad de familias en Acogimiento Familiar por Departamento y tipo de centro, según propuesta de atención.",Familia Extensa,Rivera,Centros SPE 24 horas,8.0,cantidad
Cuadro 5,"Cuadro 5. Cantidad de familias en Acogimiento Familiar por Departamento y tipo de centro, según propuesta de atención.",Familia Extensa,Rivera,Centros Atención Tiempo Parcial y Atención en la Comunidad,24.0,cantidad
Cuadro 5,"Cuadro 5. Cantidad de familias en Acogimiento Familiar por Departamento y tipo de centro, según propuesta de atención.",Familia Extensa,Rivera,Total depto,32.0,cantidad
Cuadro 5,"Cuadro 5. Cantidad de familias en Acogimiento Familiar por Departamento y tipo de centro, según propuesta de atención.",Familia Extensa,Rocha,Centros SPE 24 horas,4.0,cantidad
Cuadro 5,"Cuadro 5. Cantidad de familias en Acogimiento Familiar por Departamento y tipo de centro, según propuesta de atención.",Familia Extensa,Rocha,Centros Atención Tiempo Parcial y Atención en la Comunidad,24.0,cantidad
Cuadro 5,"Cuadro 5. Cantidad de familias en Acogimiento Familiar por Departamento y tipo de centro, según propuesta de atención.",Familia Extensa,Rocha,Total depto,28.0,cantidad
Cuadro 5,"Cuadro 5. Cantidad de familias en Acogimiento Familiar por Departamento y tipo de centro, según propuesta de atención.",Familia Extensa,Salto,Centros SPE 24 horas,3.0,cantidad
Cuadro 5,"Cuadro 5. Cantidad de familias en Acogimiento Familiar por Departamento y tipo de centro, según propuesta de atención.",Familia Extensa,Salto,Centros Atención Tiempo Parcial y Atención en la Comunidad,62.0,cantidad
Cuadro 5,"Cuadro 5. Cantidad de familias en Acogimiento Familiar por Departamento y tipo de centro, según propuesta de atención.",Familia Extensa,Salto,Total depto,65.0,cantidad
Cuadro 5,"Cuadro 5. Cantidad de familias en Acogimiento Familiar por Departamento y tipo de centro, según propuesta de atención.",Familia Extensa,San José,Centros SPE 24 horas,7.0,cantidad
Cuadro 5,"Cuadro 5. Cantidad de familias en Acogimiento Familiar por Departamento y tipo de centro, según propuesta de atención.",Familia Extensa,San José,Centros Atención Tiempo Parcial y Atención en la Comunidad,72.0,cantidad
Cuadro 5,"Cuadro 5. Cantidad de familias en Acogimiento Familiar por Departamento y tipo de centro, según propuesta de atención.",Familia Extensa,San José,Total depto,79.0,cantidad
Cuadro 5,"Cuadro 5. Cantidad de familias en Acogimiento Familiar por Departamento y tipo de centro, según propuesta de atención.",Familia Extensa,Soriano,Centros SPE 24 horas,2.0,cantidad
Cuadro 5,"Cuadro 5. Cantidad de familias en Acogimiento Familiar por Departamento y tipo de centro, según propuesta de atención.",Familia Extensa,Soriano,Centros Atención Tiempo Parcial y Atención en la Comunidad,31.0,cantidad
Cuadro 5,"Cuadro 5. Cantidad de familias en Acogimiento Familiar por Departamento y tipo de centro, según propuesta de atención.",Familia Extensa,Soriano,Total depto,33.0,cantidad
Cuadro 5,"Cuadro 5. Cantidad de familias en Acogimiento Familiar por Departamento y tipo de centro, según propuesta de atención.",Familia Extensa,Tacuarembó,Centros SPE 24 horas,3.0,cantidad
Cuadro 5,"Cuadro 5. Cantidad de familias en Acogimiento Familiar por Departamento y tipo de centro, según propuesta de atención.",Familia Extensa,Tacuarembó,Centros Atención Tiempo Parcial y Atención en la Comunidad,42.0,cantidad
Cuadro 5,"Cuadro 5. Cantidad de familias en Acogimiento Familiar por Departamento y tipo de centro, según propuesta de atención.",Familia Extensa,Tacuarembó,Total depto,45.0,cantidad
Cuadro 5,"Cuadro 5. Cantidad de familias en Acogimiento Familiar por Departamento y tipo de centro, según propuesta de atención.",Familia Extensa,Treinta y Tres,Centros SPE 24 horas,4.0,cantidad
Cuadro 5,"Cuadro 5. Cantidad de familias en Acogimiento Familiar por Departamento y tipo de centro, según propuesta de atención.",Familia Extensa,Treinta y Tres,Centros Atención Tiempo Parcial y Atención en la Comunidad,28.0,cantidad
Cuadro 5,"Cuadro 5. Cantidad de familias en Acogimiento Familiar por Departamento y tipo de centro, según propuesta de atención.",Familia Extensa,Treinta y Tres,Total depto,32.0,cantidad
Cuadro 5,"Cuadro 5. Cantidad de familias en Acogimiento Familiar por Departamento y tipo de centro, según propuesta de atención.",Familia Extensa,Total país,Total general,1479.0,cantidad
Cuadro 5,"Cuadro 5. Cantidad de familias en Acogimiento Familiar por Departamento y tipo de centro, según propuesta de atención.",Extensa Parcial,Artigas,Centros SPE 24 horas,0.0,cantidad
Cuadro 5,"Cuadro 5. Cantidad de familias en Acogimiento Familiar por Departamento y tipo de centro, según propuesta de atención.",Extensa Parcial,Artigas,Centros Atención Tiempo Parcial y Atención en la Comunidad,0.0,cantidad
Cuadro 5,"Cuadro 5. Cantidad de familias en Acogimiento Familiar por Departamento y tipo de centro, según propuesta de atención.",Extensa Parcial,Artigas,Total depto,0.0,cantidad
Cuadro 5,"Cuadro 5. Cantidad de familias en Acogimiento Familiar por Departamento y tipo de centro, según propuesta de atención.",Extensa Parcial,Canelones,Centros SPE 24 horas,1.0,cantidad
Cuadro 5,"Cuadro 5. Cantidad de familias en Acogimiento Familiar por Departamento y tipo de centro, según propuesta de atención.",Extensa Parcial,Canelones,Centros Atención Tiempo Parcial y Atención en la Comunidad,0.0,cantidad
Cuadro 5,"Cuadro 5. Cantidad de familias en Acogimiento Familiar por Departamento y tipo de centro, según propuesta de atención.",Extensa Parcial,Canelones,Total depto,1.0,cantidad
Cuadro 5,"Cuadro 5. Cantidad de familias en Acogimiento Familiar por Departamento y tipo de centro, según propuesta de atención.",Extensa Parcial,Cerro Largo,Centros SPE 24 horas,0.0,cantidad
Cuadro 5,"Cuadro 5. Cantidad de familias en Acogimiento Familiar por Departamento y tipo de centro, según propuesta de atención.",Extensa Parcial,Total país,Centros Atención Tiempo Parcial y Atención en la Comunidad,0.0,cantidad
Cuadro 5,"Cuadro 5. Cantidad de familias en Acogimiento Familiar por Departamento y tipo de centro, según propuesta de atención.",Extensa Parcial,Cerro Largo,Total depto,0.0,cantidad
Cuadro 5,"Cuadro 5. Cantidad de familias en Acogimiento Familiar por Departamento y tipo de centro, según propuesta de atención.",Extensa Parcial,Colonia,Centros SPE 24 horas,0.0,cantidad
Cuadro 5,"Cuadro 5. Cantidad de familias en Acogimiento Familiar por Departamento y tipo de centro, según propuesta de atención.",Extensa Parcial,Colonia,Centros Atención Tiempo Parcial y Atención en la Comunidad,0.0,cantidad
Cuadro 5,"Cuadro 5. Cantidad de familias en Acogimiento Familiar por Departamento y tipo de centro, según propuesta de atención.",Extensa Parcial,Colonia,Total depto,0.0,cantidad
Cuadro 5,"Cuadro 5. Cantidad de familias en Acogimiento Familiar por Departamento y tipo de centro, según propuesta de atención.",Extensa Parcial,Durazno,Centros SPE 24 horas,3.0,cantidad
Cuadro 5,"Cuadro 5. Cantidad de familias en Acogimiento Familiar por Departamento y tipo de centro, según propuesta de atención.",Extensa Parcial,Durazno,Centros Atención Tiempo Parcial y Atención en la Comunidad,0.0,cantidad
Cuadro 5,"Cuadro 5. Cantidad de familias en Acogimiento Familiar por Departamento y tipo de centro, según propuesta de atención.",Extensa Parcial,Durazno,Total depto,3.0,cantidad
Cuadro 5,"Cuadro 5. Cantidad de familias en Acogimiento Familiar por Departamento y tipo de centro, según propuesta de atención.",Extensa Parcial,Flores,Centros SPE 24 horas,0.0,cantidad
Cuadro 5,"Cuadro 5. Cantidad de familias en Acogimiento Familiar por Departamento y tipo de centro, según propuesta de atención.",Extensa Parcial,Flores,Centros Atención Tiempo Parcial y Atención en la Comunidad,0.0,cantidad
Cuadro 5,"Cuadro 5. Cantidad de familias en Acogimiento Familiar por Departamento y tipo de centro, según propuesta de atención.",Extensa Parcial,Flores,Total depto,0.0,cantidad
Cuadro 5,"Cuadro 5. Cantidad de familias en Acogimiento Familiar por Departamento y tipo de centro, según propuesta de atención.",Extensa Parcial,Florida,Centros SPE 24 horas,0.0,cantidad
Cuadro 5,"Cuadro 5. Cantidad de familias en Acogimiento Familiar por Departamento y tipo de centro, según propuesta de atención.",Extensa Parcial,Florida,Centros Atención Tiempo Parcial y Atención en la Comunidad,0.0,cantidad
Cuadro 5,"Cuadro 5. Cantidad de familias en Acogimiento Familiar por Departamento y tipo de centro, según propuesta de atención.",Extensa Parcial,Florida,Total depto,0.0,cantidad
Cuadro 5,"Cuadro 5. Cantidad de familias en Acogimiento Familiar por Departamento y tipo de centro, según propuesta de atención.",Extensa Parcial,Lavalleja,Centros SPE 24 horas,0.0,cantidad
Cuadro 5,"Cuadro 5. Cantidad de familias en Acogimiento Familiar por Departamento y tipo de centro, según propuesta de atención.",Extensa Parcial,Lavalleja,Centros Atención Tiempo Parcial y Atención en la Comunidad,0.0,cantidad
Cuadro 5,"Cuadro 5. Cantidad de familias en Acogimiento Familiar por Departamento y tipo de centro, según propuesta de atención.",Extensa Parcial,Lavalleja,Total depto,0.0,cantidad
Cuadro 5,"Cuadro 5. Cantidad de familias en Acogimiento Familiar por Departamento y tipo de centro, según propuesta de atención.",Extensa Parcial,Maldonado,Centros SPE 24 horas,0.0,cantidad
Cuadro 5,"Cuadro 5. Cantidad de familias en Acogimiento Familiar por Departamento y tipo de centro, según propuesta de atención.",Extensa Parcial,Maldonado,Centros Atención Tiempo Parcial y Atención en la Comunidad,0.0,cantidad
Cuadro 5,"Cuadro 5. Cantidad de familias en Acogimiento Familiar por Departamento y tipo de centro, según propuesta de atención.",Extensa Parcial,Maldonado,Total depto,0.0,cantidad
Cuadro 5,"Cuadro 5. Cantidad de familias en Acogimiento Familiar por Departamento y tipo de centro, según propuesta de atención.",Extensa Parcial,Montevideo,Centros SPE 24 horas,2.0,cantidad
Cuadro 5,"Cuadro 5. Cantidad de familias en Acogimiento Familiar por Departamento y tipo de centro, según propuesta de atención.",Extensa Parcial,Montevideo,Centros Atención Tiempo Parcial y Atención en la Comunidad,0.0,cantidad
Cuadro 5,"Cuadro 5. Cantidad de familias en Acogimiento Familiar por Departamento y tipo de centro, según propuesta de atención.",Extensa Parcial,Montevideo,Total depto,2.0,cantidad
Cuadro 5,"Cuadro 5. Cantidad de familias en Acogimiento Familiar por Departamento y tipo de centro, según propuesta de atención.",Extensa Parcial,Paysandú,Centros SPE 24 horas,0.0,cantidad
Cuadro 5,"Cuadro 5. Cantidad de familias en Acogimiento Familiar por Departamento y tipo de centro, según propuesta de atención.",Extensa Parcial,Paysandú,Centros Atención Tiempo Parcial y Atención en la Comunidad,0.0,cantidad
Cuadro 5,"Cuadro 5. Cantidad de familias en Acogimiento Familiar por Departamento y tipo de centro, según propuesta de atención.",Extensa Parcial,Paysandú,Total depto,0.0,cantidad
Cuadro 5,"Cuadro 5. Cantidad de familias en Acogimiento Familiar por Departamento y tipo de centro, según propuesta de atención.",Extensa Parcial,Río Negro,Centros SPE 24 horas,0.0,cantidad
Cuadro 5,"Cuadro 5. Cantidad de familias en Acogimiento Familiar por Departamento y tipo de centro, según propuesta de atención.",Extensa Parcial,Río Negro,Centros Atención Tiempo Parcial y Atención en la Comunidad,0.0,cantidad
Cuadro 5,"Cuadro 5. Cantidad de familias en Acogimiento Familiar por Departamento y tipo de centro, según propuesta de atención.",Extensa Parcial,Río Negro,Total depto,0.0,cantidad
Cuadro 5,"Cuadro 5. Cantidad de familias en Acogimiento Familiar por Departamento y tipo de centro, según propuesta de atención.",Extensa Parcial,Rivera,Centros SPE 24 horas,1.0,cantidad
Cuadro 5,"Cuadro 5. Cantidad de familias en Acogimiento Familiar por Departamento y tipo de centro, según propuesta de atención.",Extensa Parcial,Rivera,Centros Atención Tiempo Parcial y Atención en la Comunidad,0.0,cantidad
Cuadro 5,"Cuadro 5. Cantidad de familias en Acogimiento Familiar por Departamento y tipo de centro, según propuesta de atención.",Extensa Parcial,Rivera,Total depto,1.0,cantidad
Cuadro 5,"Cuadro 5. Cantidad de familias en Acogimiento Familiar por Departamento y tipo de centro, según propuesta de atención.",Extensa Parcial,Rocha,Centros SPE 24 horas,0.0,cantidad
Cuadro 5,"Cuadro 5. Cantidad de familias en Acogimiento Familiar por Departamento y tipo de centro, según propuesta de atención.",Extensa Parcial,Rocha,Centros Atención Tiempo Parcial y Atención en la Comunidad,0.0,cantidad
Cuadro 5,"Cuadro 5. Cantidad de familias en Acogimiento Familiar por Departamento y tipo de centro, según propuesta de atención.",Extensa Parcial,Rocha,Total depto,0.0,cantidad
Cuadro 5,"Cuadro 5. Cantidad de familias en Acogimiento Familiar por Departamento y tipo de centro, según propuesta de atención.",Extensa Parcial,Salto,Centros SPE 24 horas,1.0,cantidad
Cuadro 5,"Cuadro 5. Cantidad de familias en Acogimiento Familiar por Departamento y tipo de centro, según propuesta de atención.",Extensa Parcial,Salto,Centros Atención Tiempo Parcial y Atención en la Comunidad,0.0,cantidad
Cuadro 5,"Cuadro 5. Cantidad de familias en Acogimiento Familiar por Departamento y tipo de centro, según propuesta de atención.",Extensa Parcial,Salto,Total depto,1.0,cantidad
Cuadro 5,"Cuadro 5. Cantidad de familias en Acogimiento Familiar por Departamento y tipo de centro, según propuesta de atención.",Extensa Parcial,San José,Centros SPE 24 horas,0.0,cantidad
Cuadro 5,"Cuadro 5. Cantidad de familias en Acogimiento Familiar por Departamento y tipo de centro, según propuesta de atención.",Extensa Parcial,San José,Centros Atención Tiempo Parcial y Atención en la Comunidad,0.0,cantidad
Cuadro 5,"Cuadro 5. Cantidad de familias en Acogimiento Familiar por Departamento y tipo de centro, según propuesta de atención.",Extensa Parcial,San José,Total depto,0.0,cantidad
Cuadro 5,"Cuadro 5. Cantidad de familias en Acogimiento Familiar por Departamento y tipo de centro, según propuesta de atención.",Extensa Parcial,Soriano,Centros SPE 24 horas,0.0,cantidad
Cuadro 5,"Cuadro 5. Cantidad de familias en Acogimiento Familiar por Departamento y tipo de centro, según propuesta de atención.",Extensa Parcial,Soriano,Centros Atención Tiempo Parcial y Atención en la Comunidad,0.0,cantidad
Cuadro 5,"Cuadro 5. Cantidad de familias en Acogimiento Familiar por Departamento y tipo de centro, según propuesta de atención.",Extensa Parcial,Soriano,Total depto,0.0,cantidad
Cuadro 5,"Cuadro 5. Cantidad de familias en Acogimiento Familiar por Departamento y tipo de centro, según propuesta de atención.",Extensa Parcial,Tacuarembó,Centros SPE 24 horas,0.0,cantidad
Cuadro 5,"Cuadro 5. Cantidad de familias en Acogimiento Familiar por Departamento y tipo de centro, según propuesta de atención.",Extensa Parcial,Tacuarembó,Centros Atención Tiempo Parcial y Atención en la Comunidad,0.0,cantidad
Cuadro 5,"Cuadro 5. Cantidad de familias en Acogimiento Familiar por Departamento y tipo de centro, según propuesta de atención.",Extensa Parcial,Tacuarembó,Total depto,0.0,cantidad
Cuadro 5,"Cuadro 5. Cantidad de familias en Acogimiento Familiar por Departamento y tipo de centro, según propuesta de atención.",Extensa Parcial,Treinta y Tres,Centros SPE 24 horas,0.0,cantidad
Cuadro 5,"Cuadro 5. Cantidad de familias en Acogimiento Familiar por Departamento y tipo de centro, según propuesta de atención.",Extensa Parcial,Treinta y Tres,Centros Atención Tiempo Parcial y Atención en la Comunidad,0.0,cantidad
Cuadro 5,"Cuadro 5. Cantidad de familias en Acogimiento Familiar por Departamento y tipo de centro, según propuesta de atención.",Extensa Parcial,Treinta y Tres,Total depto,0.0,cantidad
Cuadro 5,"Cuadro 5. Cantidad de familias en Acogimiento Familiar por Departamento y tipo de centro, según propuesta de atención.",Extensa Parcial,Total país,Total general,8.0,cantidad
Cuadro 5,"Cuadro 5. Cantidad de familias en Acogimiento Familiar por Departamento y tipo de centro, según propuesta de atención.",Extensa,Artigas,Centros SPE 24 horas,12.0,cantidad
Cuadro 5,"Cuadro 5. Cantidad de familias en Acogimiento Familiar por Departamento y tipo de centro, según propuesta de atención.",Extensa,Artigas,Centros Atención Tiempo Parcial y Atención en la Comunidad,47.0,cantidad
Cuadro 5,"Cuadro 5. Cantidad de familias en Acogimiento Familiar por Departamento y tipo de centro, según propuesta de atención.",Extensa,Artigas,Total depto,59.0,cantidad
Cuadro 5,"Cuadro 5. Cantidad de familias en Acogimiento Familiar por Departamento y tipo de centro, según propuesta de atención.",Extensa,Canelones,Centros SPE 24 horas,26.0,cantidad
Cuadro 5,"Cuadro 5. Cantidad de familias en Acogimiento Familiar por Departamento y tipo de centro, según propuesta de atención.",Extensa,Canelones,Centros Atención Tiempo Parcial y Atención en la Comunidad,124.0,cantidad
Cuadro 5,"Cuadro 5. Cantidad de familias en Acogimiento Familiar por Departamento y tipo de centro, según propuesta de atención.",Extensa,Canelones,Total depto,150.0,cantidad
Cuadro 5,"Cuadro 5. Cantidad de familias en Acogimiento Familiar por Departamento y tipo de centro, según propuesta de atención.",Extensa,Cerro Largo,Centros SPE 24 horas,23.0,cantidad
Cuadro 5,"Cuadro 5. Cantidad de familias en Acogimiento Familiar por Departamento y tipo de centro, según propuesta de atención.",Extensa,Total país,Centros Atención Tiempo Parcial y Atención en la Comunidad,14.0,cantidad
Cuadro 5,"Cuadro 5. Cantidad de familias en Acogimiento Familiar por Departamento y tipo de centro, según propuesta de atención.",Extensa,Cerro Largo,Total depto,37.0,cantidad
Cuadro 5,"Cuadro 5. Cantidad de familias en Acogimiento Familiar por Departamento y tipo de centro, según propuesta de atención.",Extensa,Colonia,Centros SPE 24 horas,2.0,cantidad
Cuadro 5,"Cuadro 5. Cantidad de familias en Acogimiento Familiar por Departamento y tipo de centro, según propuesta de atención.",Extensa,Colonia,Centros Atención Tiempo Parcial y Atención en la Comunidad,36.0,cantidad
Cuadro 5,"Cuadro 5. Cantidad de familias en Acogimiento Familiar por Departamento y tipo de centro, según propuesta de atención.",Extensa,Colonia,Total depto,38.0,cantidad
Cuadro 5,"Cuadro 5. Cantidad de familias en Acogimiento Familiar por Departamento y tipo de centro, según propuesta de atención.",Extensa,Durazno,Centros SPE 24 horas,13.0,cantidad
Cuadro 5,"Cuadro 5. Cantidad de familias en Acogimiento Familiar por Departamento y tipo de centro, según propuesta de atención.",Extensa,Durazno,Centros Atención Tiempo Parcial y Atención en la Comunidad,42.0,cantidad
Cuadro 5,"Cuadro 5. Cantidad de familias en Acogimiento Familiar por Departamento y tipo de centro, según propuesta de atención.",Extensa,Durazno,Total depto,55.0,cantidad
Cuadro 5,"Cuadro 5. Cantidad de familias en Acogimiento Familiar por Departamento y tipo de centro, según propuesta de atención.",Extensa,Flores,Centros SPE 24 horas,6.0,cantidad
Cuadro 5,"Cuadro 5. Cantidad de familias en Acogimiento Familiar por Departamento y tipo de centro, según propuesta de atención.",Extensa,Flores,Centros Atención Tiempo Parcial y Atención en la Comunidad,17.0,cantidad
Cuadro 5,"Cuadro 5. Cantidad de familias en Acogimiento Familiar por Departamento y tipo de centro, según propuesta de atención.",Extensa,Flores,Total depto,23.0,cantidad
Cuadro 5,"Cuadro 5. Cantidad de familias en Acogimiento Familiar por Departamento y tipo de centro, según propuesta de atención.",Extensa,Florida,Centros SPE 24 horas,52.0,cantidad
Cuadro 5,"Cuadro 5. Cantidad de familias en Acogimiento Familiar por Departamento y tipo de centro, según propuesta de atención.",Extensa,Florida,Centros Atención Tiempo Parcial y Atención en la Comunidad,14.0,cantidad
Cuadro 5,"Cuadro 5. Cantidad de familias en Acogimiento Familiar por Departamento y tipo de centro, según propuesta de atención.",Extensa,Florida,Total depto,66.0,cantidad
Cuadro 5,"Cuadro 5. Cantidad de familias en Acogimiento Familiar por Departamento y tipo de centro, según propuesta de atención.",Extensa,Lavalleja,Centros SPE 24 horas,11.0,cantidad
Cuadro 5,"Cuadro 5. Cantidad de familias en Acogimiento Familiar por Departamento y tipo de centro, según propuesta de atención.",Extensa,Lavalleja,Centros Atención Tiempo Parcial y Atención en la Comunidad,8.0,cantidad
Cuadro 5,"Cuadro 5. Cantidad de familias en Acogimiento Familiar por Departamento y tipo de centro, según propuesta de atención.",Extensa,Lavalleja,Total depto,19.0,cantidad
Cuadro 5,"Cuadro 5. Cantidad de familias en Acogimiento Familiar por Departamento y tipo de centro, según propuesta de atención.",Extensa,Maldonado,Centros SPE 24 horas,65.0,cantidad
Cuadro 5,"Cuadro 5. Cantidad de familias en Acogimiento Familiar por Departamento y tipo de centro, según propuesta de atención.",Extensa,Maldonado,Centros Atención Tiempo Parcial y Atención en la Comunidad,60.0,cantidad
Cuadro 5,"Cuadro 5. Cantidad de familias en Acogimiento Familiar por Departamento y tipo de centro, según propuesta de atención.",Extensa,Maldonado,Total depto,125.0,cantidad
Cuadro 5,"Cuadro 5. Cantidad de familias en Acogimiento Familiar por Departamento y tipo de centro, según propuesta de atención.",Extensa,Montevideo,Centros SPE 24 horas,37.0,cantidad
Cuadro 5,"Cuadro 5. Cantidad de familias en Acogimiento Familiar por Departamento y tipo de centro, según propuesta de atención.",Extensa,Montevideo,Centros Atención Tiempo Parcial y Atención en la Comunidad,499.0,cantidad
Cuadro 5,"Cuadro 5. Cantidad de familias en Acogimiento Familiar por Departamento y tipo de centro, según propuesta de atención.",Extensa,Montevideo,Total depto,536.0,cantidad
Cuadro 5,"Cuadro 5. Cantidad de familias en Acogimiento Familiar por Departamento y tipo de centro, según propuesta de atención.",Extensa,Paysandú,Centros SPE 24 horas,12.0,cantidad
Cuadro 5,"Cuadro 5. Cantidad de familias en Acogimiento Familiar por Departamento y tipo de centro, según propuesta de atención.",Extensa,Paysandú,Centros Atención Tiempo Parcial y Atención en la Comunidad,9.0,cantidad
Cuadro 5,"Cuadro 5. Cantidad de familias en Acogimiento Familiar por Departamento y tipo de centro, según propuesta de atención.",Extensa,Paysandú,Total depto,21.0,cantidad
Cuadro 5,"Cuadro 5. Cantidad de familias en Acogimiento Familiar por Departamento y tipo de centro, según propuesta de atención.",Extensa,Río Negro,Centros SPE 24 horas,6.0,cantidad
Cuadro 5,"Cuadro 5. Cantidad de familias en Acogimiento Familiar por Departamento y tipo de centro, según propuesta de atención.",Extensa,Río Negro,Centros Atención Tiempo Parcial y Atención en la Comunidad,24.0,cantidad
Cuadro 5,"Cuadro 5. Cantidad de familias en Acogimiento Familiar por Departamento y tipo de centro, según propuesta de atención.",Extensa,Río Negro,Total depto,30.0,cantidad
Cuadro 5,"Cuadro 5. Cantidad de familias en Acogimiento Familiar por Departamento y tipo de centro, según propuesta de atención.",Extensa,Rivera,Centros SPE 24 horas,7.0,cantidad
Cuadro 5,"Cuadro 5. Cantidad de familias en Acogimiento Familiar por Departamento y tipo de centro, según propuesta de atención.",Extensa,Rivera,Centros Atención Tiempo Parcial y Atención en la Comunidad,24.0,cantidad
Cuadro 5,"Cuadro 5. Cantidad de familias en Acogimiento Familiar por Departamento y tipo de centro, según propuesta de atención.",Extensa,Rivera,Total depto,31.0,cantidad
Cuadro 5,"Cuadro 5. Cantidad de familias en Acogimiento Familiar por Departamento y tipo de centro, según propuesta de atención.",Extensa,Rocha,Centros SPE 24 horas,4.0,cantidad
Cuadro 5,"Cuadro 5. Cantidad de familias en Acogimiento Familiar por Departamento y tipo de centro, según propuesta de atención.",Extensa,Rocha,Centros Atención Tiempo Parcial y Atención en la Comunidad,24.0,cantidad
Cuadro 5,"Cuadro 5. Cantidad de familias en Acogimiento Familiar por Departamento y tipo de centro, según propuesta de atención.",Extensa,Rocha,Total depto,28.0,cantidad
Cuadro 5,"Cuadro 5. Cantidad de familias en Acogimiento Familiar por Departamento y tipo de centro, según propuesta de atención.",Extensa,Salto,Centros SPE 24 horas,2.0,cantidad
Cuadro 5,"Cuadro 5. Cantidad de familias en Acogimiento Familiar por Departamento y tipo de centro, según propuesta de atención.",Extensa,Salto,Centros Atención Tiempo Parcial y Atención en la Comunidad,62.0,cantidad
Cuadro 5,"Cuadro 5. Cantidad de familias en Acogimiento Familiar por Departamento y tipo de centro, según propuesta de atención.",Extensa,Salto,Total depto,64.0,cantidad
Cuadro 5,"Cuadro 5. Cantidad de familias en Acogimiento Familiar por Departamento y tipo de centro, según propuesta de atención.",Extensa,San José,Centros SPE 24 horas,7.0,cantidad
Cuadro 5,"Cuadro 5. Cantidad de familias en Acogimiento Familiar por Departamento y tipo de centro, según propuesta de atención.",Extensa,San José,Centros Atención Tiempo Parcial y Atención en la Comunidad,72.0,cantidad
Cuadro 5,"Cuadro 5. Cantidad de familias en Acogimiento Familiar por Departamento y tipo de centro, según propuesta de atención.",Extensa,San José,Total depto,79.0,cantidad
Cuadro 5,"Cuadro 5. Cantidad de familias en Acogimiento Familiar por Departamento y tipo de centro, según propuesta de atención.",Extensa,Soriano,Centros SPE 24 horas,2.0,cantidad
Cuadro 5,"Cuadro 5. Cantidad de familias en Acogimiento Familiar por Departamento y tipo de centro, según propuesta de atención.",Extensa,Soriano,Centros Atención Tiempo Parcial y Atención en la Comunidad,31.0,cantidad
Cuadro 5,"Cuadro 5. Cantidad de familias en Acogimiento Familiar por Departamento y tipo de centro, según propuesta de atención.",Extensa,Soriano,Total depto,33.0,cantidad
Cuadro 5,"Cuadro 5. Cantidad de familias en Acogimiento Familiar por Departamento y tipo de centro, según propuesta de atención.",Extensa,Tacuarembó,Centros SPE 24 horas,3.0,cantidad
Cuadro 5,"Cuadro 5. Cantidad de familias en Acogimiento Familiar por Departamento y tipo de centro, según propuesta de atención.",Extensa,Tacuarembó,Centros Atención Tiempo Parcial y Atención en la Comunidad,42.0,cantidad
Cuadro 5,"Cuadro 5. Cantidad de familias en Acogimiento Familiar por Departamento y tipo de centro, según propuesta de atención.",Extensa,Tacuarembó,Total depto,45.0,cantidad
Cuadro 5,"Cuadro 5. Cantidad de familias en Acogimiento Familiar por Departamento y tipo de centro, según propuesta de atención.",Extensa,Treinta y Tres,Centros SPE 24 horas,4.0,cantidad
Cuadro 5,"Cuadro 5. Cantidad de familias en Acogimiento Familiar por Departamento y tipo de centro, según propuesta de atención.",Extensa,Treinta y Tres,Centros Atención Tiempo Parcial y Atención en la Comunidad,28.0,cantidad
Cuadro 5,"Cuadro 5. Cantidad de familias en Acogimiento Familiar por Departamento y tipo de centro, según propuesta de atención.",Extensa,Treinta y Tres,Total depto,32.0,cantidad
Cuadro 5,"Cuadro 5. Cantidad de familias en Acogimiento Familiar por Departamento y tipo de centro, según propuesta de atención.",Extensa,Total país,Total general,1471.0,cantidad
Cuadro 5,"Cuadro 5. Cantidad de familias en Acogimiento Familiar por Departamento y tipo de centro, según propuesta de atención.",Familia Afinidad,Artigas,Centros SPE 24 horas,2.0,cantidad
Cuadro 5,"Cuadro 5. Cantidad de familias en Acogimiento Familiar por Departamento y tipo de centro, según propuesta de atención.",Familia Afinidad,Artigas,Centros Atención Tiempo Parcial y Atención en la Comunidad,4.0,cantidad
Cuadro 5,"Cuadro 5. Cantidad de familias en Acogimiento Familiar por Departamento y tipo de centro, según propuesta de atención.",Familia Afinidad,Artigas,Total depto,6.0,cantidad
Cuadro 5,"Cuadro 5. Cantidad de familias en Acogimiento Familiar por Departamento y tipo de centro, según propuesta de atención.",Familia Afinidad,Canelones,Centros SPE 24 horas,7.0,cantidad
Cuadro 5,"Cuadro 5. Cantidad de familias en Acogimiento Familiar por Departamento y tipo de centro, según propuesta de atención.",Familia Afinidad,Canelones,Centros Atención Tiempo Parcial y Atención en la Comunidad,17.0,cantidad
Cuadro 5,"Cuadro 5. Cantidad de familias en Acogimiento Familiar por Departamento y tipo de centro, según propuesta de atención.",Familia Afinidad,Canelones,Total depto,24.0,cantidad
Cuadro 5,"Cuadro 5. Cantidad de familias en Acogimiento Familiar por Departamento y tipo de centro, según propuesta de atención.",Familia Afinidad,Cerro Largo,Centros SPE 24 horas,2.0,cantidad
Cuadro 5,"Cuadro 5. Cantidad de familias en Acogimiento Familiar por Departamento y tipo de centro, según propuesta de atención.",Familia Afinidad,Total país,Centros Atención Tiempo Parcial y Atención en la Comunidad,0.0,cantidad
Cuadro 5,"Cuadro 5. Cantidad de familias en Acogimiento Familiar por Departamento y tipo de centro, según propuesta de atención.",Familia Afinidad,Cerro Largo,Total depto,2.0,cantidad
Cuadro 5,"Cuadro 5. Cantidad de familias en Acogimiento Familiar por Departamento y tipo de centro, según propuesta de atención.",Familia Afinidad,Colonia,Centros SPE 24 horas,1.0,cantidad
Cuadro 5,"Cuadro 5. Cantidad de familias en Acogimiento Familiar por Departamento y tipo de centro, según propuesta de atención.",Familia Afinidad,Colonia,Centros Atención Tiempo Parcial y Atención en la Comunidad,6.0,cantidad
Cuadro 5,"Cuadro 5. Cantidad de familias en Acogimiento Familiar por Departamento y tipo de centro, según propuesta de atención.",Familia Afinidad,Colonia,Total depto,7.0,cantidad
Cuadro 5,"Cuadro 5. Cantidad de familias en Acogimiento Familiar por Departamento y tipo de centro, según propuesta de atención.",Familia Afinidad,Durazno,Centros SPE 24 horas,1.0,cantidad
Cuadro 5,"Cuadro 5. Cantidad de familias en Acogimiento Familiar por Departamento y tipo de centro, según propuesta de atención.",Familia Afinidad,Durazno,Centros Atención Tiempo Parcial y Atención en la Comunidad,4.0,cantidad
Cuadro 5,"Cuadro 5. Cantidad de familias en Acogimiento Familiar por Departamento y tipo de centro, según propuesta de atención.",Familia Afinidad,Durazno,Total depto,5.0,cantidad
Cuadro 5,"Cuadro 5. Cantidad de familias en Acogimiento Familiar por Departamento y tipo de centro, según propuesta de atención.",Familia Afinidad,Flores,Centros SPE 24 horas,3.0,cantidad
Cuadro 5,"Cuadro 5. Cantidad de familias en Acogimiento Familiar por Departamento y tipo de centro, según propuesta de atención.",Familia Afinidad,Flores,Centros Atención Tiempo Parcial y Atención en la Comunidad,3.0,cantidad
Cuadro 5,"Cuadro 5. Cantidad de familias en Acogimiento Familiar por Departamento y tipo de centro, según propuesta de atención.",Familia Afinidad,Flores,Total depto,6.0,cantidad
Cuadro 5,"Cuadro 5. Cantidad de familias en Acogimiento Familiar por Departamento y tipo de centro, según propuesta de atención.",Familia Afinidad,Florida,Centros SPE 24 horas,9.0,cantidad
Cuadro 5,"Cuadro 5. Cantidad de familias en Acogimiento Familiar por Departamento y tipo de centro, según propuesta de atención.",Familia Afinidad,Florida,Centros Atención Tiempo Parcial y Atención en la Comunidad,0.0,cantidad
Cuadro 5,"Cuadro 5. Cantidad de familias en Acogimiento Familiar por Departamento y tipo de centro, según propuesta de atención.",Familia Afinidad,Florida,Total depto,9.0,cantidad
Cuadro 5,"Cuadro 5. Cantidad de familias en Acogimiento Familiar por Departamento y tipo de centro, según propuesta de atención.",Familia Afinidad,Lavalleja,Centros SPE 24 horas,3.0,cantidad
Cuadro 5,"Cuadro 5. Cantidad de familias en Acogimiento Familiar por Departamento y tipo de centro, según propuesta de atención.",Familia Afinidad,Lavalleja,Centros Atención Tiempo Parcial y Atención en la Comunidad,0.0,cantidad
Cuadro 5,"Cuadro 5. Cantidad de familias en Acogimiento Familiar por Departamento y tipo de centro, según propuesta de atención.",Familia Afinidad,Lavalleja,Total depto,3.0,cantidad
Cuadro 5,"Cuadro 5. Cantidad de familias en Acogimiento Familiar por Departamento y tipo de centro, según propuesta de atención.",Familia Afinidad,Maldonado,Centros SPE 24 horas,12.0,cantidad
Cuadro 5,"Cuadro 5. Cantidad de familias en Acogimiento Familiar por Departamento y tipo de centro, según propuesta de atención.",Familia Afinidad,Maldonado,Centros Atención Tiempo Parcial y Atención en la Comunidad,5.0,cantidad
Cuadro 5,"Cuadro 5. Cantidad de familias en Acogimiento Familiar por Departamento y tipo de centro, según propuesta de atención.",Familia Afinidad,Maldonado,Total depto,17.0,cantidad
Cuadro 5,"Cuadro 5. Cantidad de familias en Acogimiento Familiar por Departamento y tipo de centro, según propuesta de atención.",Familia Afinidad,Montevideo,Centros SPE 24 horas,18.0,cantidad
Cuadro 5,"Cuadro 5. Cantidad de familias en Acogimiento Familiar por Departamento y tipo de centro, según propuesta de atención.",Familia Afinidad,Montevideo,Centros Atención Tiempo Parcial y Atención en la Comunidad,46.0,cantidad
Cuadro 5,"Cuadro 5. Cantidad de familias en Acogimiento Familiar por Departamento y tipo de centro, según propuesta de atención.",Familia Afinidad,Montevideo,Total depto,64.0,cantidad
Cuadro 5,"Cuadro 5. Cantidad de familias en Acogimiento Familiar por Departamento y tipo de centro, según propuesta de atención.",Familia Afinidad,Paysandú,Centros SPE 24 horas,1.0,cantidad
Cuadro 5,"Cuadro 5. Cantidad de familias en Acogimiento Familiar por Departamento y tipo de centro, según propuesta de atención.",Familia Afinidad,Paysandú,Centros Atención Tiempo Parcial y Atención en la Comunidad,1.0,cantidad
Cuadro 5,"Cuadro 5. Cantidad de familias en Acogimiento Familiar por Departamento y tipo de centro, según propuesta de atención.",Familia Afinidad,Paysandú,Total depto,2.0,cantidad
Cuadro 5,"Cuadro 5. Cantidad de familias en Acogimiento Familiar por Departamento y tipo de centro, según propuesta de atención.",Familia Afinidad,Río Negro,Centros SPE 24 horas,0.0,cantidad
Cuadro 5,"Cuadro 5. Cantidad de familias en Acogimiento Familiar por Departamento y tipo de centro, según propuesta de atención.",Familia Afinidad,Río Negro,Centros Atención Tiempo Parcial y Atención en la Comunidad,3.0,cantidad
Cuadro 5,"Cuadro 5. Cantidad de familias en Acogimiento Familiar por Departamento y tipo de centro, según propuesta de atención.",Familia Afinidad,Río Negro,Total depto,3.0,cantidad
Cuadro 5,"Cuadro 5. Cantidad de familias en Acogimiento Familiar por Departamento y tipo de centro, según propuesta de atención.",Familia Afinidad,Rivera,Centros SPE 24 horas,6.0,cantidad
Cuadro 5,"Cuadro 5. Cantidad de familias en Acogimiento Familiar por Departamento y tipo de centro, según propuesta de atención.",Familia Afinidad,Rivera,Centros Atención Tiempo Parcial y Atención en la Comunidad,5.0,cantidad
Cuadro 5,"Cuadro 5. Cantidad de familias en Acogimiento Familiar por Departamento y tipo de centro, según propuesta de atención.",Familia Afinidad,Rivera,Total depto,11.0,cantidad
Cuadro 5,"Cuadro 5. Cantidad de familias en Acogimiento Familiar por Departamento y tipo de centro, según propuesta de atención.",Familia Afinidad,Rocha,Centros SPE 24 horas,1.0,cantidad
Cuadro 5,"Cuadro 5. Cantidad de familias en Acogimiento Familiar por Departamento y tipo de centro, según propuesta de atención.",Familia Afinidad,Rocha,Centros Atención Tiempo Parcial y Atención en la Comunidad,7.0,cantidad
Cuadro 5,"Cuadro 5. Cantidad de familias en Acogimiento Familiar por Departamento y tipo de centro, según propuesta de atención.",Familia Afinidad,Rocha,Total depto,8.0,cantidad
Cuadro 5,"Cuadro 5. Cantidad de familias en Acogimiento Familiar por Departamento y tipo de centro, según propuesta de atención.",Familia Afinidad,Salto,Centros SPE 24 horas,1.0,cantidad
Cuadro 5,"Cuadro 5. Cantidad de familias en Acogimiento Familiar por Departamento y tipo de centro, según propuesta de atención.",Familia Afinidad,Salto,Centros Atención Tiempo Parcial y Atención en la Comunidad,8.0,cantidad
Cuadro 5,"Cuadro 5. Cantidad de familias en Acogimiento Familiar por Departamento y tipo de centro, según propuesta de atención.",Familia Afinidad,Salto,Total depto,9.0,cantidad
Cuadro 5,"Cuadro 5. Cantidad de familias en Acogimiento Familiar por Departamento y tipo de centro, según propuesta de atención.",Familia Afinidad,San José,Centros SPE 24 horas,6.0,cantidad
Cuadro 5,"Cuadro 5. Cantidad de familias en Acogimiento Familiar por Departamento y tipo de centro, según propuesta de atención.",Familia Afinidad,San José,Centros Atención Tiempo Parcial y Atención en la Comunidad,7.0,cantidad
Cuadro 5,"Cuadro 5. Cantidad de familias en Acogimiento Familiar por Departamento y tipo de centro, según propuesta de atención.",Familia Afinidad,San José,Total depto,13.0,cantidad
Cuadro 5,"Cuadro 5. Cantidad de familias en Acogimiento Familiar por Departamento y tipo de centro, según propuesta de atención.",Familia Afinidad,Soriano,Centros SPE 24 horas,0.0,cantidad
Cuadro 5,"Cuadro 5. Cantidad de familias en Acogimiento Familiar por Departamento y tipo de centro, según propuesta de atención.",Familia Afinidad,Soriano,Centros Atención Tiempo Parcial y Atención en la Comunidad,2.0,cantidad
Cuadro 5,"Cuadro 5. Cantidad de familias en Acogimiento Familiar por Departamento y tipo de centro, según propuesta de atención.",Familia Afinidad,Soriano,Total depto,2.0,cantidad
Cuadro 5,"Cuadro 5. Cantidad de familias en Acogimiento Familiar por Departamento y tipo de centro, según propuesta de atención.",Familia Afinidad,Tacuarembó,Centros SPE 24 horas,2.0,cantidad
Cuadro 5,"Cuadro 5. Cantidad de familias en Acogimiento Familiar por Departamento y tipo de centro, según propuesta de atención.",Familia Afinidad,Tacuarembó,Centros Atención Tiempo Parcial y Atención en la Comunidad,6.0,cantidad
Cuadro 5,"Cuadro 5. Cantidad de familias en Acogimiento Familiar por Departamento y tipo de centro, según propuesta de atención.",Familia Afinidad,Tacuarembó,Total depto,8.0,cantidad
Cuadro 5,"Cuadro 5. Cantidad de familias en Acogimiento Familiar por Departamento y tipo de centro, según propuesta de atención.",Familia Afinidad,Treinta y Tres,Centros SPE 24 horas,5.0,cantidad
Cuadro 5,"Cuadro 5. Cantidad de familias en Acogimiento Familiar por Departamento y tipo de centro, según propuesta de atención.",Familia Afinidad,Treinta y Tres,Centros Atención Tiempo Parcial y Atención en la Comunidad,7.0,cantidad
Cuadro 5,"Cuadro 5. Cantidad de familias en Acogimiento Familiar por Departamento y tipo de centro, según propuesta de atención.",Familia Afinidad,Treinta y Tres,Total depto,12.0,cantidad
Cuadro 5,"Cuadro 5. Cantidad de familias en Acogimiento Familiar por Departamento y tipo de centro, según propuesta de atención.",Familia Afinidad,Total país,Total general,211.0,cantidad
Cuadro 5,"Cuadro 5. Cantidad de familias en Acogimiento Familiar por Departamento y tipo de centro, según propuesta de atención.",Afinidad Parcial,Artigas,Centros SPE 24 horas,0.0,cantidad
Cuadro 5,"Cuadro 5. Cantidad de familias en Acogimiento Familiar por Departamento y tipo de centro, según propuesta de atención.",Afinidad Parcial,Artigas,Centros Atención Tiempo Parcial y Atención en la Comunidad,0.0,cantidad
Cuadro 5,"Cuadro 5. Cantidad de familias en Acogimiento Familiar por Departamento y tipo de centro, según propuesta de atención.",Afinidad Parcial,Artigas,Total depto,0.0,cantidad
Cuadro 5,"Cuadro 5. Cantidad de familias en Acogimiento Familiar por Departamento y tipo de centro, según propuesta de atención.",Afinidad Parcial,Canelones,Centros SPE 24 horas,1.0,cantidad
Cuadro 5,"Cuadro 5. Cantidad de familias en Acogimiento Familiar por Departamento y tipo de centro, según propuesta de atención.",Afinidad Parcial,Canelones,Centros Atención Tiempo Parcial y Atención en la Comunidad,0.0,cantidad
Cuadro 5,"Cuadro 5. Cantidad de familias en Acogimiento Familiar por Departamento y tipo de centro, según propuesta de atención.",Afinidad Parcial,Canelones,Total depto,1.0,cantidad
Cuadro 5,"Cuadro 5. Cantidad de familias en Acogimiento Familiar por Departamento y tipo de centro, según propuesta de atención.",Afinidad Parcial,Cerro Largo,Centros SPE 24 horas,0.0,cantidad
Cuadro 5,"Cuadro 5. Cantidad de familias en Acogimiento Familiar por Departamento y tipo de centro, según propuesta de atención.",Afinidad Parcial,Total país,Centros Atención Tiempo Parcial y Atención en la Comunidad,0.0,cantidad
Cuadro 5,"Cuadro 5. Cantidad de familias en Acogimiento Familiar por Departamento y tipo de centro, según propuesta de atención.",Afinidad Parcial,Cerro Largo,Total depto,0.0,cantidad
Cuadro 5,"Cuadro 5. Cantidad de familias en Acogimiento Familiar por Departamento y tipo de centro, según propuesta de atención.",Afinidad Parcial,Colonia,Centros SPE 24 horas,0.0,cantidad
Cuadro 5,"Cuadro 5. Cantidad de familias en Acogimiento Familiar por Departamento y tipo de centro, según propuesta de atención.",Afinidad Parcial,Colonia,Centros Atención Tiempo Parcial y Atención en la Comunidad,0.0,cantidad
Cuadro 5,"Cuadro 5. Cantidad de familias en Acogimiento Familiar por Departamento y tipo de centro, según propuesta de atención.",Afinidad Parcial,Colonia,Total depto,0.0,cantidad
Cuadro 5,"Cuadro 5. Cantidad de familias en Acogimiento Familiar por Departamento y tipo de centro, según propuesta de atención.",Afinidad Parcial,Durazno,Centros SPE 24 horas,0.0,cantidad
Cuadro 5,"Cuadro 5. Cantidad de familias en Acogimiento Familiar por Departamento y tipo de centro, según propuesta de atención.",Afinidad Parcial,Durazno,Centros Atención Tiempo Parcial y Atención en la Comunidad,0.0,cantidad
Cuadro 5,"Cuadro 5. Cantidad de familias en Acogimiento Familiar por Departamento y tipo de centro, según propuesta de atención.",Afinidad Parcial,Durazno,Total depto,0.0,cantidad
Cuadro 5,"Cuadro 5. Cantidad de familias en Acogimiento Familiar por Departamento y tipo de centro, según propuesta de atención.",Afinidad Parcial,Flores,Centros SPE 24 horas,0.0,cantidad
Cuadro 5,"Cuadro 5. Cantidad de familias en Acogimiento Familiar por Departamento y tipo de centro, según propuesta de atención.",Afinidad Parcial,Flores,Centros Atención Tiempo Parcial y Atención en la Comunidad,0.0,cantidad
Cuadro 5,"Cuadro 5. Cantidad de familias en Acogimiento Familiar por Departamento y tipo de centro, según propuesta de atención.",Afinidad Parcial,Flores,Total depto,0.0,cantidad
Cuadro 5,"Cuadro 5. Cantidad de familias en Acogimiento Familiar por Departamento y tipo de centro, según propuesta de atención.",Afinidad Parcial,Florida,Centros SPE 24 horas,0.0,cantidad
Cuadro 5,"Cuadro 5. Cantidad de familias en Acogimiento Familiar por Departamento y tipo de centro, según propuesta de atención.",Afinidad Parcial,Florida,Centros Atención Tiempo Parcial y Atención en la Comunidad,0.0,cantidad
Cuadro 5,"Cuadro 5. Cantidad de familias en Acogimiento Familiar por Departamento y tipo de centro, según propuesta de atención.",Afinidad Parcial,Florida,Total depto,0.0,cantidad
Cuadro 5,"Cuadro 5. Cantidad de familias en Acogimiento Familiar por Departamento y tipo de centro, según propuesta de atención.",Afinidad Parcial,Lavalleja,Centros SPE 24 horas,0.0,cantidad
Cuadro 5,"Cuadro 5. Cantidad de familias en Acogimiento Familiar por Departamento y tipo de centro, según propuesta de atención.",Afinidad Parcial,Lavalleja,Centros Atención Tiempo Parcial y Atención en la Comunidad,0.0,cantidad
Cuadro 5,"Cuadro 5. Cantidad de familias en Acogimiento Familiar por Departamento y tipo de centro, según propuesta de atención.",Afinidad Parcial,Lavalleja,Total depto,0.0,cantidad
Cuadro 5,"Cuadro 5. Cantidad de familias en Acogimiento Familiar por Departamento y tipo de centro, según propuesta de atención.",Afinidad Parcial,Maldonado,Centros SPE 24 horas,0.0,cantidad
Cuadro 5,"Cuadro 5. Cantidad de familias en Acogimiento Familiar por Departamento y tipo de centro, según propuesta de atención.",Afinidad Parcial,Maldonado,Centros Atención Tiempo Parcial y Atención en la Comunidad,0.0,cantidad
Cuadro 5,"Cuadro 5. Cantidad de familias en Acogimiento Familiar por Departamento y tipo de centro, según propuesta de atención.",Afinidad Parcial,Maldonado,Total depto,0.0,cantidad
Cuadro 5,"Cuadro 5. Cantidad de familias en Acogimiento Familiar por Departamento y tipo de centro, según propuesta de atención.",Afinidad Parcial,Montevideo,Centros SPE 24 horas,4.0,cantidad
Cuadro 5,"Cuadro 5. Cantidad de familias en Acogimiento Familiar por Departamento y tipo de centro, según propuesta de atención.",Afinidad Parcial,Montevideo,Centros Atención Tiempo Parcial y Atención en la Comunidad,0.0,cantidad
Cuadro 5,"Cuadro 5. Cantidad de familias en Acogimiento Familiar por Departamento y tipo de centro, según propuesta de atención.",Afinidad Parcial,Montevideo,Total depto,4.0,cantidad
Cuadro 5,"Cuadro 5. Cantidad de familias en Acogimiento Familiar por Departamento y tipo de centro, según propuesta de atención.",Afinidad Parcial,Paysandú,Centros SPE 24 horas,1.0,cantidad
Cuadro 5,"Cuadro 5. Cantidad de familias en Acogimiento Familiar por Departamento y tipo de centro, según propuesta de atención.",Afinidad Parcial,Paysandú,Centros Atención Tiempo Parcial y Atención en la Comunidad,0.0,cantidad
Cuadro 5,"Cuadro 5. Cantidad de familias en Acogimiento Familiar por Departamento y tipo de centro, según propuesta de atención.",Afinidad Parcial,Paysandú,Total depto,1.0,cantidad
Cuadro 5,"Cuadro 5. Cantidad de familias en Acogimiento Familiar por Departamento y tipo de centro, según propuesta de atención.",Afinidad Parcial,Río Negro,Centros SPE 24 horas,0.0,cantidad
Cuadro 5,"Cuadro 5. Cantidad de familias en Acogimiento Familiar por Departamento y tipo de centro, según propuesta de atención.",Afinidad Parcial,Río Negro,Centros Atención Tiempo Parcial y Atención en la Comunidad,0.0,cantidad
Cuadro 5,"Cuadro 5. Cantidad de familias en Acogimiento Familiar por Departamento y tipo de centro, según propuesta de atención.",Afinidad Parcial,Río Negro,Total depto,0.0,cantidad
Cuadro 5,"Cuadro 5. Cantidad de familias en Acogimiento Familiar por Departamento y tipo de centro, según propuesta de atención.",Afinidad Parcial,Rivera,Centros SPE 24 horas,0.0,cantidad
Cuadro 5,"Cuadro 5. Cantidad de familias en Acogimiento Familiar por Departamento y tipo de centro, según propuesta de atención.",Afinidad Parcial,Rivera,Centros Atención Tiempo Parcial y Atención en la Comunidad,0.0,cantidad
Cuadro 5,"Cuadro 5. Cantidad de familias en Acogimiento Familiar por Departamento y tipo de centro, según propuesta de atención.",Afinidad Parcial,Rivera,Total depto,0.0,cantidad
Cuadro 5,"Cuadro 5. Cantidad de familias en Acogimiento Familiar por Departamento y tipo de centro, según propuesta de atención.",Afinidad Parcial,Rocha,Centros SPE 24 horas,0.0,cantidad
Cuadro 5,"Cuadro 5. Cantidad de familias en Acogimiento Familiar por Departamento y tipo de centro, según propuesta de atención.",Afinidad Parcial,Rocha,Centros Atención Tiempo Parcial y Atención en la Comunidad,0.0,cantidad
Cuadro 5,"Cuadro 5. Cantidad de familias en Acogimiento Familiar por Departamento y tipo de centro, según propuesta de atención.",Afinidad Parcial,Rocha,Total depto,0.0,cantidad
Cuadro 5,"Cuadro 5. Cantidad de familias en Acogimiento Familiar por Departamento y tipo de centro, según propuesta de atención.",Afinidad Parcial,Salto,Centros SPE 24 horas,1.0,cantidad
Cuadro 5,"Cuadro 5. Cantidad de familias en Acogimiento Familiar por Departamento y tipo de centro, según propuesta de atención.",Afinidad Parcial,Salto,Centros Atención Tiempo Parcial y Atención en la Comunidad,0.0,cantidad
Cuadro 5,"Cuadro 5. Cantidad de familias en Acogimiento Familiar por Departamento y tipo de centro, según propuesta de atención.",Afinidad Parcial,Salto,Total depto,1.0,cantidad
Cuadro 5,"Cuadro 5. Cantidad de familias en Acogimiento Familiar por Departamento y tipo de centro, según propuesta de atención.",Afinidad Parcial,San José,Centros SPE 24 horas,0.0,cantidad
Cuadro 5,"Cuadro 5. Cantidad de familias en Acogimiento Familiar por Departamento y tipo de centro, según propuesta de atención.",Afinidad Parcial,San José,Centros Atención Tiempo Parcial y Atención en la Comunidad,0.0,cantidad
Cuadro 5,"Cuadro 5. Cantidad de familias en Acogimiento Familiar por Departamento y tipo de centro, según propuesta de atención.",Afinidad Parcial,San José,Total depto,0.0,cantidad
Cuadro 5,"Cuadro 5. Cantidad de familias en Acogimiento Familiar por Departamento y tipo de centro, según propuesta de atención.",Afinidad Parcial,Soriano,Centros SPE 24 horas,0.0,cantidad
Cuadro 5,"Cuadro 5. Cantidad de familias en Acogimiento Familiar por Departamento y tipo de centro, según propuesta de atención.",Afinidad Parcial,Soriano,Centros Atención Tiempo Parcial y Atención en la Comunidad,0.0,cantidad
Cuadro 5,"Cuadro 5. Cantidad de familias en Acogimiento Familiar por Departamento y tipo de centro, según propuesta de atención.",Afinidad Parcial,Soriano,Total depto,0.0,cantidad
Cuadro 5,"Cuadro 5. Cantidad de familias en Acogimiento Familiar por Departamento y tipo de centro, según propuesta de atención.",Afinidad Parcial,Tacuarembó,Centros SPE 24 horas,0.0,cantidad
Cuadro 5,"Cuadro 5. Cantidad de familias en Acogimiento Familiar por Departamento y tipo de centro, según propuesta de atención.",Afinidad Parcial,Tacuarembó,Centros Atención Tiempo Parcial y Atención en la Comunidad,0.0,cantidad
Cuadro 5,"Cuadro 5. Cantidad de familias en Acogimiento Familiar por Departamento y tipo de centro, según propuesta de atención.",Afinidad Parcial,Tacuarembó,Total depto,0.0,cantidad
Cuadro 5,"Cuadro 5. Cantidad de familias en Acogimiento Familiar por Departamento y tipo de centro, según propuesta de atención.",Afinidad Parcial,Treinta y Tres,Centros SPE 24 horas,0.0,cantidad
Cuadro 5,"Cuadro 5. Cantidad de familias en Acogimiento Familiar por Departamento y tipo de centro, según propuesta de atención.",Afinidad Parcial,Treinta y Tres,Centros Atención Tiempo Parcial y Atención en la Comunidad,0.0,cantidad
Cuadro 5,"Cuadro 5. Cantidad de familias en Acogimiento Familiar por Departamento y tipo de centro, según propuesta de atención.",Afinidad Parcial,Treinta y Tres,Total depto,0.0,cantidad
Cuadro 5,"Cuadro 5. Cantidad de familias en Acogimiento Familiar por Departamento y tipo de centro, según propuesta de atención.",Afinidad Parcial,Total país,Total general,7.0,cantidad
Cuadro 5,"Cuadro 5. Cantidad de familias en Acogimiento Familiar por Departamento y tipo de centro, según propuesta de atención.",Afinidad,Artigas,Centros SPE 24 horas,2.0,cantidad
Cuadro 5,"Cuadro 5. Cantidad de familias en Acogimiento Familiar por Departamento y tipo de centro, según propuesta de atención.",Afinidad,Artigas,Centros Atención Tiempo Parcial y Atención en la Comunidad,4.0,cantidad
Cuadro 5,"Cuadro 5. Cantidad de familias en Acogimiento Familiar por Departamento y tipo de centro, según propuesta de atención.",Afinidad,Artigas,Total depto,6.0,cantidad
Cuadro 5,"Cuadro 5. Cantidad de familias en Acogimiento Familiar por Departamento y tipo de centro, según propuesta de atención.",Afinidad,Canelones,Centros SPE 24 horas,6.0,cantidad
Cuadro 5,"Cuadro 5. Cantidad de familias en Acogimiento Familiar por Departamento y tipo de centro, según propuesta de atención.",Afinidad,Canelones,Centros Atención Tiempo Parcial y Atención en la Comunidad,17.0,cantidad
Cuadro 5,"Cuadro 5. Cantidad de familias en Acogimiento Familiar por Departamento y tipo de centro, según propuesta de atención.",Afinidad,Canelones,Total depto,23.0,cantidad
Cuadro 5,"Cuadro 5. Cantidad de familias en Acogimiento Familiar por Departamento y tipo de centro, según propuesta de atención.",Afinidad,Cerro Largo,Centros SPE 24 horas,2.0,cantidad
Cuadro 5,"Cuadro 5. Cantidad de familias en Acogimiento Familiar por Departamento y tipo de centro, según propuesta de atención.",Afinidad,Total país,Centros Atención Tiempo Parcial y Atención en la Comunidad,0.0,cantidad
Cuadro 5,"Cuadro 5. Cantidad de familias en Acogimiento Familiar por Departamento y tipo de centro, según propuesta de atención.",Afinidad,Cerro Largo,Total depto,2.0,cantidad
Cuadro 5,"Cuadro 5. Cantidad de familias en Acogimiento Familiar por Departamento y tipo de centro, según propuesta de atención.",Afinidad,Colonia,Centros SPE 24 horas,1.0,cantidad
Cuadro 5,"Cuadro 5. Cantidad de familias en Acogimiento Familiar por Departamento y tipo de centro, según propuesta de atención.",Afinidad,Colonia,Centros Atención Tiempo Parcial y Atención en la Comunidad,6.0,cantidad
Cuadro 5,"Cuadro 5. Cantidad de familias en Acogimiento Familiar por Departamento y tipo de centro, según propuesta de atención.",Afinidad,Colonia,Total depto,7.0,cantidad
Cuadro 5,"Cuadro 5. Cantidad de familias en Acogimiento Familiar por Departamento y tipo de centro, según propuesta de atención.",Afinidad,Durazno,Centros SPE 24 horas,1.0,cantidad
Cuadro 5,"Cuadro 5. Cantidad de familias en Acogimiento Familiar por Departamento y tipo de centro, según propuesta de atención.",Afinidad,Durazno,Centros Atención Tiempo Parcial y Atención en la Comunidad,4.0,cantidad
Cuadro 5,"Cuadro 5. Cantidad de familias en Acogimiento Familiar por Departamento y tipo de centro, según propuesta de atención.",Afinidad,Durazno,Total depto,5.0,cantidad
Cuadro 5,"Cuadro 5. Cantidad de familias en Acogimiento Familiar por Departamento y tipo de centro, según propuesta de atención.",Afinidad,Flores,Centros SPE 24 horas,3.0,cantidad
Cuadro 5,"Cuadro 5. Cantidad de familias en Acogimiento Familiar por Departamento y tipo de centro, según propuesta de atención.",Afinidad,Flores,Centros Atención Tiempo Parcial y Atención en la Comunidad,3.0,cantidad
Cuadro 5,"Cuadro 5. Cantidad de familias en Acogimiento Familiar por Departamento y tipo de centro, según propuesta de atención.",Afinidad,Flores,Total depto,6.0,cantidad
Cuadro 5,"Cuadro 5. Cantidad de familias en Acogimiento Familiar por Departamento y tipo de centro, según propuesta de atención.",Afinidad,Florida,Centros SPE 24 horas,9.0,cantidad
Cuadro 5,"Cuadro 5. Cantidad de familias en Acogimiento Familiar por Departamento y tipo de centro, según propuesta de atención.",Afinidad,Florida,Centros Atención Tiempo Parcial y Atención en la Comunidad,0.0,cantidad
Cuadro 5,"Cuadro 5. Cantidad de familias en Acogimiento Familiar por Departamento y tipo de centro, según propuesta de atención.",Afinidad,Florida,Total depto,9.0,cantidad
Cuadro 5,"Cuadro 5. Cantidad de familias en Acogimiento Familiar por Departamento y tipo de centro, según propuesta de atención.",Afinidad,Lavalleja,Centros SPE 24 horas,3.0,cantidad
Cuadro 5,"Cuadro 5. Cantidad de familias en Acogimiento Familiar por Departamento y tipo de centro, según propuesta de atención.",Afinidad,Lavalleja,Centros Atención Tiempo Parcial y Atención en la Comunidad,0.0,cantidad
Cuadro 5,"Cuadro 5. Cantidad de familias en Acogimiento Familiar por Departamento y tipo de centro, según propuesta de atención.",Afinidad,Lavalleja,Total depto,3.0,cantidad
Cuadro 5,"Cuadro 5. Cantidad de familias en Acogimiento Familiar por Departamento y tipo de centro, según propuesta de atención.",Afinidad,Maldonado,Centros SPE 24 horas,12.0,cantidad
Cuadro 5,"Cuadro 5. Cantidad de familias en Acogimiento Familiar por Departamento y tipo de centro, según propuesta de atención.",Afinidad,Maldonado,Centros Atención Tiempo Parcial y Atención en la Comunidad,5.0,cantidad
Cuadro 5,"Cuadro 5. Cantidad de familias en Acogimiento Familiar por Departamento y tipo de centro, según propuesta de atención.",Afinidad,Maldonado,Total depto,17.0,cantidad
Cuadro 5,"Cuadro 5. Cantidad de familias en Acogimiento Familiar por Departamento y tipo de centro, según propuesta de atención.",Afinidad,Montevideo,Centros SPE 24 horas,14.0,cantidad
Cuadro 5,"Cuadro 5. Cantidad de familias en Acogimiento Familiar por Departamento y tipo de centro, según propuesta de atención.",Afinidad,Montevideo,Centros Atención Tiempo Parcial y Atención en la Comunidad,46.0,cantidad
Cuadro 5,"Cuadro 5. Cantidad de familias en Acogimiento Familiar por Departamento y tipo de centro, según propuesta de atención.",Afinidad,Montevideo,Total depto,60.0,cantidad
Cuadro 5,"Cuadro 5. Cantidad de familias en Acogimiento Familiar por Departamento y tipo de centro, según propuesta de atención.",Afinidad,Paysandú,Centros SPE 24 horas,0.0,cantidad
Cuadro 5,"Cuadro 5. Cantidad de familias en Acogimiento Familiar por Departamento y tipo de centro, según propuesta de atención.",Afinidad,Paysandú,Centros Atención Tiempo Parcial y Atención en la Comunidad,1.0,cantidad
Cuadro 5,"Cuadro 5. Cantidad de familias en Acogimiento Familiar por Departamento y tipo de centro, según propuesta de atención.",Afinidad,Paysandú,Total depto,1.0,cantidad
Cuadro 5,"Cuadro 5. Cantidad de familias en Acogimiento Familiar por Departamento y tipo de centro, según propuesta de atención.",Afinidad,Río Negro,Centros SPE 24 horas,0.0,cantidad
Cuadro 5,"Cuadro 5. Cantidad de familias en Acogimiento Familiar por Departamento y tipo de centro, según propuesta de atención.",Afinidad,Río Negro,Centros Atención Tiempo Parcial y Atención en la Comunidad,3.0,cantidad
Cuadro 5,"Cuadro 5. Cantidad de familias en Acogimiento Familiar por Departamento y tipo de centro, según propuesta de atención.",Afinidad,Río Negro,Total depto,3.0,cantidad
Cuadro 5,"Cuadro 5. Cantidad de familias en Acogimiento Familiar por Departamento y tipo de centro, según propuesta de atención.",Afinidad,Rivera,Centros SPE 24 horas,6.0,cantidad
Cuadro 5,"Cuadro 5. Cantidad de familias en Acogimiento Familiar por Departamento y tipo de centro, según propuesta de atención.",Afinidad,Rivera,Centros Atención Tiempo Parcial y Atención en la Comunidad,5.0,cantidad
Cuadro 5,"Cuadro 5. Cantidad de familias en Acogimiento Familiar por Departamento y tipo de centro, según propuesta de atención.",Afinidad,Rivera,Total depto,11.0,cantidad
Cuadro 5,"Cuadro 5. Cantidad de familias en Acogimiento Familiar por Departamento y tipo de centro, según propuesta de atención.",Afinidad,Rocha,Centros SPE 24 horas,1.0,cantidad
Cuadro 5,"Cuadro 5. Cantidad de familias en Acogimiento Familiar por Departamento y tipo de centro, según propuesta de atención.",Afinidad,Rocha,Centros Atención Tiempo Parcial y Atención en la Comunidad,7.0,cantidad
Cuadro 5,"Cuadro 5. Cantidad de familias en Acogimiento Familiar por Departamento y tipo de centro, según propuesta de atención.",Afinidad,Rocha,Total depto,8.0,cantidad
Cuadro 5,"Cuadro 5. Cantidad de familias en Acogimiento Familiar por Departamento y tipo de centro, según propuesta de atención.",Afinidad,Salto,Centros SPE 24 horas,0.0,cantidad
Cuadro 5,"Cuadro 5. Cantidad de familias en Acogimiento Familiar por Departamento y tipo de centro, según propuesta de atención.",Afinidad,Salto,Centros Atención Tiempo Parcial y Atención en la Comunidad,8.0,cantidad
Cuadro 5,"Cuadro 5. Cantidad de familias en Acogimiento Familiar por Departamento y tipo de centro, según propuesta de atención.",Afinidad,Salto,Total depto,8.0,cantidad
Cuadro 5,"Cuadro 5. Cantidad de familias en Acogimiento Familiar por Departamento y tipo de centro, según propuesta de atención.",Afinidad,San José,Centros SPE 24 horas,6.0,cantidad
Cuadro 5,"Cuadro 5. Cantidad de familias en Acogimiento Familiar por Departamento y tipo de centro, según propuesta de atención.",Afinidad,San José,Centros Atención Tiempo Parcial y Atención en la Comunidad,7.0,cantidad
Cuadro 5,"Cuadro 5. Cantidad de familias en Acogimiento Familiar por Departamento y tipo de centro, según propuesta de atención.",Afinidad,San José,Total depto,13.0,cantidad
Cuadro 5,"Cuadro 5. Cantidad de familias en Acogimiento Familiar por Departamento y tipo de centro, según propuesta de atención.",Afinidad,Soriano,Centros SPE 24 horas,0.0,cantidad
Cuadro 5,"Cuadro 5. Cantidad de familias en Acogimiento Familiar por Departamento y tipo de centro, según propuesta de atención.",Afinidad,Soriano,Centros Atención Tiempo Parcial y Atención en la Comunidad,2.0,cantidad
Cuadro 5,"Cuadro 5. Cantidad de familias en Acogimiento Familiar por Departamento y tipo de centro, según propuesta de atención.",Afinidad,Soriano,Total depto,2.0,cantidad
Cuadro 5,"Cuadro 5. Cantidad de familias en Acogimiento Familiar por Departamento y tipo de centro, según propuesta de atención.",Afinidad,Tacuarembó,Centros SPE 24 horas,2.0,cantidad
Cuadro 5,"Cuadro 5. Cantidad de familias en Acogimiento Familiar por Departamento y tipo de centro, según propuesta de atención.",Afinidad,Tacuarembó,Centros Atención Tiempo Parcial y Atención en la Comunidad,6.0,cantidad
Cuadro 5,"Cuadro 5. Cantidad de familias en Acogimiento Familiar por Departamento y tipo de centro, según propuesta de atención.",Afinidad,Tacuarembó,Total depto,8.0,cantidad
Cuadro 5,"Cuadro 5. Cantidad de familias en Acogimiento Familiar por Departamento y tipo de centro, según propuesta de atención.",Afinidad,Treinta y Tres,Centros SPE 24 horas,5.0,cantidad
Cuadro 5,"Cuadro 5. Cantidad de familias en Acogimiento Familiar por Departamento y tipo de centro, según propuesta de atención.",Afinidad,Treinta y Tres,Centros Atención Tiempo Parcial y Atención en la Comunidad,7.0,cantidad
Cuadro 5,"Cuadro 5. Cantidad de familias en Acogimiento Familiar por Departamento y tipo de centro, según propuesta de atención.",Afinidad,Treinta y Tres,Total depto,12.0,cantidad
Cuadro 5,"Cuadro 5. Cantidad de familias en Acogimiento Familiar por Departamento y tipo de centro, según propuesta de atención.",Afinidad,Total país,Total general,204.0,cantidad
Cuadro 5,"Cuadro 5. Cantidad de familias en Acogimiento Familiar por Departamento y tipo de centro, según propuesta de atención.",Total general,Artigas,Centros SPE 24 horas,29.0,cantidad
Cuadro 5,"Cuadro 5. Cantidad de familias en Acogimiento Familiar por Departamento y tipo de centro, según propuesta de atención.",Total general,Artigas,Centros Atención Tiempo Parcial y Atención en la Comunidad,51.0,cantidad
Cuadro 5,"Cuadro 5. Cantidad de familias en Acogimiento Familiar por Departamento y tipo de centro, según propuesta de atención.",Total general,Artigas,Total depto,80.0,cantidad
Cuadro 5,"Cuadro 5. Cantidad de familias en Acogimiento Familiar por Departamento y tipo de centro, según propuesta de atención.",Total general,Canelones,Centros SPE 24 horas,45.0,cantidad
Cuadro 5,"Cuadro 5. Cantidad de familias en Acogimiento Familiar por Departamento y tipo de centro, según propuesta de atención.",Total general,Canelones,Centros Atención Tiempo Parcial y Atención en la Comunidad,141.0,cantidad
Cuadro 5,"Cuadro 5. Cantidad de familias en Acogimiento Familiar por Departamento y tipo de centro, según propuesta de atención.",Total general,Canelones,Total depto,186.0,cantidad
Cuadro 5,"Cuadro 5. Cantidad de familias en Acogimiento Familiar por Departamento y tipo de centro, según propuesta de atención.",Total general,Cerro Largo,Centros SPE 24 horas,40.0,cantidad
Cuadro 5,"Cuadro 5. Cantidad de familias en Acogimiento Familiar por Departamento y tipo de centro, según propuesta de atención.",Total general,Total país,Centros Atención Tiempo Parcial y Atención en la Comunidad,14.0,cantidad
Cuadro 5,"Cuadro 5. Cantidad de familias en Acogimiento Familiar por Departamento y tipo de centro, según propuesta de atención.",Total general,Cerro Largo,Total depto,54.0,cantidad
Cuadro 5,"Cuadro 5. Cantidad de familias en Acogimiento Familiar por Departamento y tipo de centro, según propuesta de atención.",Total general,Colonia,Centros SPE 24 horas,5.0,cantidad
Cuadro 5,"Cuadro 5. Cantidad de familias en Acogimiento Familiar por Departamento y tipo de centro, según propuesta de atención.",Total general,Colonia,Centros Atención Tiempo Parcial y Atención en la Comunidad,42.0,cantidad
Cuadro 5,"Cuadro 5. Cantidad de familias en Acogimiento Familiar por Departamento y tipo de centro, según propuesta de atención.",Total general,Colonia,Total depto,47.0,cantidad
Cuadro 5,"Cuadro 5. Cantidad de familias en Acogimiento Familiar por Departamento y tipo de centro, según propuesta de atención.",Total general,Durazno,Centros SPE 24 horas,23.0,cantidad
Cuadro 5,"Cuadro 5. Cantidad de familias en Acogimiento Familiar por Departamento y tipo de centro, según propuesta de atención.",Total general,Durazno,Centros Atención Tiempo Parcial y Atención en la Comunidad,46.0,cantidad
Cuadro 5,"Cuadro 5. Cantidad de familias en Acogimiento Familiar por Departamento y tipo de centro, según propuesta de atención.",Total general,Durazno,Total depto,69.0,cantidad
Cuadro 5,"Cuadro 5. Cantidad de familias en Acogimiento Familiar por Departamento y tipo de centro, según propuesta de atención.",Total general,Flores,Centros SPE 24 horas,22.0,cantidad
Cuadro 5,"Cuadro 5. Cantidad de familias en Acogimiento Familiar por Departamento y tipo de centro, según propuesta de atención.",Total general,Flores,Centros Atención Tiempo Parcial y Atención en la Comunidad,20.0,cantidad
Cuadro 5,"Cuadro 5. Cantidad de familias en Acogimiento Familiar por Departamento y tipo de centro, según propuesta de atención.",Total general,Flores,Total depto,42.0,cantidad
Cuadro 5,"Cuadro 5. Cantidad de familias en Acogimiento Familiar por Departamento y tipo de centro, según propuesta de atención.",Total general,Florida,Centros SPE 24 horas,63.0,cantidad
Cuadro 5,"Cuadro 5. Cantidad de familias en Acogimiento Familiar por Departamento y tipo de centro, según propuesta de atención.",Total general,Florida,Centros Atención Tiempo Parcial y Atención en la Comunidad,14.0,cantidad
Cuadro 5,"Cuadro 5. Cantidad de familias en Acogimiento Familiar por Departamento y tipo de centro, según propuesta de atención.",Total general,Florida,Total depto,77.0,cantidad
Cuadro 5,"Cuadro 5. Cantidad de familias en Acogimiento Familiar por Departamento y tipo de centro, según propuesta de atención.",Total general,Lavalleja,Centros SPE 24 horas,14.0,cantidad
Cuadro 5,"Cuadro 5. Cantidad de familias en Acogimiento Familiar por Departamento y tipo de centro, según propuesta de atención.",Total general,Lavalleja,Centros Atención Tiempo Parcial y Atención en la Comunidad,8.0,cantidad
Cuadro 5,"Cuadro 5. Cantidad de familias en Acogimiento Familiar por Departamento y tipo de centro, según propuesta de atención.",Total general,Lavalleja,Total depto,22.0,cantidad
Cuadro 5,"Cuadro 5. Cantidad de familias en Acogimiento Familiar por Departamento y tipo de centro, según propuesta de atención.",Total general,Maldonado,Centros SPE 24 horas,83.0,cantidad
Cuadro 5,"Cuadro 5. Cantidad de familias en Acogimiento Familiar por Departamento y tipo de centro, según propuesta de atención.",Total general,Maldonado,Centros Atención Tiempo Parcial y Atención en la Comunidad,65.0,cantidad
Cuadro 5,"Cuadro 5. Cantidad de familias en Acogimiento Familiar por Departamento y tipo de centro, según propuesta de atención.",Total general,Maldonado,Total depto,148.0,cantidad
Cuadro 5,"Cuadro 5. Cantidad de familias en Acogimiento Familiar por Departamento y tipo de centro, según propuesta de atención.",Total general,Montevideo,Centros SPE 24 horas,89.0,cantidad
Cuadro 5,"Cuadro 5. Cantidad de familias en Acogimiento Familiar por Departamento y tipo de centro, según propuesta de atención.",Total general,Montevideo,Centros Atención Tiempo Parcial y Atención en la Comunidad,545.0,cantidad
Cuadro 5,"Cuadro 5. Cantidad de familias en Acogimiento Familiar por Departamento y tipo de centro, según propuesta de atención.",Total general,Montevideo,Total depto,634.0,cantidad
Cuadro 5,"Cuadro 5. Cantidad de familias en Acogimiento Familiar por Departamento y tipo de centro, según propuesta de atención.",Total general,Paysandú,Centros SPE 24 horas,14.0,cantidad
Cuadro 5,"Cuadro 5. Cantidad de familias en Acogimiento Familiar por Departamento y tipo de centro, según propuesta de atención.",Total general,Paysandú,Centros Atención Tiempo Parcial y Atención en la Comunidad,10.0,cantidad
Cuadro 5,"Cuadro 5. Cantidad de familias en Acogimiento Familiar por Departamento y tipo de centro, según propuesta de atención.",Total general,Paysandú,Total depto,24.0,cantidad
Cuadro 5,"Cuadro 5. Cantidad de familias en Acogimiento Familiar por Departamento y tipo de centro, según propuesta de atención.",Total general,Río Negro,Centros SPE 24 horas,13.0,cantidad
Cuadro 5,"Cuadro 5. Cantidad de familias en Acogimiento Familiar por Departamento y tipo de centro, según propuesta de atención.",Total general,Río Negro,Centros Atención Tiempo Parcial y Atención en la Comunidad,27.0,cantidad
Cuadro 5,"Cuadro 5. Cantidad de familias en Acogimiento Familiar por Departamento y tipo de centro, según propuesta de atención.",Total general,Río Negro,Total depto,40.0,cantidad
Cuadro 5,"Cuadro 5. Cantidad de familias en Acogimiento Familiar por Departamento y tipo de centro, según propuesta de atención.",Total general,Rivera,Centros SPE 24 horas,20.0,cantidad
Cuadro 5,"Cuadro 5. Cantidad de familias en Acogimiento Familiar por Departamento y tipo de centro, según propuesta de atención.",Total general,Rivera,Centros Atención Tiempo Parcial y Atención en la Comunidad,29.0,cantidad
Cuadro 5,"Cuadro 5. Cantidad de familias en Acogimiento Familiar por Departamento y tipo de centro, según propuesta de atención.",Total general,Rivera,Total depto,49.0,cantidad
Cuadro 5,"Cuadro 5. Cantidad de familias en Acogimiento Familiar por Departamento y tipo de centro, según propuesta de atención.",Total general,Rocha,Centros SPE 24 horas,6.0,cantidad
Cuadro 5,"Cuadro 5. Cantidad de familias en Acogimiento Familiar por Departamento y tipo de centro, según propuesta de atención.",Total general,Rocha,Centros Atención Tiempo Parcial y Atención en la Comunidad,31.0,cantidad
Cuadro 5,"Cuadro 5. Cantidad de familias en Acogimiento Familiar por Departamento y tipo de centro, según propuesta de atención.",Total general,Rocha,Total depto,37.0,cantidad
Cuadro 5,"Cuadro 5. Cantidad de familias en Acogimiento Familiar por Departamento y tipo de centro, según propuesta de atención.",Total general,Salto,Centros SPE 24 horas,8.0,cantidad
Cuadro 5,"Cuadro 5. Cantidad de familias en Acogimiento Familiar por Departamento y tipo de centro, según propuesta de atención.",Total general,Salto,Centros Atención Tiempo Parcial y Atención en la Comunidad,70.0,cantidad
Cuadro 5,"Cuadro 5. Cantidad de familias en Acogimiento Familiar por Departamento y tipo de centro, según propuesta de atención.",Total general,Salto,Total depto,78.0,cantidad
Cuadro 5,"Cuadro 5. Cantidad de familias en Acogimiento Familiar por Departamento y tipo de centro, según propuesta de atención.",Total general,San José,Centros SPE 24 horas,24.0,cantidad
Cuadro 5,"Cuadro 5. Cantidad de familias en Acogimiento Familiar por Departamento y tipo de centro, según propuesta de atención.",Total general,San José,Centros Atención Tiempo Parcial y Atención en la Comunidad,79.0,cantidad
Cuadro 5,"Cuadro 5. Cantidad de familias en Acogimiento Familiar por Departamento y tipo de centro, según propuesta de atención.",Total general,San José,Total depto,103.0,cantidad
Cuadro 5,"Cuadro 5. Cantidad de familias en Acogimiento Familiar por Departamento y tipo de centro, según propuesta de atención.",Total general,Soriano,Centros SPE 24 horas,4.0,cantidad
Cuadro 5,"Cuadro 5. Cantidad de familias en Acogimiento Familiar por Departamento y tipo de centro, según propuesta de atención.",Total general,Soriano,Centros Atención Tiempo Parcial y Atención en la Comunidad,33.0,cantidad
Cuadro 5,"Cuadro 5. Cantidad de familias en Acogimiento Familiar por Departamento y tipo de centro, según propuesta de atención.",Total general,Soriano,Total depto,37.0,cantidad
Cuadro 5,"Cuadro 5. Cantidad de familias en Acogimiento Familiar por Departamento y tipo de centro, según propuesta de atención.",Total general,Tacuarembó,Centros SPE 24 horas,11.0,cantidad
Cuadro 5,"Cuadro 5. Cantidad de familias en Acogimiento Familiar por Departamento y tipo de centro, según propuesta de atención.",Total general,Tacuarembó,Centros Atención Tiempo Parcial y Atención en la Comunidad,48.0,cantidad
Cuadro 5,"Cuadro 5. Cantidad de familias en Acogimiento Familiar por Departamento y tipo de centro, según propuesta de atención.",Total general,Tacuarembó,Total depto,59.0,cantidad
Cuadro 5,"Cuadro 5. Cantidad de familias en Acogimiento Familiar por Departamento y tipo de centro, según propuesta de atención.",Total general,Treinta y Tres,Centros SPE 24 horas,9.0,cantidad
Cuadro 5,"Cuadro 5. Cantidad de familias en Acogimiento Familiar por Departamento y tipo de centro, según propuesta de atención.",Total general,Treinta y Tres,Centros Atención Tiempo Parcial y Atención en la Comunidad,35.0,cantidad
Cuadro 5,"Cuadro 5. Cantidad de familias en Acogimiento Familiar por Departamento y tipo de centro, según propuesta de atención.",Total general,Treinta y Tres,Total depto,44.0,cantidad
Cuadro 5,"Cuadro 5. Cantidad de familias en Acogimiento Familiar por Departamento y tipo de centro, según propuesta de atención.",Total general,Total país,Total general,1830.0,cantidad
Cuadro 6,"Cuadro 6. Cantidad de familias nuevas de Acogimiento Familiar y de población atendida en estas propuestas por Departamento, según propuesta de atención.",Familia Amiga y Alternativa Familiar,Canelones,Familias AF,0.0,cantidad
Cuadro 6,"Cuadro 6. Cantidad de familias nuevas de Acogimiento Familiar y de población atendida en estas propuestas por Departamento, según propuesta de atención.",Familia Amiga y Alternativa Familiar,Canelones,NNA,0.0,cantidad
Cuadro 6,"Cuadro 6. Cantidad de familias nuevas de Acogimiento Familiar y de población atendida en estas propuestas por Departamento, según propuesta de atención.",Familia Amiga y Alternativa Familiar,Colonia,Familias AF,0.0,cantidad
Cuadro 6,"Cuadro 6. Cantidad de familias nuevas de Acogimiento Familiar y de población atendida en estas propuestas por Departamento, según propuesta de atención.",Familia Amiga y Alternativa Familiar,Colonia,NNA,0.0,cantidad
Cuadro 6,"Cuadro 6. Cantidad de familias nuevas de Acogimiento Familiar y de población atendida en estas propuestas por Departamento, según propuesta de atención.",Familia Amiga y Alternativa Familiar,Durazno,Familias AF,0.0,cantidad
Cuadro 6,"Cuadro 6. Cantidad de familias nuevas de Acogimiento Familiar y de población atendida en estas propuestas por Departamento, según propuesta de atención.",Familia Amiga y Alternativa Familiar,Durazno,NNA,0.0,cantidad
Cuadro 6,"Cuadro 6. Cantidad de familias nuevas de Acogimiento Familiar y de población atendida en estas propuestas por Departamento, según propuesta de atención.",Familia Amiga y Alternativa Familiar,Montevideo,Familias AF,0.0,cantidad
Cuadro 6,"Cuadro 6. Cantidad de familias nuevas de Acogimiento Familiar y de población atendida en estas propuestas por Departamento, según propuesta de atención.",Familia Amiga y Alternativa Familiar,Montevideo,NNA,0.0,cantidad
Cuadro 6,"Cuadro 6. Cantidad de familias nuevas de Acogimiento Familiar y de población atendida en estas propuestas por Departamento, según propuesta de atención.",Familia Amiga y Alternativa Familiar,Rocha,Familias AF,0.0,cantidad
Cuadro 6,"Cuadro 6. Cantidad de familias nuevas de Acogimiento Familiar y de población atendida en estas propuestas por Departamento, según propuesta de atención.",Familia Amiga y Alternativa Familiar,Rocha,NNA,0.0,cantidad
Cuadro 6,"Cuadro 6. Cantidad de familias nuevas de Acogimiento Familiar y de población atendida en estas propuestas por Departamento, según propuesta de atención.",Familia Amiga y Alternativa Familiar,San José,Familias AF,0.0,cantidad
Cuadro 6,"Cuadro 6. Cantidad de familias nuevas de Acogimiento Familiar y de población atendida en estas propuestas por Departamento, según propuesta de atención.",Familia Amiga y Alternativa Familiar,San José,NNA,0.0,cantidad
Cuadro 6,"Cuadro 6. Cantidad de familias nuevas de Acogimiento Familiar y de población atendida en estas propuestas por Departamento, según propuesta de atención.",Familia Amiga y Alternativa Familiar,Total país,Total Familias AF,0.0,cantidad
Cuadro 6,"Cuadro 6. Cantidad de familias nuevas de Acogimiento Familiar y de población atendida en estas propuestas por Departamento, según propuesta de atención.",Familia Amiga y Alternativa Familiar,Total país,Total NNA,0.0,cantidad
Cuadro 6,"Cuadro 6. Cantidad de familias nuevas de Acogimiento Familiar y de población atendida en estas propuestas por Departamento, según propuesta de atención.",Amiga Parcial,Canelones,Familias AF,0.0,cantidad
Cuadro 6,"Cuadro 6. Cantidad de familias nuevas de Acogimiento Familiar y de población atendida en estas propuestas por Departamento, según propuesta de atención.",Amiga Parcial,Canelones,NNA,0.0,cantidad
Cuadro 6,"Cuadro 6. Cantidad de familias nuevas de Acogimiento Familiar y de población atendida en estas propuestas por Departamento, según propuesta de atención.",Amiga Parcial,Colonia,Familias AF,0.0,cantidad
Cuadro 6,"Cuadro 6. Cantidad de familias nuevas de Acogimiento Familiar y de población atendida en estas propuestas por Departamento, según propuesta de atención.",Amiga Parcial,Colonia,NNA,0.0,cantidad
Cuadro 6,"Cuadro 6. Cantidad de familias nuevas de Acogimiento Familiar y de población atendida en estas propuestas por Departamento, según propuesta de atención.",Amiga Parcial,Durazno,Familias AF,0.0,cantidad
Cuadro 6,"Cuadro 6. Cantidad de familias nuevas de Acogimiento Familiar y de población atendida en estas propuestas por Departamento, según propuesta de atención.",Amiga Parcial,Durazno,NNA,0.0,cantidad
Cuadro 6,"Cuadro 6. Cantidad de familias nuevas de Acogimiento Familiar y de población atendida en estas propuestas por Departamento, según propuesta de atención.",Amiga Parcial,Montevideo,Familias AF,0.0,cantidad
Cuadro 6,"Cuadro 6. Cantidad de familias nuevas de Acogimiento Familiar y de población atendida en estas propuestas por Departamento, según propuesta de atención.",Amiga Parcial,Montevideo,NNA,0.0,cantidad
Cuadro 6,"Cuadro 6. Cantidad de familias nuevas de Acogimiento Familiar y de población atendida en estas propuestas por Departamento, según propuesta de atención.",Amiga Parcial,Rocha,Familias AF,0.0,cantidad
Cuadro 6,"Cuadro 6. Cantidad de familias nuevas de Acogimiento Familiar y de población atendida en estas propuestas por Departamento, según propuesta de atención.",Amiga Parcial,Rocha,NNA,0.0,cantidad
Cuadro 6,"Cuadro 6. Cantidad de familias nuevas de Acogimiento Familiar y de población atendida en estas propuestas por Departamento, según propuesta de atención.",Amiga Parcial,San José,Familias AF,0.0,cantidad
Cuadro 6,"Cuadro 6. Cantidad de familias nuevas de Acogimiento Familiar y de población atendida en estas propuestas por Departamento, según propuesta de atención.",Amiga Parcial,San José,NNA,0.0,cantidad
Cuadro 6,"Cuadro 6. Cantidad de familias nuevas de Acogimiento Familiar y de población atendida en estas propuestas por Departamento, según propuesta de atención.",Amiga Parcial,Total país,Total Familias AF,0.0,cantidad
Cuadro 6,"Cuadro 6. Cantidad de familias nuevas de Acogimiento Familiar y de población atendida en estas propuestas por Departamento, según propuesta de atención.",Amiga Parcial,Total país,Total NNA,0.0,cantidad
Cuadro 6,"Cuadro 6. Cantidad de familias nuevas de Acogimiento Familiar y de población atendida en estas propuestas por Departamento, según propuesta de atención.",Amiga,Canelones,Familias AF,0.0,cantidad
Cuadro 6,"Cuadro 6. Cantidad de familias nuevas de Acogimiento Familiar y de población atendida en estas propuestas por Departamento, según propuesta de atención.",Amiga,Canelones,NNA,0.0,cantidad
Cuadro 6,"Cuadro 6. Cantidad de familias nuevas de Acogimiento Familiar y de población atendida en estas propuestas por Departamento, según propuesta de atención.",Amiga,Colonia,Familias AF,0.0,cantidad
Cuadro 6,"Cuadro 6. Cantidad de familias nuevas de Acogimiento Familiar y de población atendida en estas propuestas por Departamento, según propuesta de atención.",Amiga,Colonia,NNA,0.0,cantidad
Cuadro 6,"Cuadro 6. Cantidad de familias nuevas de Acogimiento Familiar y de población atendida en estas propuestas por Departamento, según propuesta de atención.",Amiga,Durazno,Familias AF,0.0,cantidad
Cuadro 6,"Cuadro 6. Cantidad de familias nuevas de Acogimiento Familiar y de población atendida en estas propuestas por Departamento, según propuesta de atención.",Amiga,Durazno,NNA,0.0,cantidad
Cuadro 6,"Cuadro 6. Cantidad de familias nuevas de Acogimiento Familiar y de población atendida en estas propuestas por Departamento, según propuesta de atención.",Amiga,Montevideo,Familias AF,0.0,cantidad
Cuadro 6,"Cuadro 6. Cantidad de familias nuevas de Acogimiento Familiar y de población atendida en estas propuestas por Departamento, según propuesta de atención.",Amiga,Montevideo,NNA,0.0,cantidad
Cuadro 6,"Cuadro 6. Cantidad de familias nuevas de Acogimiento Familiar y de población atendida en estas propuestas por Departamento, según propuesta de atención.",Amiga,Rocha,Familias AF,0.0,cantidad
Cuadro 6,"Cuadro 6. Cantidad de familias nuevas de Acogimiento Familiar y de población atendida en estas propuestas por Departamento, según propuesta de atención.",Amiga,Rocha,NNA,0.0,cantidad
Cuadro 6,"Cuadro 6. Cantidad de familias nuevas de Acogimiento Familiar y de población atendida en estas propuestas por Departamento, según propuesta de atención.",Amiga,San José,Familias AF,0.0,cantidad
Cuadro 6,"Cuadro 6. Cantidad de familias nuevas de Acogimiento Familiar y de población atendida en estas propuestas por Departamento, según propuesta de atención.",Amiga,San José,NNA,0.0,cantidad
Cuadro 6,"Cuadro 6. Cantidad de familias nuevas de Acogimiento Familiar y de población atendida en estas propuestas por Departamento, según propuesta de atención.",Amiga,Total país,Total Familias AF,0.0,cantidad
Cuadro 6,"Cuadro 6. Cantidad de familias nuevas de Acogimiento Familiar y de población atendida en estas propuestas por Departamento, según propuesta de atención.",Amiga,Total país,Total NNA,0.0,cantidad
Cuadro 6,"Cuadro 6. Cantidad de familias nuevas de Acogimiento Familiar y de población atendida en estas propuestas por Departamento, según propuesta de atención.",Amiga Urgencia,Canelones,Familias AF,0.0,cantidad
Cuadro 6,"Cuadro 6. Cantidad de familias nuevas de Acogimiento Familiar y de población atendida en estas propuestas por Departamento, según propuesta de atención.",Amiga Urgencia,Canelones,NNA,0.0,cantidad
Cuadro 6,"Cuadro 6. Cantidad de familias nuevas de Acogimiento Familiar y de población atendida en estas propuestas por Departamento, según propuesta de atención.",Amiga Urgencia,Colonia,Familias AF,0.0,cantidad
Cuadro 6,"Cuadro 6. Cantidad de familias nuevas de Acogimiento Familiar y de población atendida en estas propuestas por Departamento, según propuesta de atención.",Amiga Urgencia,Colonia,NNA,0.0,cantidad
Cuadro 6,"Cuadro 6. Cantidad de familias nuevas de Acogimiento Familiar y de población atendida en estas propuestas por Departamento, según propuesta de atención.",Amiga Urgencia,Durazno,Familias AF,0.0,cantidad
Cuadro 6,"Cuadro 6. Cantidad de familias nuevas de Acogimiento Familiar y de población atendida en estas propuestas por Departamento, según propuesta de atención.",Amiga Urgencia,Durazno,NNA,0.0,cantidad
Cuadro 6,"Cuadro 6. Cantidad de familias nuevas de Acogimiento Familiar y de población atendida en estas propuestas por Departamento, según propuesta de atención.",Amiga Urgencia,Montevideo,Familias AF,0.0,cantidad
Cuadro 6,"Cuadro 6. Cantidad de familias nuevas de Acogimiento Familiar y de población atendida en estas propuestas por Departamento, según propuesta de atención.",Amiga Urgencia,Montevideo,NNA,0.0,cantidad
Cuadro 6,"Cuadro 6. Cantidad de familias nuevas de Acogimiento Familiar y de población atendida en estas propuestas por Departamento, según propuesta de atención.",Amiga Urgencia,Rocha,Familias AF,0.0,cantidad
Cuadro 6,"Cuadro 6. Cantidad de familias nuevas de Acogimiento Familiar y de población atendida en estas propuestas por Departamento, según propuesta de atención.",Amiga Urgencia,Rocha,NNA,0.0,cantidad
Cuadro 6,"Cuadro 6. Cantidad de familias nuevas de Acogimiento Familiar y de población atendida en estas propuestas por Departamento, según propuesta de atención.",Amiga Urgencia,San José,Familias AF,0.0,cantidad
Cuadro 6,"Cuadro 6. Cantidad de familias nuevas de Acogimiento Familiar y de población atendida en estas propuestas por Departamento, según propuesta de atención.",Amiga Urgencia,San José,NNA,0.0,cantidad
Cuadro 6,"Cuadro 6. Cantidad de familias nuevas de Acogimiento Familiar y de población atendida en estas propuestas por Departamento, según propuesta de atención.",Amiga Urgencia,Total país,Total Familias AF,0.0,cantidad
Cuadro 6,"Cuadro 6. Cantidad de familias nuevas de Acogimiento Familiar y de población atendida en estas propuestas por Departamento, según propuesta de atención.",Amiga Urgencia,Total país,Total NNA,0.0,cantidad
Cuadro 6,"Cuadro 6. Cantidad de familias nuevas de Acogimiento Familiar y de población atendida en estas propuestas por Departamento, según propuesta de atención.",Cuidadoras 1a. Atención/ Hogares Alternativa Familiar,Canelones,Familias AF,0.0,cantidad
Cuadro 6,"Cuadro 6. Cantidad de familias nuevas de Acogimiento Familiar y de población atendida en estas propuestas por Departamento, según propuesta de atención.",Cuidadoras 1a. Atención/ Hogares Alternativa Familiar,Canelones,NNA,0.0,cantidad
Cuadro 6,"Cuadro 6. Cantidad de familias nuevas de Acogimiento Familiar y de población atendida en estas propuestas por Departamento, según propuesta de atención.",Cuidadoras 1a. Atención/ Hogares Alternativa Familiar,Colonia,Familias AF,0.0,cantidad
Cuadro 6,"Cuadro 6. Cantidad de familias nuevas de Acogimiento Familiar y de población atendida en estas propuestas por Departamento, según propuesta de atención.",Cuidadoras 1a. Atención/ Hogares Alternativa Familiar,Colonia,NNA,0.0,cantidad
Cuadro 6,"Cuadro 6. Cantidad de familias nuevas de Acogimiento Familiar y de población atendida en estas propuestas por Departamento, según propuesta de atención.",Cuidadoras 1a. Atención/ Hogares Alternativa Familiar,Durazno,Familias AF,0.0,cantidad
Cuadro 6,"Cuadro 6. Cantidad de familias nuevas de Acogimiento Familiar y de población atendida en estas propuestas por Departamento, según propuesta de atención.",Cuidadoras 1a. Atención/ Hogares Alternativa Familiar,Durazno,NNA,0.0,cantidad
Cuadro 6,"Cuadro 6. Cantidad de familias nuevas de Acogimiento Familiar y de población atendida en estas propuestas por Departamento, según propuesta de atención.",Cuidadoras 1a. Atención/ Hogares Alternativa Familiar,Montevideo,Familias AF,0.0,cantidad
Cuadro 6,"Cuadro 6. Cantidad de familias nuevas de Acogimiento Familiar y de población atendida en estas propuestas por Departamento, según propuesta de atención.",Cuidadoras 1a. Atención/ Hogares Alternativa Familiar,Montevideo,NNA,0.0,cantidad
Cuadro 6,"Cuadro 6. Cantidad de familias nuevas de Acogimiento Familiar y de población atendida en estas propuestas por Departamento, según propuesta de atención.",Cuidadoras 1a. Atención/ Hogares Alternativa Familiar,Rocha,Familias AF,0.0,cantidad
Cuadro 6,"Cuadro 6. Cantidad de familias nuevas de Acogimiento Familiar y de población atendida en estas propuestas por Departamento, según propuesta de atención.",Cuidadoras 1a. Atención/ Hogares Alternativa Familiar,Rocha,NNA,0.0,cantidad
Cuadro 6,"Cuadro 6. Cantidad de familias nuevas de Acogimiento Familiar y de población atendida en estas propuestas por Departamento, según propuesta de atención.",Cuidadoras 1a. Atención/ Hogares Alternativa Familiar,San José,Familias AF,0.0,cantidad
Cuadro 6,"Cuadro 6. Cantidad de familias nuevas de Acogimiento Familiar y de población atendida en estas propuestas por Departamento, según propuesta de atención.",Cuidadoras 1a. Atención/ Hogares Alternativa Familiar,San José,NNA,0.0,cantidad
Cuadro 6,"Cuadro 6. Cantidad de familias nuevas de Acogimiento Familiar y de población atendida en estas propuestas por Departamento, según propuesta de atención.",Cuidadoras 1a. Atención/ Hogares Alternativa Familiar,Total país,Total Familias AF,0.0,cantidad
Cuadro 6,"Cuadro 6. Cantidad de familias nuevas de Acogimiento Familiar y de población atendida en estas propuestas por Departamento, según propuesta de atención.",Cuidadoras 1a. Atención/ Hogares Alternativa Familiar,Total país,Total NNA,0.0,cantidad
Cuadro 6,"Cuadro 6. Cantidad de familias nuevas de Acogimiento Familiar y de población atendida en estas propuestas por Departamento, según propuesta de atención.",Familia Extensa,Canelones,Familias AF,1.0,cantidad
Cuadro 6,"Cuadro 6. Cantidad de familias nuevas de Acogimiento Familiar y de población atendida en estas propuestas por Departamento, según propuesta de atención.",Familia Extensa,Canelones,NNA,2.0,cantidad
Cuadro 6,"Cuadro 6. Cantidad de familias nuevas de Acogimiento Familiar y de población atendida en estas propuestas por Departamento, según propuesta de atención.",Familia Extensa,Colonia,Familias AF,1.0,cantidad
Cuadro 6,"Cuadro 6. Cantidad de familias nuevas de Acogimiento Familiar y de población atendida en estas propuestas por Departamento, según propuesta de atención.",Familia Extensa,Colonia,NNA,1.0,cantidad
Cuadro 6,"Cuadro 6. Cantidad de familias nuevas de Acogimiento Familiar y de población atendida en estas propuestas por Departamento, según propuesta de atención.",Familia Extensa,Durazno,Familias AF,2.0,cantidad
Cuadro 6,"Cuadro 6. Cantidad de familias nuevas de Acogimiento Familiar y de población atendida en estas propuestas por Departamento, según propuesta de atención.",Familia Extensa,Durazno,NNA,3.0,cantidad
Cuadro 6,"Cuadro 6. Cantidad de familias nuevas de Acogimiento Familiar y de población atendida en estas propuestas por Departamento, según propuesta de atención.",Familia Extensa,Montevideo,Familias AF,4.0,cantidad
Cuadro 6,"Cuadro 6. Cantidad de familias nuevas de Acogimiento Familiar y de población atendida en estas propuestas por Departamento, según propuesta de atención.",Familia Extensa,Montevideo,NNA,8.0,cantidad
Cuadro 6,"Cuadro 6. Cantidad de familias nuevas de Acogimiento Familiar y de población atendida en estas propuestas por Departamento, según propuesta de atención.",Familia Extensa,Rocha,Familias AF,0.0,cantidad
Cuadro 6,"Cuadro 6. Cantidad de familias nuevas de Acogimiento Familiar y de población atendida en estas propuestas por Departamento, según propuesta de atención.",Familia Extensa,Rocha,NNA,0.0,cantidad
Cuadro 6,"Cuadro 6. Cantidad de familias nuevas de Acogimiento Familiar y de población atendida en estas propuestas por Departamento, según propuesta de atención.",Familia Extensa,San José,Familias AF,1.0,cantidad
Cuadro 6,"Cuadro 6. Cantidad de familias nuevas de Acogimiento Familiar y de población atendida en estas propuestas por Departamento, según propuesta de atención.",Familia Extensa,San José,NNA,2.0,cantidad
Cuadro 6,"Cuadro 6. Cantidad de familias nuevas de Acogimiento Familiar y de población atendida en estas propuestas por Departamento, según propuesta de atención.",Familia Extensa,Total país,Total Familias AF,9.0,cantidad
Cuadro 6,"Cuadro 6. Cantidad de familias nuevas de Acogimiento Familiar y de población atendida en estas propuestas por Departamento, según propuesta de atención.",Familia Extensa,Total país,Total NNA,16.0,cantidad
Cuadro 6,"Cuadro 6. Cantidad de familias nuevas de Acogimiento Familiar y de población atendida en estas propuestas por Departamento, según propuesta de atención.",Extensa Parcial,Canelones,Familias AF,0.0,cantidad
Cuadro 6,"Cuadro 6. Cantidad de familias nuevas de Acogimiento Familiar y de población atendida en estas propuestas por Departamento, según propuesta de atención.",Extensa Parcial,Canelones,NNA,0.0,cantidad
Cuadro 6,"Cuadro 6. Cantidad de familias nuevas de Acogimiento Familiar y de población atendida en estas propuestas por Departamento, según propuesta de atención.",Extensa Parcial,Colonia,Familias AF,0.0,cantidad
Cuadro 6,"Cuadro 6. Cantidad de familias nuevas de Acogimiento Familiar y de población atendida en estas propuestas por Departamento, según propuesta de atención.",Extensa Parcial,Colonia,NNA,0.0,cantidad
Cuadro 6,"Cuadro 6. Cantidad de familias nuevas de Acogimiento Familiar y de población atendida en estas propuestas por Departamento, según propuesta de atención.",Extensa Parcial,Durazno,Familias AF,0.0,cantidad
Cuadro 6,"Cuadro 6. Cantidad de familias nuevas de Acogimiento Familiar y de población atendida en estas propuestas por Departamento, según propuesta de atención.",Extensa Parcial,Durazno,NNA,0.0,cantidad
Cuadro 6,"Cuadro 6. Cantidad de familias nuevas de Acogimiento Familiar y de población atendida en estas propuestas por Departamento, según propuesta de atención.",Extensa Parcial,Montevideo,Familias AF,0.0,cantidad
Cuadro 6,"Cuadro 6. Cantidad de familias nuevas de Acogimiento Familiar y de población atendida en estas propuestas por Departamento, según propuesta de atención.",Extensa Parcial,Montevideo,NNA,0.0,cantidad
Cuadro 6,"Cuadro 6. Cantidad de familias nuevas de Acogimiento Familiar y de población atendida en estas propuestas por Departamento, según propuesta de atención.",Extensa Parcial,Rocha,Familias AF,0.0,cantidad
Cuadro 6,"Cuadro 6. Cantidad de familias nuevas de Acogimiento Familiar y de población atendida en estas propuestas por Departamento, según propuesta de atención.",Extensa Parcial,Rocha,NNA,0.0,cantidad
Cuadro 6,"Cuadro 6. Cantidad de familias nuevas de Acogimiento Familiar y de población atendida en estas propuestas por Departamento, según propuesta de atención.",Extensa Parcial,San José,Familias AF,0.0,cantidad
Cuadro 6,"Cuadro 6. Cantidad de familias nuevas de Acogimiento Familiar y de población atendida en estas propuestas por Departamento, según propuesta de atención.",Extensa Parcial,San José,NNA,0.0,cantidad
Cuadro 6,"Cuadro 6. Cantidad de familias nuevas de Acogimiento Familiar y de población atendida en estas propuestas por Departamento, según propuesta de atención.",Extensa Parcial,Total país,Total Familias AF,0.0,cantidad
Cuadro 6,"Cuadro 6. Cantidad de familias nuevas de Acogimiento Familiar y de población atendida en estas propuestas por Departamento, según propuesta de atención.",Extensa Parcial,Total país,Total NNA,0.0,cantidad
Cuadro 6,"Cuadro 6. Cantidad de familias nuevas de Acogimiento Familiar y de población atendida en estas propuestas por Departamento, según propuesta de atención.",Extensa,Canelones,Familias AF,1.0,cantidad
Cuadro 6,"Cuadro 6. Cantidad de familias nuevas de Acogimiento Familiar y de población atendida en estas propuestas por Departamento, según propuesta de atención.",Extensa,Canelones,NNA,2.0,cantidad
Cuadro 6,"Cuadro 6. Cantidad de familias nuevas de Acogimiento Familiar y de población atendida en estas propuestas por Departamento, según propuesta de atención.",Extensa,Colonia,Familias AF,1.0,cantidad
Cuadro 6,"Cuadro 6. Cantidad de familias nuevas de Acogimiento Familiar y de población atendida en estas propuestas por Departamento, según propuesta de atención.",Extensa,Colonia,NNA,1.0,cantidad
Cuadro 6,"Cuadro 6. Cantidad de familias nuevas de Acogimiento Familiar y de población atendida en estas propuestas por Departamento, según propuesta de atención.",Extensa,Durazno,Familias AF,2.0,cantidad
Cuadro 6,"Cuadro 6. Cantidad de familias nuevas de Acogimiento Familiar y de población atendida en estas propuestas por Departamento, según propuesta de atención.",Extensa,Durazno,NNA,3.0,cantidad
Cuadro 6,"Cuadro 6. Cantidad de familias nuevas de Acogimiento Familiar y de población atendida en estas propuestas por Departamento, según propuesta de atención.",Extensa,Montevideo,Familias AF,4.0,cantidad
Cuadro 6,"Cuadro 6. Cantidad de familias nuevas de Acogimiento Familiar y de población atendida en estas propuestas por Departamento, según propuesta de atención.",Extensa,Montevideo,NNA,8.0,cantidad
Cuadro 6,"Cuadro 6. Cantidad de familias nuevas de Acogimiento Familiar y de población atendida en estas propuestas por Departamento, según propuesta de atención.",Extensa,Rocha,Familias AF,0.0,cantidad
Cuadro 6,"Cuadro 6. Cantidad de familias nuevas de Acogimiento Familiar y de población atendida en estas propuestas por Departamento, según propuesta de atención.",Extensa,Rocha,NNA,0.0,cantidad
Cuadro 6,"Cuadro 6. Cantidad de familias nuevas de Acogimiento Familiar y de población atendida en estas propuestas por Departamento, según propuesta de atención.",Extensa,San José,Familias AF,1.0,cantidad
Cuadro 6,"Cuadro 6. Cantidad de familias nuevas de Acogimiento Familiar y de población atendida en estas propuestas por Departamento, según propuesta de atención.",Extensa,San José,NNA,2.0,cantidad
Cuadro 6,"Cuadro 6. Cantidad de familias nuevas de Acogimiento Familiar y de población atendida en estas propuestas por Departamento, según propuesta de atención.",Extensa,Total país,Total Familias AF,9.0,cantidad
Cuadro 6,"Cuadro 6. Cantidad de familias nuevas de Acogimiento Familiar y de población atendida en estas propuestas por Departamento, según propuesta de atención.",Extensa,Total país,Total NNA,16.0,cantidad
Cuadro 6,"Cuadro 6. Cantidad de familias nuevas de Acogimiento Familiar y de población atendida en estas propuestas por Departamento, según propuesta de atención.",Familia Afinidad,Canelones,Familias AF,0.0,cantidad
Cuadro 6,"Cuadro 6. Cantidad de familias nuevas de Acogimiento Familiar y de población atendida en estas propuestas por Departamento, según propuesta de atención.",Familia Afinidad,Canelones,NNA,0.0,cantidad
Cuadro 6,"Cuadro 6. Cantidad de familias nuevas de Acogimiento Familiar y de población atendida en estas propuestas por Departamento, según propuesta de atención.",Familia Afinidad,Colonia,Familias AF,0.0,cantidad
Cuadro 6,"Cuadro 6. Cantidad de familias nuevas de Acogimiento Familiar y de población atendida en estas propuestas por Departamento, según propuesta de atención.",Familia Afinidad,Colonia,NNA,0.0,cantidad
Cuadro 6,"Cuadro 6. Cantidad de familias nuevas de Acogimiento Familiar y de población atendida en estas propuestas por Departamento, según propuesta de atención.",Familia Afinidad,Durazno,Familias AF,0.0,cantidad
Cuadro 6,"Cuadro 6. Cantidad de familias nuevas de Acogimiento Familiar y de población atendida en estas propuestas por Departamento, según propuesta de atención.",Familia Afinidad,Durazno,NNA,0.0,cantidad
Cuadro 6,"Cuadro 6. Cantidad de familias nuevas de Acogimiento Familiar y de población atendida en estas propuestas por Departamento, según propuesta de atención.",Familia Afinidad,Montevideo,Familias AF,0.0,cantidad
Cuadro 6,"Cuadro 6. Cantidad de familias nuevas de Acogimiento Familiar y de población atendida en estas propuestas por Departamento, según propuesta de atención.",Familia Afinidad,Montevideo,NNA,0.0,cantidad
Cuadro 6,"Cuadro 6. Cantidad de familias nuevas de Acogimiento Familiar y de población atendida en estas propuestas por Departamento, según propuesta de atención.",Familia Afinidad,Rocha,Familias AF,1.0,cantidad
Cuadro 6,"Cuadro 6. Cantidad de familias nuevas de Acogimiento Familiar y de población atendida en estas propuestas por Departamento, según propuesta de atención.",Familia Afinidad,Rocha,NNA,1.0,cantidad
Cuadro 6,"Cuadro 6. Cantidad de familias nuevas de Acogimiento Familiar y de población atendida en estas propuestas por Departamento, según propuesta de atención.",Familia Afinidad,San José,Familias AF,1.0,cantidad
Cuadro 6,"Cuadro 6. Cantidad de familias nuevas de Acogimiento Familiar y de población atendida en estas propuestas por Departamento, según propuesta de atención.",Familia Afinidad,San José,NNA,3.0,cantidad
Cuadro 6,"Cuadro 6. Cantidad de familias nuevas de Acogimiento Familiar y de población atendida en estas propuestas por Departamento, según propuesta de atención.",Familia Afinidad,Total país,Total Familias AF,2.0,cantidad
Cuadro 6,"Cuadro 6. Cantidad de familias nuevas de Acogimiento Familiar y de población atendida en estas propuestas por Departamento, según propuesta de atención.",Familia Afinidad,Total país,Total NNA,4.0,cantidad
Cuadro 6,"Cuadro 6. Cantidad de familias nuevas de Acogimiento Familiar y de población atendida en estas propuestas por Departamento, según propuesta de atención.",Afinidad Parcial,Canelones,Familias AF,0.0,cantidad
Cuadro 6,"Cuadro 6. Cantidad de familias nuevas de Acogimiento Familiar y de población atendida en estas propuestas por Departamento, según propuesta de atención.",Afinidad Parcial,Canelones,NNA,0.0,cantidad
Cuadro 6,"Cuadro 6. Cantidad de familias nuevas de Acogimiento Familiar y de población atendida en estas propuestas por Departamento, según propuesta de atención.",Afinidad Parcial,Colonia,Familias AF,0.0,cantidad
Cuadro 6,"Cuadro 6. Cantidad de familias nuevas de Acogimiento Familiar y de población atendida en estas propuestas por Departamento, según propuesta de atención.",Afinidad Parcial,Colonia,NNA,0.0,cantidad
Cuadro 6,"Cuadro 6. Cantidad de familias nuevas de Acogimiento Familiar y de población atendida en estas propuestas por Departamento, según propuesta de atención.",Afinidad Parcial,Durazno,Familias AF,0.0,cantidad
Cuadro 6,"Cuadro 6. Cantidad de familias nuevas de Acogimiento Familiar y de población atendida en estas propuestas por Departamento, según propuesta de atención.",Afinidad Parcial,Durazno,NNA,0.0,cantidad
Cuadro 6,"Cuadro 6. Cantidad de familias nuevas de Acogimiento Familiar y de población atendida en estas propuestas por Departamento, según propuesta de atención.",Afinidad Parcial,Montevideo,Familias AF,0.0,cantidad
Cuadro 6,"Cuadro 6. Cantidad de familias nuevas de Acogimiento Familiar y de población atendida en estas propuestas por Departamento, según propuesta de atención.",Afinidad Parcial,Montevideo,NNA,0.0,cantidad
Cuadro 6,"Cuadro 6. Cantidad de familias nuevas de Acogimiento Familiar y de población atendida en estas propuestas por Departamento, según propuesta de atención.",Afinidad Parcial,Rocha,Familias AF,0.0,cantidad
Cuadro 6,"Cuadro 6. Cantidad de familias nuevas de Acogimiento Familiar y de población atendida en estas propuestas por Departamento, según propuesta de atención.",Afinidad Parcial,Rocha,NNA,0.0,cantidad
Cuadro 6,"Cuadro 6. Cantidad de familias nuevas de Acogimiento Familiar y de población atendida en estas propuestas por Departamento, según propuesta de atención.",Afinidad Parcial,San José,Familias AF,0.0,cantidad
Cuadro 6,"Cuadro 6. Cantidad de familias nuevas de Acogimiento Familiar y de población atendida en estas propuestas por Departamento, según propuesta de atención.",Afinidad Parcial,San José,NNA,0.0,cantidad
Cuadro 6,"Cuadro 6. Cantidad de familias nuevas de Acogimiento Familiar y de población atendida en estas propuestas por Departamento, según propuesta de atención.",Afinidad Parcial,Total país,Total Familias AF,0.0,cantidad
Cuadro 6,"Cuadro 6. Cantidad de familias nuevas de Acogimiento Familiar y de población atendida en estas propuestas por Departamento, según propuesta de atención.",Afinidad Parcial,Total país,Total NNA,0.0,cantidad
Cuadro 6,"Cuadro 6. Cantidad de familias nuevas de Acogimiento Familiar y de población atendida en estas propuestas por Departamento, según propuesta de atención.",Afinidad,Canelones,Familias AF,0.0,cantidad
Cuadro 6,"Cuadro 6. Cantidad de familias nuevas de Acogimiento Familiar y de población atendida en estas propuestas por Departamento, según propuesta de atención.",Afinidad,Canelones,NNA,0.0,cantidad
Cuadro 6,"Cuadro 6. Cantidad de familias nuevas de Acogimiento Familiar y de población atendida en estas propuestas por Departamento, según propuesta de atención.",Afinidad,Colonia,Familias AF,0.0,cantidad
Cuadro 6,"Cuadro 6. Cantidad de familias nuevas de Acogimiento Familiar y de población atendida en estas propuestas por Departamento, según propuesta de atención.",Afinidad,Colonia,NNA,0.0,cantidad
Cuadro 6,"Cuadro 6. Cantidad de familias nuevas de Acogimiento Familiar y de población atendida en estas propuestas por Departamento, según propuesta de atención.",Afinidad,Durazno,Familias AF,0.0,cantidad
Cuadro 6,"Cuadro 6. Cantidad de familias nuevas de Acogimiento Familiar y de población atendida en estas propuestas por Departamento, según propuesta de atención.",Afinidad,Durazno,NNA,0.0,cantidad
Cuadro 6,"Cuadro 6. Cantidad de familias nuevas de Acogimiento Familiar y de población atendida en estas propuestas por Departamento, según propuesta de atención.",Afinidad,Montevideo,Familias AF,0.0,cantidad
Cuadro 6,"Cuadro 6. Cantidad de familias nuevas de Acogimiento Familiar y de población atendida en estas propuestas por Departamento, según propuesta de atención.",Afinidad,Montevideo,NNA,0.0,cantidad
Cuadro 6,"Cuadro 6. Cantidad de familias nuevas de Acogimiento Familiar y de población atendida en estas propuestas por Departamento, según propuesta de atención.",Afinidad,Rocha,Familias AF,1.0,cantidad
Cuadro 6,"Cuadro 6. Cantidad de familias nuevas de Acogimiento Familiar y de población atendida en estas propuestas por Departamento, según propuesta de atención.",Afinidad,Rocha,NNA,1.0,cantidad
Cuadro 6,"Cuadro 6. Cantidad de familias nuevas de Acogimiento Familiar y de población atendida en estas propuestas por Departamento, según propuesta de atención.",Afinidad,San José,Familias AF,1.0,cantidad
Cuadro 6,"Cuadro 6. Cantidad de familias nuevas de Acogimiento Familiar y de población atendida en estas propuestas por Departamento, según propuesta de atención.",Afinidad,San José,NNA,3.0,cantidad
Cuadro 6,"Cuadro 6. Cantidad de familias nuevas de Acogimiento Familiar y de población atendida en estas propuestas por Departamento, según propuesta de atención.",Afinidad,Total país,Total Familias AF,2.0,cantidad
Cuadro 6,"Cuadro 6. Cantidad de familias nuevas de Acogimiento Familiar y de población atendida en estas propuestas por Departamento, según propuesta de atención.",Afinidad,Total país,Total NNA,4.0,cantidad
Cuadro 6,"Cuadro 6. Cantidad de familias nuevas de Acogimiento Familiar y de población atendida en estas propuestas por Departamento, según propuesta de atención.",Total general,Canelones,Familias AF,1.0,cantidad
Cuadro 6,"Cuadro 6. Cantidad de familias nuevas de Acogimiento Familiar y de población atendida en estas propuestas por Departamento, según propuesta de atención.",Total general,Canelones,NNA,2.0,cantidad
Cuadro 6,"Cuadro 6. Cantidad de familias nuevas de Acogimiento Familiar y de población atendida en estas propuestas por Departamento, según propuesta de atención.",Total general,Colonia,Familias AF,1.0,cantidad
Cuadro 6,"Cuadro 6. Cantidad de familias nuevas de Acogimiento Familiar y de población atendida en estas propuestas por Departamento, según propuesta de atención.",Total general,Colonia,NNA,1.0,cantidad
Cuadro 6,"Cuadro 6. Cantidad de familias nuevas de Acogimiento Familiar y de población atendida en estas propuestas por Departamento, según propuesta de atención.",Total general,Durazno,Familias AF,2.0,cantidad
Cuadro 6,"Cuadro 6. Cantidad de familias nuevas de Acogimiento Familiar y de población atendida en estas propuestas por Departamento, según propuesta de atención.",Total general,Durazno,NNA,3.0,cantidad
Cuadro 6,"Cuadro 6. Cantidad de familias nuevas de Acogimiento Familiar y de población atendida en estas propuestas por Departamento, según propuesta de atención.",Total general,Montevideo,Familias AF,4.0,cantidad
Cuadro 6,"Cuadro 6. Cantidad de familias nuevas de Acogimiento Familiar y de población atendida en estas propuestas por Departamento, según propuesta de atención.",Total general,Montevideo,NNA,8.0,cantidad
Cuadro 6,"Cuadro 6. Cantidad de familias nuevas de Acogimiento Familiar y de población atendida en estas propuestas por Departamento, según propuesta de atención.",Total general,Rocha,Familias AF,1.0,cantidad
Cuadro 6,"Cuadro 6. Cantidad de familias nuevas de Acogimiento Familiar y de población atendida en estas propuestas por Departamento, según propuesta de atención.",Total general,Rocha,NNA,1.0,cantidad
Cuadro 6,"Cuadro 6. Cantidad de familias nuevas de Acogimiento Familiar y de población atendida en estas propuestas por Departamento, según propuesta de atención.",Total general,San José,Familias AF,2.0,cantidad
Cuadro 6,"Cuadro 6. Cantidad de familias nuevas de Acogimiento Familiar y de población atendida en estas propuestas por Departamento, según propuesta de atención.",Total general,San José,NNA,5.0,cantidad
Cuadro 6,"Cuadro 6. Cantidad de familias nuevas de Acogimiento Familiar y de población atendida en estas propuestas por Departamento, según propuesta de atención.",Total general,Total país,Total Familias AF,11.0,cantidad
Cuadro 6,"Cuadro 6. Cantidad de familias nuevas de Acogimiento Familiar y de población atendida en estas propuestas por Departamento, según propuesta de atención.",Total general,Total país,Total NNA,20.0,cantidad
Cuadro 7,"Cuadro 7. Cantidad de familias de Acogimiento Familiar cesadas por Departamento, según propuesta de atención.",Familia Amiga y Alternativa Familiar,Artigas,total,0.0,cantidad
Cuadro 7,"Cuadro 7. Cantidad de familias de Acogimiento Familiar cesadas por Departamento, según propuesta de atención.",Familia Amiga y Alternativa Familiar,Canelones,total,1.0,cantidad
Cuadro 7,"Cuadro 7. Cantidad de familias de Acogimiento Familiar cesadas por Departamento, según propuesta de atención.",Familia Amiga y Alternativa Familiar,Cerro Largo,total,0.0,cantidad
Cuadro 7,"Cuadro 7. Cantidad de familias de Acogimiento Familiar cesadas por Departamento, según propuesta de atención.",Familia Amiga y Alternativa Familiar,Colonia,total,0.0,cantidad
Cuadro 7,"Cuadro 7. Cantidad de familias de Acogimiento Familiar cesadas por Departamento, según propuesta de atención.",Familia Amiga y Alternativa Familiar,Durazno,total,1.0,cantidad
Cuadro 7,"Cuadro 7. Cantidad de familias de Acogimiento Familiar cesadas por Departamento, según propuesta de atención.",Familia Amiga y Alternativa Familiar,Maldonado,total,0.0,cantidad
Cuadro 7,"Cuadro 7. Cantidad de familias de Acogimiento Familiar cesadas por Departamento, según propuesta de atención.",Familia Amiga y Alternativa Familiar,Montevideo,total,0.0,cantidad
Cuadro 7,"Cuadro 7. Cantidad de familias de Acogimiento Familiar cesadas por Departamento, según propuesta de atención.",Familia Amiga y Alternativa Familiar,Paysandú,total,0.0,cantidad
Cuadro 7,"Cuadro 7. Cantidad de familias de Acogimiento Familiar cesadas por Departamento, según propuesta de atención.",Familia Amiga y Alternativa Familiar,San José,total,1.0,cantidad
Cuadro 7,"Cuadro 7. Cantidad de familias de Acogimiento Familiar cesadas por Departamento, según propuesta de atención.",Familia Amiga y Alternativa Familiar,Soriano,total,0.0,cantidad
Cuadro 7,"Cuadro 7. Cantidad de familias de Acogimiento Familiar cesadas por Departamento, según propuesta de atención.",Familia Amiga y Alternativa Familiar,Treinta y Tres,total,0.0,cantidad
Cuadro 7,"Cuadro 7. Cantidad de familias de Acogimiento Familiar cesadas por Departamento, según propuesta de atención.",Familia Amiga y Alternativa Familiar,Total país,Total,3.0,cantidad
Cuadro 7,"Cuadro 7. Cantidad de familias de Acogimiento Familiar cesadas por Departamento, según propuesta de atención.",Amiga Parcial,Artigas,total,0.0,cantidad
Cuadro 7,"Cuadro 7. Cantidad de familias de Acogimiento Familiar cesadas por Departamento, según propuesta de atención.",Amiga Parcial,Canelones,total,0.0,cantidad
Cuadro 7,"Cuadro 7. Cantidad de familias de Acogimiento Familiar cesadas por Departamento, según propuesta de atención.",Amiga Parcial,Cerro Largo,total,0.0,cantidad
Cuadro 7,"Cuadro 7. Cantidad de familias de Acogimiento Familiar cesadas por Departamento, según propuesta de atención.",Amiga Parcial,Colonia,total,0.0,cantidad
Cuadro 7,"Cuadro 7. Cantidad de familias de Acogimiento Familiar cesadas por Departamento, según propuesta de atención.",Amiga Parcial,Durazno,total,0.0,cantidad
Cuadro 7,"Cuadro 7. Cantidad de familias de Acogimiento Familiar cesadas por Departamento, según propuesta de atención.",Amiga Parcial,Maldonado,total,0.0,cantidad
Cuadro 7,"Cuadro 7. Cantidad de familias de Acogimiento Familiar cesadas por Departamento, según propuesta de atención.",Amiga Parcial,Montevideo,total,0.0,cantidad
Cuadro 7,"Cuadro 7. Cantidad de familias de Acogimiento Familiar cesadas por Departamento, según propuesta de atención.",Amiga Parcial,Paysandú,total,0.0,cantidad
Cuadro 7,"Cuadro 7. Cantidad de familias de Acogimiento Familiar cesadas por Departamento, según propuesta de atención.",Amiga Parcial,San José,total,0.0,cantidad
Cuadro 7,"Cuadro 7. Cantidad de familias de Acogimiento Familiar cesadas por Departamento, según propuesta de atención.",Amiga Parcial,Soriano,total,0.0,cantidad
Cuadro 7,"Cuadro 7. Cantidad de familias de Acogimiento Familiar cesadas por Departamento, según propuesta de atención.",Amiga Parcial,Treinta y Tres,total,0.0,cantidad
Cuadro 7,"Cuadro 7. Cantidad de familias de Acogimiento Familiar cesadas por Departamento, según propuesta de atención.",Amiga Parcial,Total país,Total,0.0,cantidad
Cuadro 7,"Cuadro 7. Cantidad de familias de Acogimiento Familiar cesadas por Departamento, según propuesta de atención.",Amiga,Artigas,total,0.0,cantidad
Cuadro 7,"Cuadro 7. Cantidad de familias de Acogimiento Familiar cesadas por Departamento, según propuesta de atención.",Amiga,Canelones,total,1.0,cantidad
Cuadro 7,"Cuadro 7. Cantidad de familias de Acogimiento Familiar cesadas por Departamento, según propuesta de atención.",Amiga,Cerro Largo,total,0.0,cantidad
Cuadro 7,"Cuadro 7. Cantidad de familias de Acogimiento Familiar cesadas por Departamento, según propuesta de atención.",Amiga,Colonia,total,0.0,cantidad
Cuadro 7,"Cuadro 7. Cantidad de familias de Acogimiento Familiar cesadas por Departamento, según propuesta de atención.",Amiga,Durazno,total,1.0,cantidad
Cuadro 7,"Cuadro 7. Cantidad de familias de Acogimiento Familiar cesadas por Departamento, según propuesta de atención.",Amiga,Maldonado,total,0.0,cantidad
Cuadro 7,"Cuadro 7. Cantidad de familias de Acogimiento Familiar cesadas por Departamento, según propuesta de atención.",Amiga,Montevideo,total,0.0,cantidad
Cuadro 7,"Cuadro 7. Cantidad de familias de Acogimiento Familiar cesadas por Departamento, según propuesta de atención.",Amiga,Paysandú,total,0.0,cantidad
Cuadro 7,"Cuadro 7. Cantidad de familias de Acogimiento Familiar cesadas por Departamento, según propuesta de atención.",Amiga,San José,total,1.0,cantidad
Cuadro 7,"Cuadro 7. Cantidad de familias de Acogimiento Familiar cesadas por Departamento, según propuesta de atención.",Amiga,Soriano,total,0.0,cantidad
Cuadro 7,"Cuadro 7. Cantidad de familias de Acogimiento Familiar cesadas por Departamento, según propuesta de atención.",Amiga,Treinta y Tres,total,0.0,cantidad
Cuadro 7,"Cuadro 7. Cantidad de familias de Acogimiento Familiar cesadas por Departamento, según propuesta de atención.",Amiga,Total país,Total,3.0,cantidad
Cuadro 7,"Cuadro 7. Cantidad de familias de Acogimiento Familiar cesadas por Departamento, según propuesta de atención.",Amiga Urgencia,Artigas,total,0.0,cantidad
Cuadro 7,"Cuadro 7. Cantidad de familias de Acogimiento Familiar cesadas por Departamento, según propuesta de atención.",Amiga Urgencia,Canelones,total,0.0,cantidad
Cuadro 7,"Cuadro 7. Cantidad de familias de Acogimiento Familiar cesadas por Departamento, según propuesta de atención.",Amiga Urgencia,Cerro Largo,total,0.0,cantidad
Cuadro 7,"Cuadro 7. Cantidad de familias de Acogimiento Familiar cesadas por Departamento, según propuesta de atención.",Amiga Urgencia,Colonia,total,0.0,cantidad
Cuadro 7,"Cuadro 7. Cantidad de familias de Acogimiento Familiar cesadas por Departamento, según propuesta de atención.",Amiga Urgencia,Durazno,total,0.0,cantidad
Cuadro 7,"Cuadro 7. Cantidad de familias de Acogimiento Familiar cesadas por Departamento, según propuesta de atención.",Amiga Urgencia,Maldonado,total,0.0,cantidad
Cuadro 7,"Cuadro 7. Cantidad de familias de Acogimiento Familiar cesadas por Departamento, según propuesta de atención.",Amiga Urgencia,Montevideo,total,0.0,cantidad
Cuadro 7,"Cuadro 7. Cantidad de familias de Acogimiento Familiar cesadas por Departamento, según propuesta de atención.",Amiga Urgencia,Paysandú,total,0.0,cantidad
Cuadro 7,"Cuadro 7. Cantidad de familias de Acogimiento Familiar cesadas por Departamento, según propuesta de atención.",Amiga Urgencia,San José,total,0.0,cantidad
Cuadro 7,"Cuadro 7. Cantidad de familias de Acogimiento Familiar cesadas por Departamento, según propuesta de atención.",Amiga Urgencia,Soriano,total,0.0,cantidad
Cuadro 7,"Cuadro 7. Cantidad de familias de Acogimiento Familiar cesadas por Departamento, según propuesta de atención.",Amiga Urgencia,Treinta y Tres,total,0.0,cantidad
Cuadro 7,"Cuadro 7. Cantidad de familias de Acogimiento Familiar cesadas por Departamento, según propuesta de atención.",Amiga Urgencia,Total país,Total,0.0,cantidad
Cuadro 7,"Cuadro 7. Cantidad de familias de Acogimiento Familiar cesadas por Departamento, según propuesta de atención.",Cuidadoras 1a. Atención/ Hogares Alternativa Familiar,Artigas,total,0.0,cantidad
Cuadro 7,"Cuadro 7. Cantidad de familias de Acogimiento Familiar cesadas por Departamento, según propuesta de atención.",Cuidadoras 1a. Atención/ Hogares Alternativa Familiar,Canelones,total,0.0,cantidad
Cuadro 7,"Cuadro 7. Cantidad de familias de Acogimiento Familiar cesadas por Departamento, según propuesta de atención.",Cuidadoras 1a. Atención/ Hogares Alternativa Familiar,Cerro Largo,total,0.0,cantidad
Cuadro 7,"Cuadro 7. Cantidad de familias de Acogimiento Familiar cesadas por Departamento, según propuesta de atención.",Cuidadoras 1a. Atención/ Hogares Alternativa Familiar,Colonia,total,0.0,cantidad
Cuadro 7,"Cuadro 7. Cantidad de familias de Acogimiento Familiar cesadas por Departamento, según propuesta de atención.",Cuidadoras 1a. Atención/ Hogares Alternativa Familiar,Durazno,total,0.0,cantidad
Cuadro 7,"Cuadro 7. Cantidad de familias de Acogimiento Familiar cesadas por Departamento, según propuesta de atención.",Cuidadoras 1a. Atención/ Hogares Alternativa Familiar,Maldonado,total,0.0,cantidad
Cuadro 7,"Cuadro 7. Cantidad de familias de Acogimiento Familiar cesadas por Departamento, según propuesta de atención.",Cuidadoras 1a. Atención/ Hogares Alternativa Familiar,Montevideo,total,0.0,cantidad
Cuadro 7,"Cuadro 7. Cantidad de familias de Acogimiento Familiar cesadas por Departamento, según propuesta de atención.",Cuidadoras 1a. Atención/ Hogares Alternativa Familiar,Paysandú,total,0.0,cantidad
Cuadro 7,"Cuadro 7. Cantidad de familias de Acogimiento Familiar cesadas por Departamento, según propuesta de atención.",Cuidadoras 1a. Atención/ Hogares Alternativa Familiar,San José,total,0.0,cantidad
Cuadro 7,"Cuadro 7. Cantidad de familias de Acogimiento Familiar cesadas por Departamento, según propuesta de atención.",Cuidadoras 1a. Atención/ Hogares Alternativa Familiar,Soriano,total,0.0,cantidad
Cuadro 7,"Cuadro 7. Cantidad de familias de Acogimiento Familiar cesadas por Departamento, según propuesta de atención.",Cuidadoras 1a. Atención/ Hogares Alternativa Familiar,Treinta y Tres,total,0.0,cantidad
Cuadro 7,"Cuadro 7. Cantidad de familias de Acogimiento Familiar cesadas por Departamento, según propuesta de atención.",Cuidadoras 1a. Atención/ Hogares Alternativa Familiar,Total país,Total,0.0,cantidad
Cuadro 7,"Cuadro 7. Cantidad de familias de Acogimiento Familiar cesadas por Departamento, según propuesta de atención.",Familia Extensa,Artigas,total,1.0,cantidad
Cuadro 7,"Cuadro 7. Cantidad de familias de Acogimiento Familiar cesadas por Departamento, según propuesta de atención.",Familia Extensa,Canelones,total,4.0,cantidad
Cuadro 7,"Cuadro 7. Cantidad de familias de Acogimiento Familiar cesadas por Departamento, según propuesta de atención.",Familia Extensa,Cerro Largo,total,0.0,cantidad
Cuadro 7,"Cuadro 7. Cantidad de familias de Acogimiento Familiar cesadas por Departamento, según propuesta de atención.",Familia Extensa,Colonia,total,0.0,cantidad
Cuadro 7,"Cuadro 7. Cantidad de familias de Acogimiento Familiar cesadas por Departamento, según propuesta de atención.",Familia Extensa,Durazno,total,0.0,cantidad
Cuadro 7,"Cuadro 7. Cantidad de familias de Acogimiento Familiar cesadas por Departamento, según propuesta de atención.",Familia Extensa,Maldonado,total,0.0,cantidad
Cuadro 7,"Cuadro 7. Cantidad de familias de Acogimiento Familiar cesadas por Departamento, según propuesta de atención.",Familia Extensa,Montevideo,total,4.0,cantidad
Cuadro 7,"Cuadro 7. Cantidad de familias de Acogimiento Familiar cesadas por Departamento, según propuesta de atención.",Familia Extensa,Paysandú,total,9.0,cantidad
Cuadro 7,"Cuadro 7. Cantidad de familias de Acogimiento Familiar cesadas por Departamento, según propuesta de atención.",Familia Extensa,San José,total,0.0,cantidad
Cuadro 7,"Cuadro 7. Cantidad de familias de Acogimiento Familiar cesadas por Departamento, según propuesta de atención.",Familia Extensa,Soriano,total,2.0,cantidad
Cuadro 7,"Cuadro 7. Cantidad de familias de Acogimiento Familiar cesadas por Departamento, según propuesta de atención.",Familia Extensa,Treinta y Tres,total,1.0,cantidad
Cuadro 7,"Cuadro 7. Cantidad de familias de Acogimiento Familiar cesadas por Departamento, según propuesta de atención.",Familia Extensa,Total país,Total,21.0,cantidad
Cuadro 7,"Cuadro 7. Cantidad de familias de Acogimiento Familiar cesadas por Departamento, según propuesta de atención.",Extensa Parcial,Artigas,total,0.0,cantidad
Cuadro 7,"Cuadro 7. Cantidad de familias de Acogimiento Familiar cesadas por Departamento, según propuesta de atención.",Extensa Parcial,Canelones,total,0.0,cantidad
Cuadro 7,"Cuadro 7. Cantidad de familias de Acogimiento Familiar cesadas por Departamento, según propuesta de atención.",Extensa Parcial,Cerro Largo,total,0.0,cantidad
Cuadro 7,"Cuadro 7. Cantidad de familias de Acogimiento Familiar cesadas por Departamento, según propuesta de atención.",Extensa Parcial,Colonia,total,0.0,cantidad
Cuadro 7,"Cuadro 7. Cantidad de familias de Acogimiento Familiar cesadas por Departamento, según propuesta de atención.",Extensa Parcial,Durazno,total,0.0,cantidad
Cuadro 7,"Cuadro 7. Cantidad de familias de Acogimiento Familiar cesadas por Departamento, según propuesta de atención.",Extensa Parcial,Maldonado,total,0.0,cantidad
Cuadro 7,"Cuadro 7. Cantidad de familias de Acogimiento Familiar cesadas por Departamento, según propuesta de atención.",Extensa Parcial,Montevideo,total,0.0,cantidad
Cuadro 7,"Cuadro 7. Cantidad de familias de Acogimiento Familiar cesadas por Departamento, según propuesta de atención.",Extensa Parcial,Paysandú,total,0.0,cantidad
Cuadro 7,"Cuadro 7. Cantidad de familias de Acogimiento Familiar cesadas por Departamento, según propuesta de atención.",Extensa Parcial,San José,total,0.0,cantidad
Cuadro 7,"Cuadro 7. Cantidad de familias de Acogimiento Familiar cesadas por Departamento, según propuesta de atención.",Extensa Parcial,Soriano,total,0.0,cantidad
Cuadro 7,"Cuadro 7. Cantidad de familias de Acogimiento Familiar cesadas por Departamento, según propuesta de atención.",Extensa Parcial,Treinta y Tres,total,0.0,cantidad
Cuadro 7,"Cuadro 7. Cantidad de familias de Acogimiento Familiar cesadas por Departamento, según propuesta de atención.",Extensa Parcial,Total país,Total,0.0,cantidad
Cuadro 7,"Cuadro 7. Cantidad de familias de Acogimiento Familiar cesadas por Departamento, según propuesta de atención.",Extensa,Artigas,total,1.0,cantidad
Cuadro 7,"Cuadro 7. Cantidad de familias de Acogimiento Familiar cesadas por Departamento, según propuesta de atención.",Extensa,Canelones,total,4.0,cantidad
Cuadro 7,"Cuadro 7. Cantidad de familias de Acogimiento Familiar cesadas por Departamento, según propuesta de atención.",Extensa,Cerro Largo,total,0.0,cantidad
Cuadro 7,"Cuadro 7. Cantidad de familias de Acogimiento Familiar cesadas por Departamento, según propuesta de atención.",Extensa,Colonia,total,0.0,cantidad
Cuadro 7,"Cuadro 7. Cantidad de familias de Acogimiento Familiar cesadas por Departamento, según propuesta de atención.",Extensa,Durazno,total,0.0,cantidad
Cuadro 7,"Cuadro 7. Cantidad de familias de Acogimiento Familiar cesadas por Departamento, según propuesta de atención.",Extensa,Maldonado,total,0.0,cantidad
Cuadro 7,"Cuadro 7. Cantidad de familias de Acogimiento Familiar cesadas por Departamento, según propuesta de atención.",Extensa,Montevideo,total,4.0,cantidad
Cuadro 7,"Cuadro 7. Cantidad de familias de Acogimiento Familiar cesadas por Departamento, según propuesta de atención.",Extensa,Paysandú,total,9.0,cantidad
Cuadro 7,"Cuadro 7. Cantidad de familias de Acogimiento Familiar cesadas por Departamento, según propuesta de atención.",Extensa,San José,total,0.0,cantidad
Cuadro 7,"Cuadro 7. Cantidad de familias de Acogimiento Familiar cesadas por Departamento, según propuesta de atención.",Extensa,Soriano,total,2.0,cantidad
Cuadro 7,"Cuadro 7. Cantidad de familias de Acogimiento Familiar cesadas por Departamento, según propuesta de atención.",Extensa,Treinta y Tres,total,1.0,cantidad
Cuadro 7,"Cuadro 7. Cantidad de familias de Acogimiento Familiar cesadas por Departamento, según propuesta de atención.",Extensa,Total país,Total,21.0,cantidad
Cuadro 7,"Cuadro 7. Cantidad de familias de Acogimiento Familiar cesadas por Departamento, según propuesta de atención.",Familia Afinidad,Artigas,total,0.0,cantidad
Cuadro 7,"Cuadro 7. Cantidad de familias de Acogimiento Familiar cesadas por Departamento, según propuesta de atención.",Familia Afinidad,Canelones,total,0.0,cantidad
Cuadro 7,"Cuadro 7. Cantidad de familias de Acogimiento Familiar cesadas por Departamento, según propuesta de atención.",Familia Afinidad,Cerro Largo,total,1.0,cantidad
Cuadro 7,"Cuadro 7. Cantidad de familias de Acogimiento Familiar cesadas por Departamento, según propuesta de atención.",Familia Afinidad,Colonia,total,0.0,cantidad
Cuadro 7,"Cuadro 7. Cantidad de familias de Acogimiento Familiar cesadas por Departamento, según propuesta de atención.",Familia Afinidad,Durazno,total,0.0,cantidad
Cuadro 7,"Cuadro 7. Cantidad de familias de Acogimiento Familiar cesadas por Departamento, según propuesta de atención.",Familia Afinidad,Maldonado,total,1.0,cantidad
Cuadro 7,"Cuadro 7. Cantidad de familias de Acogimiento Familiar cesadas por Departamento, según propuesta de atención.",Familia Afinidad,Montevideo,total,2.0,cantidad
Cuadro 7,"Cuadro 7. Cantidad de familias de Acogimiento Familiar cesadas por Departamento, según propuesta de atención.",Familia Afinidad,Paysandú,total,1.0,cantidad
Cuadro 7,"Cuadro 7. Cantidad de familias de Acogimiento Familiar cesadas por Departamento, según propuesta de atención.",Familia Afinidad,San José,total,0.0,cantidad
Cuadro 7,"Cuadro 7. Cantidad de familias de Acogimiento Familiar cesadas por Departamento, según propuesta de atención.",Familia Afinidad,Soriano,total,0.0,cantidad
Cuadro 7,"Cuadro 7. Cantidad de familias de Acogimiento Familiar cesadas por Departamento, según propuesta de atención.",Familia Afinidad,Treinta y Tres,total,0.0,cantidad
Cuadro 7,"Cuadro 7. Cantidad de familias de Acogimiento Familiar cesadas por Departamento, según propuesta de atención.",Familia Afinidad,Total país,Total,5.0,cantidad
Cuadro 7,"Cuadro 7. Cantidad de familias de Acogimiento Familiar cesadas por Departamento, según propuesta de atención.",Afinidad Parcial,Artigas,total,0.0,cantidad
Cuadro 7,"Cuadro 7. Cantidad de familias de Acogimiento Familiar cesadas por Departamento, según propuesta de atención.",Afinidad Parcial,Canelones,total,0.0,cantidad
Cuadro 7,"Cuadro 7. Cantidad de familias de Acogimiento Familiar cesadas por Departamento, según propuesta de atención.",Afinidad Parcial,Cerro Largo,total,0.0,cantidad
Cuadro 7,"Cuadro 7. Cantidad de familias de Acogimiento Familiar cesadas por Departamento, según propuesta de atención.",Afinidad Parcial,Colonia,total,0.0,cantidad
Cuadro 7,"Cuadro 7. Cantidad de familias de Acogimiento Familiar cesadas por Departamento, según propuesta de atención.",Afinidad Parcial,Durazno,total,0.0,cantidad
Cuadro 7,"Cuadro 7. Cantidad de familias de Acogimiento Familiar cesadas por Departamento, según propuesta de atención.",Afinidad Parcial,Maldonado,total,0.0,cantidad
Cuadro 7,"Cuadro 7. Cantidad de familias de Acogimiento Familiar cesadas por Departamento, según propuesta de atención.",Afinidad Parcial,Montevideo,total,0.0,cantidad
Cuadro 7,"Cuadro 7. Cantidad de familias de Acogimiento Familiar cesadas por Departamento, según propuesta de atención.",Afinidad Parcial,Paysandú,total,0.0,cantidad
Cuadro 7,"Cuadro 7. Cantidad de familias de Acogimiento Familiar cesadas por Departamento, según propuesta de atención.",Afinidad Parcial,San José,total,0.0,cantidad
Cuadro 7,"Cuadro 7. Cantidad de familias de Acogimiento Familiar cesadas por Departamento, según propuesta de atención.",Afinidad Parcial,Soriano,total,0.0,cantidad
Cuadro 7,"Cuadro 7. Cantidad de familias de Acogimiento Familiar cesadas por Departamento, según propuesta de atención.",Afinidad Parcial,Treinta y Tres,total,0.0,cantidad
Cuadro 7,"Cuadro 7. Cantidad de familias de Acogimiento Familiar cesadas por Departamento, según propuesta de atención.",Afinidad Parcial,Total país,Total,0.0,cantidad
Cuadro 7,"Cuadro 7. Cantidad de familias de Acogimiento Familiar cesadas por Departamento, según propuesta de atención.",Afinidad,Artigas,total,0.0,cantidad
Cuadro 7,"Cuadro 7. Cantidad de familias de Acogimiento Familiar cesadas por Departamento, según propuesta de atención.",Afinidad,Canelones,total,0.0,cantidad
Cuadro 7,"Cuadro 7. Cantidad de familias de Acogimiento Familiar cesadas por Departamento, según propuesta de atención.",Afinidad,Cerro Largo,total,1.0,cantidad
Cuadro 7,"Cuadro 7. Cantidad de familias de Acogimiento Familiar cesadas por Departamento, según propuesta de atención.",Afinidad,Colonia,total,0.0,cantidad
Cuadro 7,"Cuadro 7. Cantidad de familias de Acogimiento Familiar cesadas por Departamento, según propuesta de atención.",Afinidad,Durazno,total,0.0,cantidad
Cuadro 7,"Cuadro 7. Cantidad de familias de Acogimiento Familiar cesadas por Departamento, según propuesta de atención.",Afinidad,Maldonado,total,1.0,cantidad
Cuadro 7,"Cuadro 7. Cantidad de familias de Acogimiento Familiar cesadas por Departamento, según propuesta de atención.",Afinidad,Montevideo,total,2.0,cantidad
Cuadro 7,"Cuadro 7. Cantidad de familias de Acogimiento Familiar cesadas por Departamento, según propuesta de atención.",Afinidad,Paysandú,total,1.0,cantidad
Cuadro 7,"Cuadro 7. Cantidad de familias de Acogimiento Familiar cesadas por Departamento, según propuesta de atención.",Afinidad,San José,total,0.0,cantidad
Cuadro 7,"Cuadro 7. Cantidad de familias de Acogimiento Familiar cesadas por Departamento, según propuesta de atención.",Afinidad,Soriano,total,0.0,cantidad
Cuadro 7,"Cuadro 7. Cantidad de familias de Acogimiento Familiar cesadas por Departamento, según propuesta de atención.",Afinidad,Treinta y Tres,total,0.0,cantidad
Cuadro 7,"Cuadro 7. Cantidad de familias de Acogimiento Familiar cesadas por Departamento, según propuesta de atención.",Afinidad,Total país,Total,5.0,cantidad
Cuadro 7,"Cuadro 7. Cantidad de familias de Acogimiento Familiar cesadas por Departamento, según propuesta de atención.",Total general,Artigas,total,1.0,cantidad
Cuadro 7,"Cuadro 7. Cantidad de familias de Acogimiento Familiar cesadas por Departamento, según propuesta de atención.",Total general,Canelones,total,5.0,cantidad
Cuadro 7,"Cuadro 7. Cantidad de familias de Acogimiento Familiar cesadas por Departamento, según propuesta de atención.",Total general,Cerro Largo,total,1.0,cantidad
Cuadro 7,"Cuadro 7. Cantidad de familias de Acogimiento Familiar cesadas por Departamento, según propuesta de atención.",Total general,Colonia,total,0.0,cantidad
Cuadro 7,"Cuadro 7. Cantidad de familias de Acogimiento Familiar cesadas por Departamento, según propuesta de atención.",Total general,Durazno,total,1.0,cantidad
Cuadro 7,"Cuadro 7. Cantidad de familias de Acogimiento Familiar cesadas por Departamento, según propuesta de atención.",Total general,Maldonado,total,1.0,cantidad
Cuadro 7,"Cuadro 7. Cantidad de familias de Acogimiento Familiar cesadas por Departamento, según propuesta de atención.",Total general,Montevideo,total,6.0,cantidad
Cuadro 7,"Cuadro 7. Cantidad de familias de Acogimiento Familiar cesadas por Departamento, según propuesta de atención.",Total general,Paysandú,total,10.0,cantidad
Cuadro 7,"Cuadro 7. Cantidad de familias de Acogimiento Familiar cesadas por Departamento, según propuesta de atención.",Total general,San José,total,1.0,cantidad
Cuadro 7,"Cuadro 7. Cantidad de familias de Acogimiento Familiar cesadas por Departamento, según propuesta de atención.",Total general,Soriano,total,2.0,cantidad
Cuadro 7,"Cuadro 7. Cantidad de familias de Acogimiento Familiar cesadas por Departamento, según propuesta de atención.",Total general,Treinta y Tres,total,1.0,cantidad
Cuadro 7,"Cuadro 7. Cantidad de familias de Acogimiento Familiar cesadas por Departamento, según propuesta de atención.",Total general,Total país,Total,29.0,cantidad
