cuadro,titulo,fila,departamento,columna,valor,unidad
Cuadro 1,"Cuadro 1. Cantidad de niños, niñas y adolescentes vinculados a Dispositivos/ Acogimientos Familiares y Centros de Protección Especial, por lugar donde se encuentra residiendo,",Primera Infancia,Total país,Familia de Origen2,61.0,cantidad
Cuadro 1,"Cuadro 1. Cantidad de niños, niñas y adolescentes vinculados a Dispositivos/ Acogimientos Familiares y Centros de Protección Especial, por lugar donde se encuentra residiendo,",Primera Infancia,Total país,Contexto Familiar propio3,195.0,cantidad
Cuadro 1,"Cuadro 1. Cantidad de niños, niñas y adolescentes vinculados a Dispositivos/ Acogimientos Familiares y Centros de Protección Especial, por lugar donde se encuentra residiendo,",Primera Infancia,Total país,Acogimiento Familiar propio4,406.0,cantidad
Cuadro 1,"Cuadro 1. Cantidad de niños, niñas y adolescentes vinculados a Dispositivos/ Acogimientos Familiares y Centros de Protección Especial, por lugar donde se encuentra residiendo,",Primera Infancia,Total país,Acogimiento Familiar amigo5,74.0,cantidad
Cuadro 1,"Cuadro 1. Cantidad de niños, niñas y adolescentes vinculados a Dispositivos/ Acogimientos Familiares y Centros de Protección Especial, por lugar donde se encuentra residiendo,",Primera Infancia,Total país,Cuidado Residencial6,299.0,cantidad
Cuadro 1,"Cuadro 1. Cantidad de niños, niñas y adolescentes vinculados a Dispositivos/ Acogimientos Familiares y Centros de Protección Especial, por lugar donde se encuentra residiendo,",Primera Infancia,Total país,Con Familia Adoptiva7,312.0,cantidad
Cuadro 1,"Cuadro 1. Cantidad de niños, niñas y adolescentes vinculados a Dispositivos/ Acogimientos Familiares y Centros de Protección Especial, por lugar donde se encuentra residiendo,",Primera Infancia,Total país,total,1347.0,cantidad
Cuadro 1,"Cuadro 1. Cantidad de niños, niñas y adolescentes vinculados a Dispositivos/ Acogimientos Familiares y Centros de Protección Especial, por lugar donde se encuentra residiendo,",Mujeres,Total país,Familia de Origen2,38.0,cantidad
Cuadro 1,"Cuadro 1. Cantidad de niños, niñas y adolescentes vinculados a Dispositivos/ Acogimientos Familiares y Centros de Protección Especial, por lugar donde se encuentra residiendo,",Mujeres,Total país,Contexto Familiar propio3,96.0,cantidad
Cuadro 1,"Cuadro 1. Cantidad de niños, niñas y adolescentes vinculados a Dispositivos/ Acogimientos Familiares y Centros de Protección Especial, por lugar donde se encuentra residiendo,",Mujeres,Total país,Acogimiento Familiar propio4,209.0,cantidad
Cuadro 1,"Cuadro 1. Cantidad de niños, niñas y adolescentes vinculados a Dispositivos/ Acogimientos Familiares y Centros de Protección Especial, por lugar donde se encuentra residiendo,",Mujeres,Total país,Acogimiento Familiar amigo5,31.0,cantidad
Cuadro 1,"Cuadro 1. Cantidad de niños, niñas y adolescentes vinculados a Dispositivos/ Acogimientos Familiares y Centros de Protección Especial, por lugar donde se encuentra residiendo,",Mujeres,Total país,Cuidado Residencial6,129.0,cantidad
Cuadro 1,"Cuadro 1. Cantidad de niños, niñas y adolescentes vinculados a Dispositivos/ Acogimientos Familiares y Centros de Protección Especial, por lugar donde se encuentra residiendo,",Mujeres,Total país,Con Familia Adoptiva7,137.0,cantidad
Cuadro 1,"Cuadro 1. Cantidad de niños, niñas y adolescentes vinculados a Dispositivos/ Acogimientos Familiares y Centros de Protección Especial, por lugar donde se encuentra residiendo,",Mujeres,Total país,total,640.0,cantidad
Cuadro 1,"Cuadro 1. Cantidad de niños, niñas y adolescentes vinculados a Dispositivos/ Acogimientos Familiares y Centros de Protección Especial, por lugar donde se encuentra residiendo,",Varones,Total país,Familia de Origen2,23.0,cantidad
Cuadro 1,"Cuadro 1. Cantidad de niños, niñas y adolescentes vinculados a Dispositivos/ Acogimientos Familiares y Centros de Protección Especial, por lugar donde se encuentra residiendo,",Varones,Total país,Contexto Familiar propio3,99.0,cantidad
Cuadro 1,"Cuadro 1. Cantidad de niños, niñas y adolescentes vinculados a Dispositivos/ Acogimientos Familiares y Centros de Protección Especial, por lugar donde se encuentra residiendo,",Varones,Total país,Acogimiento Familiar propio4,197.0,cantidad
Cuadro 1,"Cuadro 1. Cantidad de niños, niñas y adolescentes vinculados a Dispositivos/ Acogimientos Familiares y Centros de Protección Especial, por lugar donde se encuentra residiendo,",Varones,Total país,Acogimiento Familiar amigo5,43.0,cantidad
Cuadro 1,"Cuadro 1. Cantidad de niños, niñas y adolescentes vinculados a Dispositivos/ Acogimientos Familiares y Centros de Protección Especial, por lugar donde se encuentra residiendo,",Varones,Total país,Cuidado Residencial6,170.0,cantidad
Cuadro 1,"Cuadro 1. Cantidad de niños, niñas y adolescentes vinculados a Dispositivos/ Acogimientos Familiares y Centros de Protección Especial, por lugar donde se encuentra residiendo,",Varones,Total país,Con Familia Adoptiva7,175.0,cantidad
Cuadro 1,"Cuadro 1. Cantidad de niños, niñas y adolescentes vinculados a Dispositivos/ Acogimientos Familiares y Centros de Protección Especial, por lugar donde se encuentra residiendo,",Varones,Total país,total,707.0,cantidad
Cuadro 1,"Cuadro 1. Cantidad de niños, niñas y adolescentes vinculados a Dispositivos/ Acogimientos Familiares y Centros de Protección Especial, por lugar donde se encuentra residiendo,",Infancia,Total país,Familia de Origen2,152.0,cantidad
Cuadro 1,"Cuadro 1. Cantidad de niños, niñas y adolescentes vinculados a Dispositivos/ Acogimientos Familiares y Centros de Protección Especial, por lugar donde se encuentra residiendo,",Infancia,Total país,Contexto Familiar propio3,469.0,cantidad
Cuadro 1,"Cuadro 1. Cantidad de niños, niñas y adolescentes vinculados a Dispositivos/ Acogimientos Familiares y Centros de Protección Especial, por lugar donde se encuentra residiendo,",Infancia,Total país,Acogimiento Familiar propio4,1453.0,cantidad
Cuadro 1,"Cuadro 1. Cantidad de niños, niñas y adolescentes vinculados a Dispositivos/ Acogimientos Familiares y Centros de Protección Especial, por lugar donde se encuentra residiendo,",Infancia,Total país,Acogimiento Familiar amigo5,152.0,cantidad
Cuadro 1,"Cuadro 1. Cantidad de niños, niñas y adolescentes vinculados a Dispositivos/ Acogimientos Familiares y Centros de Protección Especial, por lugar donde se encuentra residiendo,",Infancia,Total país,Cuidado Residencial6,899.0,cantidad
Cuadro 1,"Cuadro 1. Cantidad de niños, niñas y adolescentes vinculados a Dispositivos/ Acogimientos Familiares y Centros de Protección Especial, por lugar donde se encuentra residiendo,",Infancia,Total país,Con Familia Adoptiva7,227.0,cantidad
Cuadro 1,"Cuadro 1. Cantidad de niños, niñas y adolescentes vinculados a Dispositivos/ Acogimientos Familiares y Centros de Protección Especial, por lugar donde se encuentra residiendo,",Infancia,Total país,total,3352.0,cantidad
Cuadro 1,"Cuadro 1. Cantidad de niños, niñas y adolescentes vinculados a Dispositivos/ Acogimientos Familiares y Centros de Protección Especial, por lugar donde se encuentra residiendo,",Mujeres,Total país,Familia de Origen2,72.0,cantidad
Cuadro 1,"Cuadro 1. Cantidad de niños, niñas y adolescentes vinculados a Dispositivos/ Acogimientos Familiares y Centros de Protección Especial, por lugar donde se encuentra residiendo,",Mujeres,Total país,Contexto Familiar propio3,224.0,cantidad
Cuadro 1,"Cuadro 1. Cantidad de niños, niñas y adolescentes vinculados a Dispositivos/ Acogimientos Familiares y Centros de Protección Especial, por lugar donde se encuentra residiendo,",Mujeres,Total país,Acogimiento Familiar propio4,752.0,cantidad
Cuadro 1,"Cuadro 1. Cantidad de niños, niñas y adolescentes vinculados a Dispositivos/ Acogimientos Familiares y Centros de Protección Especial, por lugar donde se encuentra residiendo,",Mujeres,Total país,Acogimiento Familiar amigo5,77.0,cantidad
Cuadro 1,"Cuadro 1. Cantidad de niños, niñas y adolescentes vinculados a Dispositivos/ Acogimientos Familiares y Centros de Protección Especial, por lugar donde se encuentra residiendo,",Mujeres,Total país,Cuidado Residencial6,420.0,cantidad
Cuadro 1,"Cuadro 1. Cantidad de niños, niñas y adolescentes vinculados a Dispositivos/ Acogimientos Familiares y Centros de Protección Especial, por lugar donde se encuentra residiendo,",Mujeres,Total país,Con Familia Adoptiva7,105.0,cantidad
Cuadro 1,"Cuadro 1. Cantidad de niños, niñas y adolescentes vinculados a Dispositivos/ Acogimientos Familiares y Centros de Protección Especial, por lugar donde se encuentra residiendo,",Mujeres,Total país,total,1650.0,cantidad
Cuadro 1,"Cuadro 1. Cantidad de niños, niñas y adolescentes vinculados a Dispositivos/ Acogimientos Familiares y Centros de Protección Especial, por lugar donde se encuentra residiendo,",Varones,Total país,Familia de Origen2,80.0,cantidad
Cuadro 1,"Cuadro 1. Cantidad de niños, niñas y adolescentes vinculados a Dispositivos/ Acogimientos Familiares y Centros de Protección Especial, por lugar donde se encuentra residiendo,",Varones,Total país,Contexto Familiar propio3,245.0,cantidad
Cuadro 1,"Cuadro 1. Cantidad de niños, niñas y adolescentes vinculados a Dispositivos/ Acogimientos Familiares y Centros de Protección Especial, por lugar donde se encuentra residiendo,",Varones,Total país,Acogimiento Familiar propio4,701.0,cantidad
Cuadro 1,"Cuadro 1. Cantidad de niños, niñas y adolescentes vinculados a Dispositivos/ Acogimientos Familiares y Centros de Protección Especial, por lugar donde se encuentra residiendo,",Varones,Total país,Acogimiento Familiar amigo5,75.0,cantidad
Cuadro 1,"Cuadro 1. Cantidad de niños, niñas y adolescentes vinculados a Dispositivos/ Acogimientos Familiares y Centros de Protección Especial, por lugar donde se encuentra residiendo,",Varones,Total país,Cuidado Residencial6,479.0,cantidad
Cuadro 1,"Cuadro 1. Cantidad de niños, niñas y adolescentes vinculados a Dispositivos/ Acogimientos Familiares y Centros de Protección Especial, por lugar donde se encuentra residiendo,",Varones,Total país,Con Familia Adoptiva7,122.0,cantidad
Cuadro 1,"Cuadro 1. Cantidad de niños, niñas y adolescentes vinculados a Dispositivos/ Acogimientos Familiares y Centros de Protección Especial, por lugar donde se encuentra residiendo,",Varones,Total país,total,1702.0,cantidad
Cuadro 1,"Cuadro 1. Cantidad de niños, niñas y adolescentes vinculados a Dispositivos/ Acogimientos Familiares y Centros de Protección Especial, por lugar donde se encuentra residiendo,",Adolescencia,Total país,Familia de Origen2,113.0,cantidad
Cuadro 1,"Cuadro 1. Cantidad de niños, niñas y adolescentes vinculados a Dispositivos/ Acogimientos Familiares y Centros de Protección Especial, por lugar donde se encuentra residiendo,",Adolescencia,Total país,Contexto Familiar propio3,450.0,cantidad
Cuadro 1,"Cuadro 1. Cantidad de niños, niñas y adolescentes vinculados a Dispositivos/ Acogimientos Familiares y Centros de Protección Especial, por lugar donde se encuentra residiendo,",Adolescencia,Total país,Acogimiento Familiar propio4,908.0,cantidad
Cuadro 1,"Cuadro 1. Cantidad de niños, niñas y adolescentes vinculados a Dispositivos/ Acogimientos Familiares y Centros de Protección Especial, por lugar donde se encuentra residiendo,",Adolescencia,Total país,Acogimiento Familiar amigo5,107.0,cantidad
Cuadro 1,"Cuadro 1. Cantidad de niños, niñas y adolescentes vinculados a Dispositivos/ Acogimientos Familiares y Centros de Protección Especial, por lugar donde se encuentra residiendo,",Adolescencia,Total país,Cuidado Residencial6,1493.0,cantidad
Cuadro 1,"Cuadro 1. Cantidad de niños, niñas y adolescentes vinculados a Dispositivos/ Acogimientos Familiares y Centros de Protección Especial, por lugar donde se encuentra residiendo,",Adolescencia,Total país,Con Familia Adoptiva7,88.0,cantidad
Cuadro 1,"Cuadro 1. Cantidad de niños, niñas y adolescentes vinculados a Dispositivos/ Acogimientos Familiares y Centros de Protección Especial, por lugar donde se encuentra residiendo,",Adolescencia,Total país,total,3159.0,cantidad
Cuadro 1,"Cuadro 1. Cantidad de niños, niñas y adolescentes vinculados a Dispositivos/ Acogimientos Familiares y Centros de Protección Especial, por lugar donde se encuentra residiendo,",Mujeres,Total país,Familia de Origen2,60.0,cantidad
Cuadro 1,"Cuadro 1. Cantidad de niños, niñas y adolescentes vinculados a Dispositivos/ Acogimientos Familiares y Centros de Protección Especial, por lugar donde se encuentra residiendo,",Mujeres,Total país,Contexto Familiar propio3,241.0,cantidad
Cuadro 1,"Cuadro 1. Cantidad de niños, niñas y adolescentes vinculados a Dispositivos/ Acogimientos Familiares y Centros de Protección Especial, por lugar donde se encuentra residiendo,",Mujeres,Total país,Acogimiento Familiar propio4,454.0,cantidad
Cuadro 1,"Cuadro 1. Cantidad de niños, niñas y adolescentes vinculados a Dispositivos/ Acogimientos Familiares y Centros de Protección Especial, por lugar donde se encuentra residiendo,",Mujeres,Total país,Acogimiento Familiar amigo5,63.0,cantidad
Cuadro 1,"Cuadro 1. Cantidad de niños, niñas y adolescentes vinculados a Dispositivos/ Acogimientos Familiares y Centros de Protección Especial, por lugar donde se encuentra residiendo,",Mujeres,Total país,Cuidado Residencial6,825.0,cantidad
Cuadro 1,"Cuadro 1. Cantidad de niños, niñas y adolescentes vinculados a Dispositivos/ Acogimientos Familiares y Centros de Protección Especial, por lugar donde se encuentra residiendo,",Mujeres,Total país,Con Familia Adoptiva7,36.0,cantidad
Cuadro 1,"Cuadro 1. Cantidad de niños, niñas y adolescentes vinculados a Dispositivos/ Acogimientos Familiares y Centros de Protección Especial, por lugar donde se encuentra residiendo,",Mujeres,Total país,total,1679.0,cantidad
Cuadro 1,"Cuadro 1. Cantidad de niños, niñas y adolescentes vinculados a Dispositivos/ Acogimientos Familiares y Centros de Protección Especial, por lugar donde se encuentra residiendo,",Varones,Total país,Familia de Origen2,53.0,cantidad
Cuadro 1,"Cuadro 1. Cantidad de niños, niñas y adolescentes vinculados a Dispositivos/ Acogimientos Familiares y Centros de Protección Especial, por lugar donde se encuentra residiendo,",Varones,Total país,Contexto Familiar propio3,209.0,cantidad
Cuadro 1,"Cuadro 1. Cantidad de niños, niñas y adolescentes vinculados a Dispositivos/ Acogimientos Familiares y Centros de Protección Especial, por lugar donde se encuentra residiendo,",Varones,Total país,Acogimiento Familiar propio4,454.0,cantidad
Cuadro 1,"Cuadro 1. Cantidad de niños, niñas y adolescentes vinculados a Dispositivos/ Acogimientos Familiares y Centros de Protección Especial, por lugar donde se encuentra residiendo,",Varones,Total país,Acogimiento Familiar amigo5,44.0,cantidad
Cuadro 1,"Cuadro 1. Cantidad de niños, niñas y adolescentes vinculados a Dispositivos/ Acogimientos Familiares y Centros de Protección Especial, por lugar donde se encuentra residiendo,",Varones,Total país,Cuidado Residencial6,668.0,cantidad
Cuadro 1,"Cuadro 1. Cantidad de niños, niñas y adolescentes vinculados a Dispositivos/ Acogimientos Familiares y Centros de Protección Especial, por lugar donde se encuentra residiendo,",Varones,Total país,Con Familia Adoptiva7,52.0,cantidad
Cuadro 1,"Cuadro 1. Cantidad de niños, niñas y adolescentes vinculados a Dispositivos/ Acogimientos Familiares y Centros de Protección Especial, por lugar donde se encuentra residiendo,",Varones,Total país,total,1480.0,cantidad
Cuadro 1,"Cuadro 1. Cantidad de niños, niñas y adolescentes vinculados a Dispositivos/ Acogimientos Familiares y Centros de Protección Especial, por lugar donde se encuentra residiendo,",Juventud,Total país,Familia de Origen2,6.0,cantidad
Cuadro 1,"Cuadro 1. Cantidad de niños, niñas y adolescentes vinculados a Dispositivos/ Acogimientos Familiares y Centros de Protección Especial, por lugar donde se encuentra residiendo,",Juventud,Total país,Contexto Familiar propio3,181.0,cantidad
Cuadro 1,"Cuadro 1. Cantidad de niños, niñas y adolescentes vinculados a Dispositivos/ Acogimientos Familiares y Centros de Protección Especial, por lugar donde se encuentra residiendo,",Juventud,Total país,Acogimiento Familiar propio4,98.0,cantidad
Cuadro 1,"Cuadro 1. Cantidad de niños, niñas y adolescentes vinculados a Dispositivos/ Acogimientos Familiares y Centros de Protección Especial, por lugar donde se encuentra residiendo,",Juventud,Total país,Acogimiento Familiar amigo5,12.0,cantidad
Cuadro 1,"Cuadro 1. Cantidad de niños, niñas y adolescentes vinculados a Dispositivos/ Acogimientos Familiares y Centros de Protección Especial, por lugar donde se encuentra residiendo,",Juventud,Total país,Cuidado Residencial6,180.0,cantidad
Cuadro 1,"Cuadro 1. Cantidad de niños, niñas y adolescentes vinculados a Dispositivos/ Acogimientos Familiares y Centros de Protección Especial, por lugar donde se encuentra residiendo,",Juventud,Total país,Con Familia Adoptiva7,6.0,cantidad
Cuadro 1,"Cuadro 1. Cantidad de niños, niñas y adolescentes vinculados a Dispositivos/ Acogimientos Familiares y Centros de Protección Especial, por lugar donde se encuentra residiendo,",Juventud,Total país,total,483.0,cantidad
Cuadro 1,"Cuadro 1. Cantidad de niños, niñas y adolescentes vinculados a Dispositivos/ Acogimientos Familiares y Centros de Protección Especial, por lugar donde se encuentra residiendo,",Mujeres,Total país,Familia de Origen2,5.0,cantidad
Cuadro 1,"Cuadro 1. Cantidad de niños, niñas y adolescentes vinculados a Dispositivos/ Acogimientos Familiares y Centros de Protección Especial, por lugar donde se encuentra residiendo,",Mujeres,Total país,Contexto Familiar propio3,109.0,cantidad
Cuadro 1,"Cuadro 1. Cantidad de niños, niñas y adolescentes vinculados a Dispositivos/ Acogimientos Familiares y Centros de Protección Especial, por lugar donde se encuentra residiendo,",Mujeres,Total país,Acogimiento Familiar propio4,57.0,cantidad
Cuadro 1,"Cuadro 1. Cantidad de niños, niñas y adolescentes vinculados a Dispositivos/ Acogimientos Familiares y Centros de Protección Especial, por lugar donde se encuentra residiendo,",Mujeres,Total país,Acogimiento Familiar amigo5,11.0,cantidad
Cuadro 1,"Cuadro 1. Cantidad de niños, niñas y adolescentes vinculados a Dispositivos/ Acogimientos Familiares y Centros de Protección Especial, por lugar donde se encuentra residiendo,",Mujeres,Total país,Cuidado Residencial6,109.0,cantidad
Cuadro 1,"Cuadro 1. Cantidad de niños, niñas y adolescentes vinculados a Dispositivos/ Acogimientos Familiares y Centros de Protección Especial, por lugar donde se encuentra residiendo,",Mujeres,Total país,Con Familia Adoptiva7,3.0,cantidad
Cuadro 1,"Cuadro 1. Cantidad de niños, niñas y adolescentes vinculados a Dispositivos/ Acogimientos Familiares y Centros de Protección Especial, por lugar donde se encuentra residiendo,",Mujeres,Total país,total,294.0,cantidad
Cuadro 1,"Cuadro 1. Cantidad de niños, niñas y adolescentes vinculados a Dispositivos/ Acogimientos Familiares y Centros de Protección Especial, por lugar donde se encuentra residiendo,",Varones,Total país,Familia de Origen2,1.0,cantidad
Cuadro 1,"Cuadro 1. Cantidad de niños, niñas y adolescentes vinculados a Dispositivos/ Acogimientos Familiares y Centros de Protección Especial, por lugar donde se encuentra residiendo,",Varones,Total país,Contexto Familiar propio3,72.0,cantidad
Cuadro 1,"Cuadro 1. Cantidad de niños, niñas y adolescentes vinculados a Dispositivos/ Acogimientos Familiares y Centros de Protección Especial, por lugar donde se encuentra residiendo,",Varones,Total país,Acogimiento Familiar propio4,41.0,cantidad
Cuadro 1,"Cuadro 1. Cantidad de niños, niñas y adolescentes vinculados a Dispositivos/ Acogimientos Familiares y Centros de Protección Especial, por lugar donde se encuentra residiendo,",Varones,Total país,Acogimiento Familiar amigo5,1.0,cantidad
Cuadro 1,"Cuadro 1. Cantidad de niños, niñas y adolescentes vinculados a Dispositivos/ Acogimientos Familiares y Centros de Protección Especial, por lugar donde se encuentra residiendo,",Varones,Total país,Cuidado Residencial6,71.0,cantidad
Cuadro 1,"Cuadro 1. Cantidad de niños, niñas y adolescentes vinculados a Dispositivos/ Acogimientos Familiares y Centros de Protección Especial, por lugar donde se encuentra residiendo,",Varones,Total país,Con Familia Adoptiva7,3.0,cantidad
Cuadro 1,"Cuadro 1. Cantidad de niños, niñas y adolescentes vinculados a Dispositivos/ Acogimientos Familiares y Centros de Protección Especial, por lugar donde se encuentra residiendo,",Varones,Total país,total,189.0,cantidad
Cuadro 1,"Cuadro 1. Cantidad de niños, niñas y adolescentes vinculados a Dispositivos/ Acogimientos Familiares y Centros de Protección Especial, por lugar donde se encuentra residiendo,",Juventud y adultez,Total país,Familia de Origen2,0.0,cantidad
Cuadro 1,"Cuadro 1. Cantidad de niños, niñas y adolescentes vinculados a Dispositivos/ Acogimientos Familiares y Centros de Protección Especial, por lugar donde se encuentra residiendo,",Juventud y adultez,Total país,Contexto Familiar propio3,24.0,cantidad
Cuadro 1,"Cuadro 1. Cantidad de niños, niñas y adolescentes vinculados a Dispositivos/ Acogimientos Familiares y Centros de Protección Especial, por lugar donde se encuentra residiendo,",Juventud y adultez,Total país,Acogimiento Familiar propio4,6.0,cantidad
Cuadro 1,"Cuadro 1. Cantidad de niños, niñas y adolescentes vinculados a Dispositivos/ Acogimientos Familiares y Centros de Protección Especial, por lugar donde se encuentra residiendo,",Juventud y adultez,Total país,Acogimiento Familiar amigo5,3.0,cantidad
Cuadro 1,"Cuadro 1. Cantidad de niños, niñas y adolescentes vinculados a Dispositivos/ Acogimientos Familiares y Centros de Protección Especial, por lugar donde se encuentra residiendo,",Juventud y adultez,Total país,Cuidado Residencial6,403.0,cantidad
Cuadro 1,"Cuadro 1. Cantidad de niños, niñas y adolescentes vinculados a Dispositivos/ Acogimientos Familiares y Centros de Protección Especial, por lugar donde se encuentra residiendo,",Juventud y adultez,Total país,Con Familia Adoptiva7,0.0,cantidad
Cuadro 1,"Cuadro 1. Cantidad de niños, niñas y adolescentes vinculados a Dispositivos/ Acogimientos Familiares y Centros de Protección Especial, por lugar donde se encuentra residiendo,",Juventud y adultez,Total país,total,436.0,cantidad
Cuadro 1,"Cuadro 1. Cantidad de niños, niñas y adolescentes vinculados a Dispositivos/ Acogimientos Familiares y Centros de Protección Especial, por lugar donde se encuentra residiendo,",Mujeres,Total país,Familia de Origen2,0.0,cantidad
Cuadro 1,"Cuadro 1. Cantidad de niños, niñas y adolescentes vinculados a Dispositivos/ Acogimientos Familiares y Centros de Protección Especial, por lugar donde se encuentra residiendo,",Mujeres,Total país,Contexto Familiar propio3,13.0,cantidad
Cuadro 1,"Cuadro 1. Cantidad de niños, niñas y adolescentes vinculados a Dispositivos/ Acogimientos Familiares y Centros de Protección Especial, por lugar donde se encuentra residiendo,",Mujeres,Total país,Acogimiento Familiar propio4,1.0,cantidad
Cuadro 1,"Cuadro 1. Cantidad de niños, niñas y adolescentes vinculados a Dispositivos/ Acogimientos Familiares y Centros de Protección Especial, por lugar donde se encuentra residiendo,",Mujeres,Total país,Acogimiento Familiar amigo5,1.0,cantidad
Cuadro 1,"Cuadro 1. Cantidad de niños, niñas y adolescentes vinculados a Dispositivos/ Acogimientos Familiares y Centros de Protección Especial, por lugar donde se encuentra residiendo,",Mujeres,Total país,Cuidado Residencial6,162.0,cantidad
Cuadro 1,"Cuadro 1. Cantidad de niños, niñas y adolescentes vinculados a Dispositivos/ Acogimientos Familiares y Centros de Protección Especial, por lugar donde se encuentra residiendo,",Mujeres,Total país,Con Familia Adoptiva7,0.0,cantidad
Cuadro 1,"Cuadro 1. Cantidad de niños, niñas y adolescentes vinculados a Dispositivos/ Acogimientos Familiares y Centros de Protección Especial, por lugar donde se encuentra residiendo,",Mujeres,Total país,total,177.0,cantidad
Cuadro 1,"Cuadro 1. Cantidad de niños, niñas y adolescentes vinculados a Dispositivos/ Acogimientos Familiares y Centros de Protección Especial, por lugar donde se encuentra residiendo,",Varones,Total país,Familia de Origen2,0.0,cantidad
Cuadro 1,"Cuadro 1. Cantidad de niños, niñas y adolescentes vinculados a Dispositivos/ Acogimientos Familiares y Centros de Protección Especial, por lugar donde se encuentra residiendo,",Varones,Total país,Contexto Familiar propio3,11.0,cantidad
Cuadro 1,"Cuadro 1. Cantidad de niños, niñas y adolescentes vinculados a Dispositivos/ Acogimientos Familiares y Centros de Protección Especial, por lugar donde se encuentra residiendo,",Varones,Total país,Acogimiento Familiar propio4,5.0,cantidad
Cuadro 1,"Cuadro 1. Cantidad de niños, niñas y adolescentes vinculados a Dispositivos/ Acogimientos Familiares y Centros de Protección Especial, por lugar donde se encuentra residiendo,",Varones,Total país,Acogimiento Familiar amigo5,2.0,cantidad
Cuadro 1,"Cuadro 1. Cantidad de niños, niñas y adolescentes vinculados a Dispositivos/ Acogimientos Familiares y Centros de Protección Especial, por lugar donde se encuentra residiendo,",Varones,Total país,Cuidado Residencial6,241.0,cantidad
Cuadro 1,"Cuadro 1. Cantidad de niños, niñas y adolescentes vinculados a Dispositivos/ Acogimientos Familiares y Centros de Protección Especial, por lugar donde se encuentra residiendo,",Varones,Total país,Con Familia Adoptiva7,0.0,cantidad
Cuadro 1,"Cuadro 1. Cantidad de niños, niñas y adolescentes vinculados a Dispositivos/ Acogimientos Familiares y Centros de Protección Especial, por lugar donde se encuentra residiendo,",Varones,Total país,total,259.0,cantidad
Cuadro 1,"Cuadro 1. Cantidad de niños, niñas y adolescentes vinculados a Dispositivos/ Acogimientos Familiares y Centros de Protección Especial, por lugar donde se encuentra residiendo,",Total,Total país,Familia de Origen2,332.0,cantidad
Cuadro 1,"Cuadro 1. Cantidad de niños, niñas y adolescentes vinculados a Dispositivos/ Acogimientos Familiares y Centros de Protección Especial, por lugar donde se encuentra residiendo,",Total,Total país,Contexto Familiar propio3,1319.0,cantidad
Cuadro 1,"Cuadro 1. Cantidad de niños, niñas y adolescentes vinculados a Dispositivos/ Acogimientos Familiares y Centros de Protección Especial, por lugar donde se encuentra residiendo,",Total,Total país,Acogimiento Familiar propio4,2871.0,cantidad
Cuadro 1,"Cuadro 1. Cantidad de niños, niñas y adolescentes vinculados a Dispositivos/ Acogimientos Familiares y Centros de Protección Especial, por lugar donde se encuentra residiendo,",Total,Total país,Acogimiento Familiar amigo5,348.0,cantidad
Cuadro 1,"Cuadro 1. Cantidad de niños, niñas y adolescentes vinculados a Dispositivos/ Acogimientos Familiares y Centros de Protección Especial, por lugar donde se encuentra residiendo,",Total,Total país,Cuidado Residencial6,3274.0,cantidad
Cuadro 1,"Cuadro 1. Cantidad de niños, niñas y adolescentes vinculados a Dispositivos/ Acogimientos Familiares y Centros de Protección Especial, por lugar donde se encuentra residiendo,",Total,Total país,Con Familia Adoptiva7,633.0,cantidad
Cuadro 1,"Cuadro 1. Cantidad de niños, niñas y adolescentes vinculados a Dispositivos/ Acogimientos Familiares y Centros de Protección Especial, por lugar donde se encuentra residiendo,",Total,Total país,total,8777.0,cantidad
Cuadro 2,"Cuadro 2. Distribución de niños, niñas y adolescentes vinculados a Dispositivos/ Acogimientos Familiares y Centros de Protección Especial, por lugar donde se encuentra residiendo, según propuesta",Acompañamiento Comunitario8,Total país,Familia de Origen2,290.0,cantidad
Cuadro 2,"Cuadro 2. Distribución de niños, niñas y adolescentes vinculados a Dispositivos/ Acogimientos Familiares y Centros de Protección Especial, por lugar donde se encuentra residiendo, según propuesta",Acompañamiento Comunitario8,Total país,Contexto Familiar propio3,9.0,cantidad
Cuadro 2,"Cuadro 2. Distribución de niños, niñas y adolescentes vinculados a Dispositivos/ Acogimientos Familiares y Centros de Protección Especial, por lugar donde se encuentra residiendo, según propuesta",Acompañamiento Comunitario8,Total país,Acogimiento Familiar propio4,2508.0,cantidad
Cuadro 2,"Cuadro 2. Distribución de niños, niñas y adolescentes vinculados a Dispositivos/ Acogimientos Familiares y Centros de Protección Especial, por lugar donde se encuentra residiendo, según propuesta",Acompañamiento Comunitario8,Total país,Acogimiento Familiar amigo5,142.0,cantidad
Cuadro 2,"Cuadro 2. Distribución de niños, niñas y adolescentes vinculados a Dispositivos/ Acogimientos Familiares y Centros de Protección Especial, por lugar donde se encuentra residiendo, según propuesta",Acompañamiento Comunitario8,Total país,Cuidado Residencial6,0.0,cantidad
Cuadro 2,"Cuadro 2. Distribución de niños, niñas y adolescentes vinculados a Dispositivos/ Acogimientos Familiares y Centros de Protección Especial, por lugar donde se encuentra residiendo, según propuesta",Acompañamiento Comunitario8,Total país,Con Familia Adoptiva7,633.0,cantidad
Cuadro 2,"Cuadro 2. Distribución de niños, niñas y adolescentes vinculados a Dispositivos/ Acogimientos Familiares y Centros de Protección Especial, por lugar donde se encuentra residiendo, según propuesta",Acompañamiento Comunitario8,Total país,total,3582.0,cantidad
Cuadro 2,"Cuadro 2. Distribución de niños, niñas y adolescentes vinculados a Dispositivos/ Acogimientos Familiares y Centros de Protección Especial, por lugar donde se encuentra residiendo, según propuesta",Centros de Primera Infancia,Total país,Familia de Origen2,20.0,cantidad
Cuadro 2,"Cuadro 2. Distribución de niños, niñas y adolescentes vinculados a Dispositivos/ Acogimientos Familiares y Centros de Protección Especial, por lugar donde se encuentra residiendo, según propuesta",Centros de Primera Infancia,Total país,Contexto Familiar propio3,0.0,cantidad
Cuadro 2,"Cuadro 2. Distribución de niños, niñas y adolescentes vinculados a Dispositivos/ Acogimientos Familiares y Centros de Protección Especial, por lugar donde se encuentra residiendo, según propuesta",Centros de Primera Infancia,Total país,Acogimiento Familiar propio4,183.0,cantidad
Cuadro 2,"Cuadro 2. Distribución de niños, niñas y adolescentes vinculados a Dispositivos/ Acogimientos Familiares y Centros de Protección Especial, por lugar donde se encuentra residiendo, según propuesta",Centros de Primera Infancia,Total país,Acogimiento Familiar amigo5,0.0,cantidad
Cuadro 2,"Cuadro 2. Distribución de niños, niñas y adolescentes vinculados a Dispositivos/ Acogimientos Familiares y Centros de Protección Especial, por lugar donde se encuentra residiendo, según propuesta",Centros de Primera Infancia,Total país,Cuidado Residencial6,0.0,cantidad
Cuadro 2,"Cuadro 2. Distribución de niños, niñas y adolescentes vinculados a Dispositivos/ Acogimientos Familiares y Centros de Protección Especial, por lugar donde se encuentra residiendo, según propuesta",Centros de Primera Infancia,Total país,Con Familia Adoptiva7,0.0,cantidad
Cuadro 2,"Cuadro 2. Distribución de niños, niñas y adolescentes vinculados a Dispositivos/ Acogimientos Familiares y Centros de Protección Especial, por lugar donde se encuentra residiendo, según propuesta",Centros de Primera Infancia,Total país,total,203.0,cantidad
Cuadro 2,"Cuadro 2. Distribución de niños, niñas y adolescentes vinculados a Dispositivos/ Acogimientos Familiares y Centros de Protección Especial, por lugar donde se encuentra residiendo, según propuesta",Club de Niños,Total país,Familia de Origen2,30.0,cantidad
Cuadro 2,"Cuadro 2. Distribución de niños, niñas y adolescentes vinculados a Dispositivos/ Acogimientos Familiares y Centros de Protección Especial, por lugar donde se encuentra residiendo, según propuesta",Club de Niños,Total país,Contexto Familiar propio3,0.0,cantidad
Cuadro 2,"Cuadro 2. Distribución de niños, niñas y adolescentes vinculados a Dispositivos/ Acogimientos Familiares y Centros de Protección Especial, por lugar donde se encuentra residiendo, según propuesta",Club de Niños,Total país,Acogimiento Familiar propio4,376.0,cantidad
Cuadro 2,"Cuadro 2. Distribución de niños, niñas y adolescentes vinculados a Dispositivos/ Acogimientos Familiares y Centros de Protección Especial, por lugar donde se encuentra residiendo, según propuesta",Club de Niños,Total país,Acogimiento Familiar amigo5,1.0,cantidad
Cuadro 2,"Cuadro 2. Distribución de niños, niñas y adolescentes vinculados a Dispositivos/ Acogimientos Familiares y Centros de Protección Especial, por lugar donde se encuentra residiendo, según propuesta",Club de Niños,Total país,Cuidado Residencial6,0.0,cantidad
Cuadro 2,"Cuadro 2. Distribución de niños, niñas y adolescentes vinculados a Dispositivos/ Acogimientos Familiares y Centros de Protección Especial, por lugar donde se encuentra residiendo, según propuesta",Club de Niños,Total país,Con Familia Adoptiva7,0.0,cantidad
Cuadro 2,"Cuadro 2. Distribución de niños, niñas y adolescentes vinculados a Dispositivos/ Acogimientos Familiares y Centros de Protección Especial, por lugar donde se encuentra residiendo, según propuesta",Club de Niños,Total país,total,407.0,cantidad
Cuadro 2,"Cuadro 2. Distribución de niños, niñas y adolescentes vinculados a Dispositivos/ Acogimientos Familiares y Centros de Protección Especial, por lugar donde se encuentra residiendo, según propuesta",Centros Juveniles,Total país,Familia de Origen2,13.0,cantidad
Cuadro 2,"Cuadro 2. Distribución de niños, niñas y adolescentes vinculados a Dispositivos/ Acogimientos Familiares y Centros de Protección Especial, por lugar donde se encuentra residiendo, según propuesta",Centros Juveniles,Total país,Contexto Familiar propio3,0.0,cantidad
Cuadro 2,"Cuadro 2. Distribución de niños, niñas y adolescentes vinculados a Dispositivos/ Acogimientos Familiares y Centros de Protección Especial, por lugar donde se encuentra residiendo, según propuesta",Centros Juveniles,Total país,Acogimiento Familiar propio4,160.0,cantidad
Cuadro 2,"Cuadro 2. Distribución de niños, niñas y adolescentes vinculados a Dispositivos/ Acogimientos Familiares y Centros de Protección Especial, por lugar donde se encuentra residiendo, según propuesta",Centros Juveniles,Total país,Acogimiento Familiar amigo5,0.0,cantidad
Cuadro 2,"Cuadro 2. Distribución de niños, niñas y adolescentes vinculados a Dispositivos/ Acogimientos Familiares y Centros de Protección Especial, por lugar donde se encuentra residiendo, según propuesta",Centros Juveniles,Total país,Cuidado Residencial6,0.0,cantidad
Cuadro 2,"Cuadro 2. Distribución de niños, niñas y adolescentes vinculados a Dispositivos/ Acogimientos Familiares y Centros de Protección Especial, por lugar donde se encuentra residiendo, según propuesta",Centros Juveniles,Total país,Con Familia Adoptiva7,0.0,cantidad
Cuadro 2,"Cuadro 2. Distribución de niños, niñas y adolescentes vinculados a Dispositivos/ Acogimientos Familiares y Centros de Protección Especial, por lugar donde se encuentra residiendo, según propuesta",Centros Juveniles,Total país,total,173.0,cantidad
Cuadro 2,"Cuadro 2. Distribución de niños, niñas y adolescentes vinculados a Dispositivos/ Acogimientos Familiares y Centros de Protección Especial, por lugar donde se encuentra residiendo, según propuesta",Especializados,Total país,Familia de Origen2,13.0,cantidad
Cuadro 2,"Cuadro 2. Distribución de niños, niñas y adolescentes vinculados a Dispositivos/ Acogimientos Familiares y Centros de Protección Especial, por lugar donde se encuentra residiendo, según propuesta",Especializados,Total país,Contexto Familiar propio3,0.0,cantidad
Cuadro 2,"Cuadro 2. Distribución de niños, niñas y adolescentes vinculados a Dispositivos/ Acogimientos Familiares y Centros de Protección Especial, por lugar donde se encuentra residiendo, según propuesta",Especializados,Total país,Acogimiento Familiar propio4,72.0,cantidad
Cuadro 2,"Cuadro 2. Distribución de niños, niñas y adolescentes vinculados a Dispositivos/ Acogimientos Familiares y Centros de Protección Especial, por lugar donde se encuentra residiendo, según propuesta",Especializados,Total país,Acogimiento Familiar amigo5,1.0,cantidad
Cuadro 2,"Cuadro 2. Distribución de niños, niñas y adolescentes vinculados a Dispositivos/ Acogimientos Familiares y Centros de Protección Especial, por lugar donde se encuentra residiendo, según propuesta",Especializados,Total país,Cuidado Residencial6,0.0,cantidad
Cuadro 2,"Cuadro 2. Distribución de niños, niñas y adolescentes vinculados a Dispositivos/ Acogimientos Familiares y Centros de Protección Especial, por lugar donde se encuentra residiendo, según propuesta",Especializados,Total país,Con Familia Adoptiva7,0.0,cantidad
Cuadro 2,"Cuadro 2. Distribución de niños, niñas y adolescentes vinculados a Dispositivos/ Acogimientos Familiares y Centros de Protección Especial, por lugar donde se encuentra residiendo, según propuesta",Especializados,Total país,total,86.0,cantidad
Cuadro 2,"Cuadro 2. Distribución de niños, niñas y adolescentes vinculados a Dispositivos/ Acogimientos Familiares y Centros de Protección Especial, por lugar donde se encuentra residiendo, según propuesta","CED, CRL, CEPRODE",Total país,Familia de Origen2,208.0,cantidad
Cuadro 2,"Cuadro 2. Distribución de niños, niñas y adolescentes vinculados a Dispositivos/ Acogimientos Familiares y Centros de Protección Especial, por lugar donde se encuentra residiendo, según propuesta","CED, CRL, CEPRODE",Total país,Contexto Familiar propio3,0.0,cantidad
Cuadro 2,"Cuadro 2. Distribución de niños, niñas y adolescentes vinculados a Dispositivos/ Acogimientos Familiares y Centros de Protección Especial, por lugar donde se encuentra residiendo, según propuesta","CED, CRL, CEPRODE",Total país,Acogimiento Familiar propio4,1191.0,cantidad
Cuadro 2,"Cuadro 2. Distribución de niños, niñas y adolescentes vinculados a Dispositivos/ Acogimientos Familiares y Centros de Protección Especial, por lugar donde se encuentra residiendo, según propuesta","CED, CRL, CEPRODE",Total país,Acogimiento Familiar amigo5,23.0,cantidad
Cuadro 2,"Cuadro 2. Distribución de niños, niñas y adolescentes vinculados a Dispositivos/ Acogimientos Familiares y Centros de Protección Especial, por lugar donde se encuentra residiendo, según propuesta","CED, CRL, CEPRODE",Total país,Cuidado Residencial6,0.0,cantidad
Cuadro 2,"Cuadro 2. Distribución de niños, niñas y adolescentes vinculados a Dispositivos/ Acogimientos Familiares y Centros de Protección Especial, por lugar donde se encuentra residiendo, según propuesta","CED, CRL, CEPRODE",Total país,Con Familia Adoptiva7,0.0,cantidad
Cuadro 2,"Cuadro 2. Distribución de niños, niñas y adolescentes vinculados a Dispositivos/ Acogimientos Familiares y Centros de Protección Especial, por lugar donde se encuentra residiendo, según propuesta","CED, CRL, CEPRODE",Total país,total,1422.0,cantidad
Cuadro 2,"Cuadro 2. Distribución de niños, niñas y adolescentes vinculados a Dispositivos/ Acogimientos Familiares y Centros de Protección Especial, por lugar donde se encuentra residiendo, según propuesta",ETAF,Total país,Familia de Origen2,5.0,cantidad
Cuadro 2,"Cuadro 2. Distribución de niños, niñas y adolescentes vinculados a Dispositivos/ Acogimientos Familiares y Centros de Protección Especial, por lugar donde se encuentra residiendo, según propuesta",ETAF,Total país,Contexto Familiar propio3,0.0,cantidad
Cuadro 2,"Cuadro 2. Distribución de niños, niñas y adolescentes vinculados a Dispositivos/ Acogimientos Familiares y Centros de Protección Especial, por lugar donde se encuentra residiendo, según propuesta",ETAF,Total país,Acogimiento Familiar propio4,299.0,cantidad
Cuadro 2,"Cuadro 2. Distribución de niños, niñas y adolescentes vinculados a Dispositivos/ Acogimientos Familiares y Centros de Protección Especial, por lugar donde se encuentra residiendo, según propuesta",ETAF,Total país,Acogimiento Familiar amigo5,0.0,cantidad
Cuadro 2,"Cuadro 2. Distribución de niños, niñas y adolescentes vinculados a Dispositivos/ Acogimientos Familiares y Centros de Protección Especial, por lugar donde se encuentra residiendo, según propuesta",ETAF,Total país,Cuidado Residencial6,0.0,cantidad
Cuadro 2,"Cuadro 2. Distribución de niños, niñas y adolescentes vinculados a Dispositivos/ Acogimientos Familiares y Centros de Protección Especial, por lugar donde se encuentra residiendo, según propuesta",ETAF,Total país,Con Familia Adoptiva7,0.0,cantidad
Cuadro 2,"Cuadro 2. Distribución de niños, niñas y adolescentes vinculados a Dispositivos/ Acogimientos Familiares y Centros de Protección Especial, por lugar donde se encuentra residiendo, según propuesta",ETAF,Total país,total,304.0,cantidad
Cuadro 2,"Cuadro 2. Distribución de niños, niñas y adolescentes vinculados a Dispositivos/ Acogimientos Familiares y Centros de Protección Especial, por lugar donde se encuentra residiendo, según propuesta",Otros proyectos de atención comunitaria,Total país,Familia de Origen2,0.0,cantidad
Cuadro 2,"Cuadro 2. Distribución de niños, niñas y adolescentes vinculados a Dispositivos/ Acogimientos Familiares y Centros de Protección Especial, por lugar donde se encuentra residiendo, según propuesta",Otros proyectos de atención comunitaria,Total país,Contexto Familiar propio3,0.0,cantidad
Cuadro 2,"Cuadro 2. Distribución de niños, niñas y adolescentes vinculados a Dispositivos/ Acogimientos Familiares y Centros de Protección Especial, por lugar donde se encuentra residiendo, según propuesta",Otros proyectos de atención comunitaria,Total país,Acogimiento Familiar propio4,3.0,cantidad
Cuadro 2,"Cuadro 2. Distribución de niños, niñas y adolescentes vinculados a Dispositivos/ Acogimientos Familiares y Centros de Protección Especial, por lugar donde se encuentra residiendo, según propuesta",Otros proyectos de atención comunitaria,Total país,Acogimiento Familiar amigo5,0.0,cantidad
Cuadro 2,"Cuadro 2. Distribución de niños, niñas y adolescentes vinculados a Dispositivos/ Acogimientos Familiares y Centros de Protección Especial, por lugar donde se encuentra residiendo, según propuesta",Otros proyectos de atención comunitaria,Total país,Cuidado Residencial6,0.0,cantidad
Cuadro 2,"Cuadro 2. Distribución de niños, niñas y adolescentes vinculados a Dispositivos/ Acogimientos Familiares y Centros de Protección Especial, por lugar donde se encuentra residiendo, según propuesta",Otros proyectos de atención comunitaria,Total país,Con Familia Adoptiva7,0.0,cantidad
Cuadro 2,"Cuadro 2. Distribución de niños, niñas y adolescentes vinculados a Dispositivos/ Acogimientos Familiares y Centros de Protección Especial, por lugar donde se encuentra residiendo, según propuesta",Otros proyectos de atención comunitaria,Total país,total,3.0,cantidad
Cuadro 2,"Cuadro 2. Distribución de niños, niñas y adolescentes vinculados a Dispositivos/ Acogimientos Familiares y Centros de Protección Especial, por lugar donde se encuentra residiendo, según propuesta",Unidades de Acogimiento Familiar10,Total país,Familia de Origen2,1.0,cantidad
Cuadro 2,"Cuadro 2. Distribución de niños, niñas y adolescentes vinculados a Dispositivos/ Acogimientos Familiares y Centros de Protección Especial, por lugar donde se encuentra residiendo, según propuesta",Unidades de Acogimiento Familiar10,Total país,Contexto Familiar propio3,9.0,cantidad
Cuadro 2,"Cuadro 2. Distribución de niños, niñas y adolescentes vinculados a Dispositivos/ Acogimientos Familiares y Centros de Protección Especial, por lugar donde se encuentra residiendo, según propuesta",Unidades de Acogimiento Familiar10,Total país,Acogimiento Familiar propio4,224.0,cantidad
Cuadro 2,"Cuadro 2. Distribución de niños, niñas y adolescentes vinculados a Dispositivos/ Acogimientos Familiares y Centros de Protección Especial, por lugar donde se encuentra residiendo, según propuesta",Unidades de Acogimiento Familiar10,Total país,Acogimiento Familiar amigo5,117.0,cantidad
Cuadro 2,"Cuadro 2. Distribución de niños, niñas y adolescentes vinculados a Dispositivos/ Acogimientos Familiares y Centros de Protección Especial, por lugar donde se encuentra residiendo, según propuesta",Unidades de Acogimiento Familiar10,Total país,Cuidado Residencial6,0.0,cantidad
Cuadro 2,"Cuadro 2. Distribución de niños, niñas y adolescentes vinculados a Dispositivos/ Acogimientos Familiares y Centros de Protección Especial, por lugar donde se encuentra residiendo, según propuesta",Unidades de Acogimiento Familiar10,Total país,Con Familia Adoptiva7,0.0,cantidad
Cuadro 2,"Cuadro 2. Distribución de niños, niñas y adolescentes vinculados a Dispositivos/ Acogimientos Familiares y Centros de Protección Especial, por lugar donde se encuentra residiendo, según propuesta",Unidades de Acogimiento Familiar10,Total país,total,351.0,cantidad
Cuadro 2,"Cuadro 2. Distribución de niños, niñas y adolescentes vinculados a Dispositivos/ Acogimientos Familiares y Centros de Protección Especial, por lugar donde se encuentra residiendo, según propuesta",Adopciones y Jurídica,Total país,Familia de Origen2,0.0,cantidad
Cuadro 2,"Cuadro 2. Distribución de niños, niñas y adolescentes vinculados a Dispositivos/ Acogimientos Familiares y Centros de Protección Especial, por lugar donde se encuentra residiendo, según propuesta",Adopciones y Jurídica,Total país,Contexto Familiar propio3,0.0,cantidad
Cuadro 2,"Cuadro 2. Distribución de niños, niñas y adolescentes vinculados a Dispositivos/ Acogimientos Familiares y Centros de Protección Especial, por lugar donde se encuentra residiendo, según propuesta",Adopciones y Jurídica,Total país,Acogimiento Familiar propio4,0.0,cantidad
Cuadro 2,"Cuadro 2. Distribución de niños, niñas y adolescentes vinculados a Dispositivos/ Acogimientos Familiares y Centros de Protección Especial, por lugar donde se encuentra residiendo, según propuesta",Adopciones y Jurídica,Total país,Acogimiento Familiar amigo5,0.0,cantidad
Cuadro 2,"Cuadro 2. Distribución de niños, niñas y adolescentes vinculados a Dispositivos/ Acogimientos Familiares y Centros de Protección Especial, por lugar donde se encuentra residiendo, según propuesta",Adopciones y Jurídica,Total país,Cuidado Residencial6,0.0,cantidad
Cuadro 2,"Cuadro 2. Distribución de niños, niñas y adolescentes vinculados a Dispositivos/ Acogimientos Familiares y Centros de Protección Especial, por lugar donde se encuentra residiendo, según propuesta",Adopciones y Jurídica,Total país,Con Familia Adoptiva7,633.0,cantidad
Cuadro 2,"Cuadro 2. Distribución de niños, niñas y adolescentes vinculados a Dispositivos/ Acogimientos Familiares y Centros de Protección Especial, por lugar donde se encuentra residiendo, según propuesta",Adopciones y Jurídica,Total país,total,633.0,cantidad
Cuadro 2,"Cuadro 2. Distribución de niños, niñas y adolescentes vinculados a Dispositivos/ Acogimientos Familiares y Centros de Protección Especial, por lugar donde se encuentra residiendo, según propuesta",Acompañamiento/ Cuidado Residencial9,Total país,Familia de Origen2,42.0,cantidad
Cuadro 2,"Cuadro 2. Distribución de niños, niñas y adolescentes vinculados a Dispositivos/ Acogimientos Familiares y Centros de Protección Especial, por lugar donde se encuentra residiendo, según propuesta",Acompañamiento/ Cuidado Residencial9,Total país,Contexto Familiar propio3,1310.0,cantidad
Cuadro 2,"Cuadro 2. Distribución de niños, niñas y adolescentes vinculados a Dispositivos/ Acogimientos Familiares y Centros de Protección Especial, por lugar donde se encuentra residiendo, según propuesta",Acompañamiento/ Cuidado Residencial9,Total país,Acogimiento Familiar propio4,222.0,cantidad
Cuadro 2,"Cuadro 2. Distribución de niños, niñas y adolescentes vinculados a Dispositivos/ Acogimientos Familiares y Centros de Protección Especial, por lugar donde se encuentra residiendo, según propuesta",Acompañamiento/ Cuidado Residencial9,Total país,Acogimiento Familiar amigo5,206.0,cantidad
Cuadro 2,"Cuadro 2. Distribución de niños, niñas y adolescentes vinculados a Dispositivos/ Acogimientos Familiares y Centros de Protección Especial, por lugar donde se encuentra residiendo, según propuesta",Acompañamiento/ Cuidado Residencial9,Total país,Cuidado Residencial6,3274.0,cantidad
Cuadro 2,"Cuadro 2. Distribución de niños, niñas y adolescentes vinculados a Dispositivos/ Acogimientos Familiares y Centros de Protección Especial, por lugar donde se encuentra residiendo, según propuesta",Acompañamiento/ Cuidado Residencial9,Total país,Con Familia Adoptiva7,0.0,cantidad
Cuadro 2,"Cuadro 2. Distribución de niños, niñas y adolescentes vinculados a Dispositivos/ Acogimientos Familiares y Centros de Protección Especial, por lugar donde se encuentra residiendo, según propuesta",Acompañamiento/ Cuidado Residencial9,Total país,total,5054.0,cantidad
Cuadro 2,"Cuadro 2. Distribución de niños, niñas y adolescentes vinculados a Dispositivos/ Acogimientos Familiares y Centros de Protección Especial, por lugar donde se encuentra residiendo, según propuesta",Especial,Total país,Familia de Origen2,42.0,cantidad
Cuadro 2,"Cuadro 2. Distribución de niños, niñas y adolescentes vinculados a Dispositivos/ Acogimientos Familiares y Centros de Protección Especial, por lugar donde se encuentra residiendo, según propuesta",Especial,Total país,Contexto Familiar propio3,1149.0,cantidad
Cuadro 2,"Cuadro 2. Distribución de niños, niñas y adolescentes vinculados a Dispositivos/ Acogimientos Familiares y Centros de Protección Especial, por lugar donde se encuentra residiendo, según propuesta",Especial,Total país,Acogimiento Familiar propio4,221.0,cantidad
Cuadro 2,"Cuadro 2. Distribución de niños, niñas y adolescentes vinculados a Dispositivos/ Acogimientos Familiares y Centros de Protección Especial, por lugar donde se encuentra residiendo, según propuesta",Especial,Total país,Acogimiento Familiar amigo5,204.0,cantidad
Cuadro 2,"Cuadro 2. Distribución de niños, niñas y adolescentes vinculados a Dispositivos/ Acogimientos Familiares y Centros de Protección Especial, por lugar donde se encuentra residiendo, según propuesta",Especial,Total país,Cuidado Residencial6,2240.0,cantidad
Cuadro 2,"Cuadro 2. Distribución de niños, niñas y adolescentes vinculados a Dispositivos/ Acogimientos Familiares y Centros de Protección Especial, por lugar donde se encuentra residiendo, según propuesta",Especial,Total país,Con Familia Adoptiva7,0.0,cantidad
Cuadro 2,"Cuadro 2. Distribución de niños, niñas y adolescentes vinculados a Dispositivos/ Acogimientos Familiares y Centros de Protección Especial, por lugar donde se encuentra residiendo, según propuesta",Especial,Total país,total,3856.0,cantidad
Cuadro 2,"Cuadro 2. Distribución de niños, niñas y adolescentes vinculados a Dispositivos/ Acogimientos Familiares y Centros de Protección Especial, por lugar donde se encuentra residiendo, según propuesta",En centros de atención integral de 24 hs.,Total país,Familia de Origen2,19.0,cantidad
Cuadro 2,"Cuadro 2. Distribución de niños, niñas y adolescentes vinculados a Dispositivos/ Acogimientos Familiares y Centros de Protección Especial, por lugar donde se encuentra residiendo, según propuesta",En centros de atención integral de 24 hs.,Total país,Contexto Familiar propio3,746.0,cantidad
Cuadro 2,"Cuadro 2. Distribución de niños, niñas y adolescentes vinculados a Dispositivos/ Acogimientos Familiares y Centros de Protección Especial, por lugar donde se encuentra residiendo, según propuesta",En centros de atención integral de 24 hs.,Total país,Acogimiento Familiar propio4,103.0,cantidad
Cuadro 2,"Cuadro 2. Distribución de niños, niñas y adolescentes vinculados a Dispositivos/ Acogimientos Familiares y Centros de Protección Especial, por lugar donde se encuentra residiendo, según propuesta",En centros de atención integral de 24 hs.,Total país,Acogimiento Familiar amigo5,108.0,cantidad
Cuadro 2,"Cuadro 2. Distribución de niños, niñas y adolescentes vinculados a Dispositivos/ Acogimientos Familiares y Centros de Protección Especial, por lugar donde se encuentra residiendo, según propuesta",En centros de atención integral de 24 hs.,Total país,Cuidado Residencial6,1418.0,cantidad
Cuadro 2,"Cuadro 2. Distribución de niños, niñas y adolescentes vinculados a Dispositivos/ Acogimientos Familiares y Centros de Protección Especial, por lugar donde se encuentra residiendo, según propuesta",En centros de atención integral de 24 hs.,Total país,Con Familia Adoptiva7,0.0,cantidad
Cuadro 2,"Cuadro 2. Distribución de niños, niñas y adolescentes vinculados a Dispositivos/ Acogimientos Familiares y Centros de Protección Especial, por lugar donde se encuentra residiendo, según propuesta",En centros de atención integral de 24 hs.,Total país,total,2394.0,cantidad
Cuadro 2,"Cuadro 2. Distribución de niños, niñas y adolescentes vinculados a Dispositivos/ Acogimientos Familiares y Centros de Protección Especial, por lugar donde se encuentra residiendo, según propuesta",En centros de breve estadía,Total país,Familia de Origen2,0.0,cantidad
Cuadro 2,"Cuadro 2. Distribución de niños, niñas y adolescentes vinculados a Dispositivos/ Acogimientos Familiares y Centros de Protección Especial, por lugar donde se encuentra residiendo, según propuesta",En centros de breve estadía,Total país,Contexto Familiar propio3,0.0,cantidad
Cuadro 2,"Cuadro 2. Distribución de niños, niñas y adolescentes vinculados a Dispositivos/ Acogimientos Familiares y Centros de Protección Especial, por lugar donde se encuentra residiendo, según propuesta",En centros de breve estadía,Total país,Acogimiento Familiar propio4,8.0,cantidad
Cuadro 2,"Cuadro 2. Distribución de niños, niñas y adolescentes vinculados a Dispositivos/ Acogimientos Familiares y Centros de Protección Especial, por lugar donde se encuentra residiendo, según propuesta",En centros de breve estadía,Total país,Acogimiento Familiar amigo5,0.0,cantidad
Cuadro 2,"Cuadro 2. Distribución de niños, niñas y adolescentes vinculados a Dispositivos/ Acogimientos Familiares y Centros de Protección Especial, por lugar donde se encuentra residiendo, según propuesta",En centros de breve estadía,Total país,Cuidado Residencial6,63.0,cantidad
Cuadro 2,"Cuadro 2. Distribución de niños, niñas y adolescentes vinculados a Dispositivos/ Acogimientos Familiares y Centros de Protección Especial, por lugar donde se encuentra residiendo, según propuesta",En centros de breve estadía,Total país,Con Familia Adoptiva7,0.0,cantidad
Cuadro 2,"Cuadro 2. Distribución de niños, niñas y adolescentes vinculados a Dispositivos/ Acogimientos Familiares y Centros de Protección Especial, por lugar donde se encuentra residiendo, según propuesta",En centros de breve estadía,Total país,total,71.0,cantidad
Cuadro 2,"Cuadro 2. Distribución de niños, niñas y adolescentes vinculados a Dispositivos/ Acogimientos Familiares y Centros de Protección Especial, por lugar donde se encuentra residiendo, según propuesta",En centros de acogimiento y fortalecimiento familiar (CAFF),Total país,Familia de Origen2,23.0,cantidad
Cuadro 2,"Cuadro 2. Distribución de niños, niñas y adolescentes vinculados a Dispositivos/ Acogimientos Familiares y Centros de Protección Especial, por lugar donde se encuentra residiendo, según propuesta",En centros de acogimiento y fortalecimiento familiar (CAFF),Total país,Contexto Familiar propio3,374.0,cantidad
Cuadro 2,"Cuadro 2. Distribución de niños, niñas y adolescentes vinculados a Dispositivos/ Acogimientos Familiares y Centros de Protección Especial, por lugar donde se encuentra residiendo, según propuesta",En centros de acogimiento y fortalecimiento familiar (CAFF),Total país,Acogimiento Familiar propio4,110.0,cantidad
Cuadro 2,"Cuadro 2. Distribución de niños, niñas y adolescentes vinculados a Dispositivos/ Acogimientos Familiares y Centros de Protección Especial, por lugar donde se encuentra residiendo, según propuesta",En centros de acogimiento y fortalecimiento familiar (CAFF),Total país,Acogimiento Familiar amigo5,96.0,cantidad
Cuadro 2,"Cuadro 2. Distribución de niños, niñas y adolescentes vinculados a Dispositivos/ Acogimientos Familiares y Centros de Protección Especial, por lugar donde se encuentra residiendo, según propuesta",En centros de acogimiento y fortalecimiento familiar (CAFF),Total país,Cuidado Residencial6,709.0,cantidad
Cuadro 2,"Cuadro 2. Distribución de niños, niñas y adolescentes vinculados a Dispositivos/ Acogimientos Familiares y Centros de Protección Especial, por lugar donde se encuentra residiendo, según propuesta",En centros de acogimiento y fortalecimiento familiar (CAFF),Total país,Con Familia Adoptiva7,0.0,cantidad
Cuadro 2,"Cuadro 2. Distribución de niños, niñas y adolescentes vinculados a Dispositivos/ Acogimientos Familiares y Centros de Protección Especial, por lugar donde se encuentra residiendo, según propuesta",En centros de acogimiento y fortalecimiento familiar (CAFF),Total país,total,1312.0,cantidad
Cuadro 2,"Cuadro 2. Distribución de niños, niñas y adolescentes vinculados a Dispositivos/ Acogimientos Familiares y Centros de Protección Especial, por lugar donde se encuentra residiendo, según propuesta",En residencias para adolescentes madres,Total país,Familia de Origen2,0.0,cantidad
Cuadro 2,"Cuadro 2. Distribución de niños, niñas y adolescentes vinculados a Dispositivos/ Acogimientos Familiares y Centros de Protección Especial, por lugar donde se encuentra residiendo, según propuesta",En residencias para adolescentes madres,Total país,Contexto Familiar propio3,29.0,cantidad
Cuadro 2,"Cuadro 2. Distribución de niños, niñas y adolescentes vinculados a Dispositivos/ Acogimientos Familiares y Centros de Protección Especial, por lugar donde se encuentra residiendo, según propuesta",En residencias para adolescentes madres,Total país,Acogimiento Familiar propio4,0.0,cantidad
Cuadro 2,"Cuadro 2. Distribución de niños, niñas y adolescentes vinculados a Dispositivos/ Acogimientos Familiares y Centros de Protección Especial, por lugar donde se encuentra residiendo, según propuesta",En residencias para adolescentes madres,Total país,Acogimiento Familiar amigo5,0.0,cantidad
Cuadro 2,"Cuadro 2. Distribución de niños, niñas y adolescentes vinculados a Dispositivos/ Acogimientos Familiares y Centros de Protección Especial, por lugar donde se encuentra residiendo, según propuesta",En residencias para adolescentes madres,Total país,Cuidado Residencial6,50.0,cantidad
Cuadro 2,"Cuadro 2. Distribución de niños, niñas y adolescentes vinculados a Dispositivos/ Acogimientos Familiares y Centros de Protección Especial, por lugar donde se encuentra residiendo, según propuesta",En residencias para adolescentes madres,Total país,Con Familia Adoptiva7,0.0,cantidad
Cuadro 2,"Cuadro 2. Distribución de niños, niñas y adolescentes vinculados a Dispositivos/ Acogimientos Familiares y Centros de Protección Especial, por lugar donde se encuentra residiendo, según propuesta",En residencias para adolescentes madres,Total país,total,79.0,cantidad
Cuadro 2,"Cuadro 2. Distribución de niños, niñas y adolescentes vinculados a Dispositivos/ Acogimientos Familiares y Centros de Protección Especial, por lugar donde se encuentra residiendo, según propuesta",Especializado,Total país,Familia de Origen2,0.0,cantidad
Cuadro 2,"Cuadro 2. Distribución de niños, niñas y adolescentes vinculados a Dispositivos/ Acogimientos Familiares y Centros de Protección Especial, por lugar donde se encuentra residiendo, según propuesta",Especializado,Total país,Contexto Familiar propio3,161.0,cantidad
Cuadro 2,"Cuadro 2. Distribución de niños, niñas y adolescentes vinculados a Dispositivos/ Acogimientos Familiares y Centros de Protección Especial, por lugar donde se encuentra residiendo, según propuesta",Especializado,Total país,Acogimiento Familiar propio4,1.0,cantidad
Cuadro 2,"Cuadro 2. Distribución de niños, niñas y adolescentes vinculados a Dispositivos/ Acogimientos Familiares y Centros de Protección Especial, por lugar donde se encuentra residiendo, según propuesta",Especializado,Total país,Acogimiento Familiar amigo5,2.0,cantidad
Cuadro 2,"Cuadro 2. Distribución de niños, niñas y adolescentes vinculados a Dispositivos/ Acogimientos Familiares y Centros de Protección Especial, por lugar donde se encuentra residiendo, según propuesta",Especializado,Total país,Cuidado Residencial6,1034.0,cantidad
Cuadro 2,"Cuadro 2. Distribución de niños, niñas y adolescentes vinculados a Dispositivos/ Acogimientos Familiares y Centros de Protección Especial, por lugar donde se encuentra residiendo, según propuesta",Especializado,Total país,Con Familia Adoptiva7,0.0,cantidad
Cuadro 2,"Cuadro 2. Distribución de niños, niñas y adolescentes vinculados a Dispositivos/ Acogimientos Familiares y Centros de Protección Especial, por lugar donde se encuentra residiendo, según propuesta",Especializado,Total país,total,1198.0,cantidad
Cuadro 2,"Cuadro 2. Distribución de niños, niñas y adolescentes vinculados a Dispositivos/ Acogimientos Familiares y Centros de Protección Especial, por lugar donde se encuentra residiendo, según propuesta",En residencias para la atención en discapacidad,Total país,Familia de Origen2,0.0,cantidad
Cuadro 2,"Cuadro 2. Distribución de niños, niñas y adolescentes vinculados a Dispositivos/ Acogimientos Familiares y Centros de Protección Especial, por lugar donde se encuentra residiendo, según propuesta",En residencias para la atención en discapacidad,Total país,Contexto Familiar propio3,10.0,cantidad
Cuadro 2,"Cuadro 2. Distribución de niños, niñas y adolescentes vinculados a Dispositivos/ Acogimientos Familiares y Centros de Protección Especial, por lugar donde se encuentra residiendo, según propuesta",En residencias para la atención en discapacidad,Total país,Acogimiento Familiar propio4,1.0,cantidad
Cuadro 2,"Cuadro 2. Distribución de niños, niñas y adolescentes vinculados a Dispositivos/ Acogimientos Familiares y Centros de Protección Especial, por lugar donde se encuentra residiendo, según propuesta",En residencias para la atención en discapacidad,Total país,Acogimiento Familiar amigo5,2.0,cantidad
Cuadro 2,"Cuadro 2. Distribución de niños, niñas y adolescentes vinculados a Dispositivos/ Acogimientos Familiares y Centros de Protección Especial, por lugar donde se encuentra residiendo, según propuesta",En residencias para la atención en discapacidad,Total país,Cuidado Residencial6,570.0,cantidad
Cuadro 2,"Cuadro 2. Distribución de niños, niñas y adolescentes vinculados a Dispositivos/ Acogimientos Familiares y Centros de Protección Especial, por lugar donde se encuentra residiendo, según propuesta",En residencias para la atención en discapacidad,Total país,Con Familia Adoptiva7,0.0,cantidad
Cuadro 2,"Cuadro 2. Distribución de niños, niñas y adolescentes vinculados a Dispositivos/ Acogimientos Familiares y Centros de Protección Especial, por lugar donde se encuentra residiendo, según propuesta",En residencias para la atención en discapacidad,Total país,total,583.0,cantidad
Cuadro 2,"Cuadro 2. Distribución de niños, niñas y adolescentes vinculados a Dispositivos/ Acogimientos Familiares y Centros de Protección Especial, por lugar donde se encuentra residiendo, según propuesta",En residencias para la atención en salud mental,Total país,Familia de Origen2,0.0,cantidad
Cuadro 2,"Cuadro 2. Distribución de niños, niñas y adolescentes vinculados a Dispositivos/ Acogimientos Familiares y Centros de Protección Especial, por lugar donde se encuentra residiendo, según propuesta",En residencias para la atención en salud mental,Total país,Contexto Familiar propio3,1.0,cantidad
Cuadro 2,"Cuadro 2. Distribución de niños, niñas y adolescentes vinculados a Dispositivos/ Acogimientos Familiares y Centros de Protección Especial, por lugar donde se encuentra residiendo, según propuesta",En residencias para la atención en salud mental,Total país,Acogimiento Familiar propio4,0.0,cantidad
Cuadro 2,"Cuadro 2. Distribución de niños, niñas y adolescentes vinculados a Dispositivos/ Acogimientos Familiares y Centros de Protección Especial, por lugar donde se encuentra residiendo, según propuesta",En residencias para la atención en salud mental,Total país,Acogimiento Familiar amigo5,0.0,cantidad
Cuadro 2,"Cuadro 2. Distribución de niños, niñas y adolescentes vinculados a Dispositivos/ Acogimientos Familiares y Centros de Protección Especial, por lugar donde se encuentra residiendo, según propuesta",En residencias para la atención en salud mental,Total país,Cuidado Residencial6,278.0,cantidad
Cuadro 2,"Cuadro 2. Distribución de niños, niñas y adolescentes vinculados a Dispositivos/ Acogimientos Familiares y Centros de Protección Especial, por lugar donde se encuentra residiendo, según propuesta",En residencias para la atención en salud mental,Total país,Con Familia Adoptiva7,0.0,cantidad
Cuadro 2,"Cuadro 2. Distribución de niños, niñas y adolescentes vinculados a Dispositivos/ Acogimientos Familiares y Centros de Protección Especial, por lugar donde se encuentra residiendo, según propuesta",En residencias para la atención en salud mental,Total país,total,279.0,cantidad
Cuadro 2,"Cuadro 2. Distribución de niños, niñas y adolescentes vinculados a Dispositivos/ Acogimientos Familiares y Centros de Protección Especial, por lugar donde se encuentra residiendo, según propuesta",En residencias para situaciones de violencia,Total país,Familia de Origen2,0.0,cantidad
Cuadro 2,"Cuadro 2. Distribución de niños, niñas y adolescentes vinculados a Dispositivos/ Acogimientos Familiares y Centros de Protección Especial, por lugar donde se encuentra residiendo, según propuesta",En residencias para situaciones de violencia,Total país,Contexto Familiar propio3,114.0,cantidad
Cuadro 2,"Cuadro 2. Distribución de niños, niñas y adolescentes vinculados a Dispositivos/ Acogimientos Familiares y Centros de Protección Especial, por lugar donde se encuentra residiendo, según propuesta",En residencias para situaciones de violencia,Total país,Acogimiento Familiar propio4,0.0,cantidad
Cuadro 2,"Cuadro 2. Distribución de niños, niñas y adolescentes vinculados a Dispositivos/ Acogimientos Familiares y Centros de Protección Especial, por lugar donde se encuentra residiendo, según propuesta",En residencias para situaciones de violencia,Total país,Acogimiento Familiar amigo5,0.0,cantidad
Cuadro 2,"Cuadro 2. Distribución de niños, niñas y adolescentes vinculados a Dispositivos/ Acogimientos Familiares y Centros de Protección Especial, por lugar donde se encuentra residiendo, según propuesta",En residencias para situaciones de violencia,Total país,Cuidado Residencial6,120.0,cantidad
Cuadro 2,"Cuadro 2. Distribución de niños, niñas y adolescentes vinculados a Dispositivos/ Acogimientos Familiares y Centros de Protección Especial, por lugar donde se encuentra residiendo, según propuesta",En residencias para situaciones de violencia,Total país,Con Familia Adoptiva7,0.0,cantidad
Cuadro 2,"Cuadro 2. Distribución de niños, niñas y adolescentes vinculados a Dispositivos/ Acogimientos Familiares y Centros de Protección Especial, por lugar donde se encuentra residiendo, según propuesta",En residencias para situaciones de violencia,Total país,total,234.0,cantidad
Cuadro 2,"Cuadro 2. Distribución de niños, niñas y adolescentes vinculados a Dispositivos/ Acogimientos Familiares y Centros de Protección Especial, por lugar donde se encuentra residiendo, según propuesta",En residencias para situaciones de calle,Total país,Familia de Origen2,0.0,cantidad
Cuadro 2,"Cuadro 2. Distribución de niños, niñas y adolescentes vinculados a Dispositivos/ Acogimientos Familiares y Centros de Protección Especial, por lugar donde se encuentra residiendo, según propuesta",En residencias para situaciones de calle,Total país,Contexto Familiar propio3,8.0,cantidad
Cuadro 2,"Cuadro 2. Distribución de niños, niñas y adolescentes vinculados a Dispositivos/ Acogimientos Familiares y Centros de Protección Especial, por lugar donde se encuentra residiendo, según propuesta",En residencias para situaciones de calle,Total país,Acogimiento Familiar propio4,0.0,cantidad
Cuadro 2,"Cuadro 2. Distribución de niños, niñas y adolescentes vinculados a Dispositivos/ Acogimientos Familiares y Centros de Protección Especial, por lugar donde se encuentra residiendo, según propuesta",En residencias para situaciones de calle,Total país,Acogimiento Familiar amigo5,0.0,cantidad
Cuadro 2,"Cuadro 2. Distribución de niños, niñas y adolescentes vinculados a Dispositivos/ Acogimientos Familiares y Centros de Protección Especial, por lugar donde se encuentra residiendo, según propuesta",En residencias para situaciones de calle,Total país,Cuidado Residencial6,49.0,cantidad
Cuadro 2,"Cuadro 2. Distribución de niños, niñas y adolescentes vinculados a Dispositivos/ Acogimientos Familiares y Centros de Protección Especial, por lugar donde se encuentra residiendo, según propuesta",En residencias para situaciones de calle,Total país,Con Familia Adoptiva7,0.0,cantidad
Cuadro 2,"Cuadro 2. Distribución de niños, niñas y adolescentes vinculados a Dispositivos/ Acogimientos Familiares y Centros de Protección Especial, por lugar donde se encuentra residiendo, según propuesta",En residencias para situaciones de calle,Total país,total,57.0,cantidad
Cuadro 2,"Cuadro 2. Distribución de niños, niñas y adolescentes vinculados a Dispositivos/ Acogimientos Familiares y Centros de Protección Especial, por lugar donde se encuentra residiendo, según propuesta",En residencias para situaciones de consumo,Total país,Familia de Origen2,0.0,cantidad
Cuadro 2,"Cuadro 2. Distribución de niños, niñas y adolescentes vinculados a Dispositivos/ Acogimientos Familiares y Centros de Protección Especial, por lugar donde se encuentra residiendo, según propuesta",En residencias para situaciones de consumo,Total país,Contexto Familiar propio3,28.0,cantidad
Cuadro 2,"Cuadro 2. Distribución de niños, niñas y adolescentes vinculados a Dispositivos/ Acogimientos Familiares y Centros de Protección Especial, por lugar donde se encuentra residiendo, según propuesta",En residencias para situaciones de consumo,Total país,Acogimiento Familiar propio4,0.0,cantidad
Cuadro 2,"Cuadro 2. Distribución de niños, niñas y adolescentes vinculados a Dispositivos/ Acogimientos Familiares y Centros de Protección Especial, por lugar donde se encuentra residiendo, según propuesta",En residencias para situaciones de consumo,Total país,Acogimiento Familiar amigo5,0.0,cantidad
Cuadro 2,"Cuadro 2. Distribución de niños, niñas y adolescentes vinculados a Dispositivos/ Acogimientos Familiares y Centros de Protección Especial, por lugar donde se encuentra residiendo, según propuesta",En residencias para situaciones de consumo,Total país,Cuidado Residencial6,17.0,cantidad
Cuadro 2,"Cuadro 2. Distribución de niños, niñas y adolescentes vinculados a Dispositivos/ Acogimientos Familiares y Centros de Protección Especial, por lugar donde se encuentra residiendo, según propuesta",En residencias para situaciones de consumo,Total país,Con Familia Adoptiva7,0.0,cantidad
Cuadro 2,"Cuadro 2. Distribución de niños, niñas y adolescentes vinculados a Dispositivos/ Acogimientos Familiares y Centros de Protección Especial, por lugar donde se encuentra residiendo, según propuesta",En residencias para situaciones de consumo,Total país,total,45.0,cantidad
Cuadro 2,"Cuadro 2. Distribución de niños, niñas y adolescentes vinculados a Dispositivos/ Acogimientos Familiares y Centros de Protección Especial, por lugar donde se encuentra residiendo, según propuesta",Sin datos de seguimiento,Total país,Familia de Origen2,0.0,cantidad
Cuadro 2,"Cuadro 2. Distribución de niños, niñas y adolescentes vinculados a Dispositivos/ Acogimientos Familiares y Centros de Protección Especial, por lugar donde se encuentra residiendo, según propuesta",Sin datos de seguimiento,Total país,Contexto Familiar propio3,0.0,cantidad
Cuadro 2,"Cuadro 2. Distribución de niños, niñas y adolescentes vinculados a Dispositivos/ Acogimientos Familiares y Centros de Protección Especial, por lugar donde se encuentra residiendo, según propuesta",Sin datos de seguimiento,Total país,Acogimiento Familiar propio4,141.0,cantidad
Cuadro 2,"Cuadro 2. Distribución de niños, niñas y adolescentes vinculados a Dispositivos/ Acogimientos Familiares y Centros de Protección Especial, por lugar donde se encuentra residiendo, según propuesta",Sin datos de seguimiento,Total país,Acogimiento Familiar amigo5,0.0,cantidad
Cuadro 2,"Cuadro 2. Distribución de niños, niñas y adolescentes vinculados a Dispositivos/ Acogimientos Familiares y Centros de Protección Especial, por lugar donde se encuentra residiendo, según propuesta",Sin datos de seguimiento,Total país,Cuidado Residencial6,0.0,cantidad
Cuadro 2,"Cuadro 2. Distribución de niños, niñas y adolescentes vinculados a Dispositivos/ Acogimientos Familiares y Centros de Protección Especial, por lugar donde se encuentra residiendo, según propuesta",Sin datos de seguimiento,Total país,Con Familia Adoptiva7,0.0,cantidad
Cuadro 2,"Cuadro 2. Distribución de niños, niñas y adolescentes vinculados a Dispositivos/ Acogimientos Familiares y Centros de Protección Especial, por lugar donde se encuentra residiendo, según propuesta",Sin datos de seguimiento,Total país,total,141.0,cantidad
Cuadro 2,"Cuadro 2. Distribución de niños, niñas y adolescentes vinculados a Dispositivos/ Acogimientos Familiares y Centros de Protección Especial, por lugar donde se encuentra residiendo, según propuesta",Total,Total país,Familia de Origen2,332.0,cantidad
Cuadro 2,"Cuadro 2. Distribución de niños, niñas y adolescentes vinculados a Dispositivos/ Acogimientos Familiares y Centros de Protección Especial, por lugar donde se encuentra residiendo, según propuesta",Total,Total país,Contexto Familiar propio3,1319.0,cantidad
Cuadro 2,"Cuadro 2. Distribución de niños, niñas y adolescentes vinculados a Dispositivos/ Acogimientos Familiares y Centros de Protección Especial, por lugar donde se encuentra residiendo, según propuesta",Total,Total país,Acogimiento Familiar propio4,2871.0,cantidad
Cuadro 2,"Cuadro 2. Distribución de niños, niñas y adolescentes vinculados a Dispositivos/ Acogimientos Familiares y Centros de Protección Especial, por lugar donde se encuentra residiendo, según propuesta",Total,Total país,Acogimiento Familiar amigo5,348.0,cantidad
Cuadro 2,"Cuadro 2. Distribución de niños, niñas y adolescentes vinculados a Dispositivos/ Acogimientos Familiares y Centros de Protección Especial, por lugar donde se encuentra residiendo, según propuesta",Total,Total país,Cuidado Residencial6,3274.0,cantidad
Cuadro 2,"Cuadro 2. Distribución de niños, niñas y adolescentes vinculados a Dispositivos/ Acogimientos Familiares y Centros de Protección Especial, por lugar donde se encuentra residiendo, según propuesta",Total,Total país,Con Familia Adoptiva7,633.0,cantidad
Cuadro 2,"Cuadro 2. Distribución de niños, niñas y adolescentes vinculados a Dispositivos/ Acogimientos Familiares y Centros de Protección Especial, por lugar donde se encuentra residiendo, según propuesta",Total,Total país,total,8777.0,cantidad
Cuadro 3,"Cuadro 3. Distribución porcentual de niños, niñas y adolescentes vinculados a Dispositivos/ Acogimientos Familiares y Centros de Protección Especial, por lugar donde se encuentra residiendo, según",Acompañamiento Comunitario8,Total país,Familia de Origen2,87.3,porcentaje
Cuadro 3,"Cuadro 3. Distribución porcentual de niños, niñas y adolescentes vinculados a Dispositivos/ Acogimientos Familiares y Centros de Protección Especial, por lugar donde se encuentra residiendo, según",Acompañamiento Comunitario8,Total país,Contexto Familiar propio3,0.7,porcentaje
Cuadro 3,"Cuadro 3. Distribución porcentual de niños, niñas y adolescentes vinculados a Dispositivos/ Acogimientos Familiares y Centros de Protección Especial, por lugar donde se encuentra residiendo, según",Acompañamiento Comunitario8,Total país,Acogimiento Familiar propio4,87.4,porcentaje
Cuadro 3,"Cuadro 3. Distribución porcentual de niños, niñas y adolescentes vinculados a Dispositivos/ Acogimientos Familiares y Centros de Protección Especial, por lugar donde se encuentra residiendo, según",Acompañamiento Comunitario8,Total país,Acogimiento Familiar amigo5,40.8,porcentaje
Cuadro 3,"Cuadro 3. Distribución porcentual de niños, niñas y adolescentes vinculados a Dispositivos/ Acogimientos Familiares y Centros de Protección Especial, por lugar donde se encuentra residiendo, según",Acompañamiento Comunitario8,Total país,Cuidado Residencial6,0.0,porcentaje
Cuadro 3,"Cuadro 3. Distribución porcentual de niños, niñas y adolescentes vinculados a Dispositivos/ Acogimientos Familiares y Centros de Protección Especial, por lugar donde se encuentra residiendo, según",Acompañamiento Comunitario8,Total país,Con Familia Adoptiva7,100.0,porcentaje
Cuadro 3,"Cuadro 3. Distribución porcentual de niños, niñas y adolescentes vinculados a Dispositivos/ Acogimientos Familiares y Centros de Protección Especial, por lugar donde se encuentra residiendo, según",Acompañamiento Comunitario8,Total país,total,40.8,porcentaje
Cuadro 3,"Cuadro 3. Distribución porcentual de niños, niñas y adolescentes vinculados a Dispositivos/ Acogimientos Familiares y Centros de Protección Especial, por lugar donde se encuentra residiendo, según",Centros de Primera Infancia,Total país,Familia de Origen2,6.0,porcentaje
Cuadro 3,"Cuadro 3. Distribución porcentual de niños, niñas y adolescentes vinculados a Dispositivos/ Acogimientos Familiares y Centros de Protección Especial, por lugar donde se encuentra residiendo, según",Centros de Primera Infancia,Total país,Contexto Familiar propio3,0.0,porcentaje
Cuadro 3,"Cuadro 3. Distribución porcentual de niños, niñas y adolescentes vinculados a Dispositivos/ Acogimientos Familiares y Centros de Protección Especial, por lugar donde se encuentra residiendo, según",Centros de Primera Infancia,Total país,Acogimiento Familiar propio4,6.4,porcentaje
Cuadro 3,"Cuadro 3. Distribución porcentual de niños, niñas y adolescentes vinculados a Dispositivos/ Acogimientos Familiares y Centros de Protección Especial, por lugar donde se encuentra residiendo, según",Centros de Primera Infancia,Total país,Acogimiento Familiar amigo5,0.0,porcentaje
Cuadro 3,"Cuadro 3. Distribución porcentual de niños, niñas y adolescentes vinculados a Dispositivos/ Acogimientos Familiares y Centros de Protección Especial, por lugar donde se encuentra residiendo, según",Centros de Primera Infancia,Total país,Cuidado Residencial6,0.0,porcentaje
Cuadro 3,"Cuadro 3. Distribución porcentual de niños, niñas y adolescentes vinculados a Dispositivos/ Acogimientos Familiares y Centros de Protección Especial, por lugar donde se encuentra residiendo, según",Centros de Primera Infancia,Total país,Con Familia Adoptiva7,0.0,porcentaje
Cuadro 3,"Cuadro 3. Distribución porcentual de niños, niñas y adolescentes vinculados a Dispositivos/ Acogimientos Familiares y Centros de Protección Especial, por lugar donde se encuentra residiendo, según",Centros de Primera Infancia,Total país,total,2.3,porcentaje
Cuadro 3,"Cuadro 3. Distribución porcentual de niños, niñas y adolescentes vinculados a Dispositivos/ Acogimientos Familiares y Centros de Protección Especial, por lugar donde se encuentra residiendo, según",Club de Niños,Total país,Familia de Origen2,9.0,porcentaje
Cuadro 3,"Cuadro 3. Distribución porcentual de niños, niñas y adolescentes vinculados a Dispositivos/ Acogimientos Familiares y Centros de Protección Especial, por lugar donde se encuentra residiendo, según",Club de Niños,Total país,Contexto Familiar propio3,0.0,porcentaje
Cuadro 3,"Cuadro 3. Distribución porcentual de niños, niñas y adolescentes vinculados a Dispositivos/ Acogimientos Familiares y Centros de Protección Especial, por lugar donde se encuentra residiendo, según",Club de Niños,Total país,Acogimiento Familiar propio4,13.1,porcentaje
Cuadro 3,"Cuadro 3. Distribución porcentual de niños, niñas y adolescentes vinculados a Dispositivos/ Acogimientos Familiares y Centros de Protección Especial, por lugar donde se encuentra residiendo, según",Club de Niños,Total país,Acogimiento Familiar amigo5,0.3,porcentaje
Cuadro 3,"Cuadro 3. Distribución porcentual de niños, niñas y adolescentes vinculados a Dispositivos/ Acogimientos Familiares y Centros de Protección Especial, por lugar donde se encuentra residiendo, según",Club de Niños,Total país,Cuidado Residencial6,0.0,porcentaje
Cuadro 3,"Cuadro 3. Distribución porcentual de niños, niñas y adolescentes vinculados a Dispositivos/ Acogimientos Familiares y Centros de Protección Especial, por lugar donde se encuentra residiendo, según",Club de Niños,Total país,Con Familia Adoptiva7,0.0,porcentaje
Cuadro 3,"Cuadro 3. Distribución porcentual de niños, niñas y adolescentes vinculados a Dispositivos/ Acogimientos Familiares y Centros de Protección Especial, por lugar donde se encuentra residiendo, según",Club de Niños,Total país,total,4.6,porcentaje
Cuadro 3,"Cuadro 3. Distribución porcentual de niños, niñas y adolescentes vinculados a Dispositivos/ Acogimientos Familiares y Centros de Protección Especial, por lugar donde se encuentra residiendo, según",Centros Juveniles,Total país,Familia de Origen2,3.9,porcentaje
Cuadro 3,"Cuadro 3. Distribución porcentual de niños, niñas y adolescentes vinculados a Dispositivos/ Acogimientos Familiares y Centros de Protección Especial, por lugar donde se encuentra residiendo, según",Centros Juveniles,Total país,Contexto Familiar propio3,0.0,porcentaje
Cuadro 3,"Cuadro 3. Distribución porcentual de niños, niñas y adolescentes vinculados a Dispositivos/ Acogimientos Familiares y Centros de Protección Especial, por lugar donde se encuentra residiendo, según",Centros Juveniles,Total país,Acogimiento Familiar propio4,5.6,porcentaje
Cuadro 3,"Cuadro 3. Distribución porcentual de niños, niñas y adolescentes vinculados a Dispositivos/ Acogimientos Familiares y Centros de Protección Especial, por lugar donde se encuentra residiendo, según",Centros Juveniles,Total país,Acogimiento Familiar amigo5,0.0,porcentaje
Cuadro 3,"Cuadro 3. Distribución porcentual de niños, niñas y adolescentes vinculados a Dispositivos/ Acogimientos Familiares y Centros de Protección Especial, por lugar donde se encuentra residiendo, según",Centros Juveniles,Total país,Cuidado Residencial6,0.0,porcentaje
Cuadro 3,"Cuadro 3. Distribución porcentual de niños, niñas y adolescentes vinculados a Dispositivos/ Acogimientos Familiares y Centros de Protección Especial, por lugar donde se encuentra residiendo, según",Centros Juveniles,Total país,Con Familia Adoptiva7,0.0,porcentaje
Cuadro 3,"Cuadro 3. Distribución porcentual de niños, niñas y adolescentes vinculados a Dispositivos/ Acogimientos Familiares y Centros de Protección Especial, por lugar donde se encuentra residiendo, según",Centros Juveniles,Total país,total,2.0,porcentaje
Cuadro 3,"Cuadro 3. Distribución porcentual de niños, niñas y adolescentes vinculados a Dispositivos/ Acogimientos Familiares y Centros de Protección Especial, por lugar donde se encuentra residiendo, según",Especializados,Total país,Familia de Origen2,3.9,porcentaje
Cuadro 3,"Cuadro 3. Distribución porcentual de niños, niñas y adolescentes vinculados a Dispositivos/ Acogimientos Familiares y Centros de Protección Especial, por lugar donde se encuentra residiendo, según",Especializados,Total país,Contexto Familiar propio3,0.0,porcentaje
Cuadro 3,"Cuadro 3. Distribución porcentual de niños, niñas y adolescentes vinculados a Dispositivos/ Acogimientos Familiares y Centros de Protección Especial, por lugar donde se encuentra residiendo, según",Especializados,Total país,Acogimiento Familiar propio4,2.5,porcentaje
Cuadro 3,"Cuadro 3. Distribución porcentual de niños, niñas y adolescentes vinculados a Dispositivos/ Acogimientos Familiares y Centros de Protección Especial, por lugar donde se encuentra residiendo, según",Especializados,Total país,Acogimiento Familiar amigo5,0.3,porcentaje
Cuadro 3,"Cuadro 3. Distribución porcentual de niños, niñas y adolescentes vinculados a Dispositivos/ Acogimientos Familiares y Centros de Protección Especial, por lugar donde se encuentra residiendo, según",Especializados,Total país,Cuidado Residencial6,0.0,porcentaje
Cuadro 3,"Cuadro 3. Distribución porcentual de niños, niñas y adolescentes vinculados a Dispositivos/ Acogimientos Familiares y Centros de Protección Especial, por lugar donde se encuentra residiendo, según",Especializados,Total país,Con Familia Adoptiva7,0.0,porcentaje
Cuadro 3,"Cuadro 3. Distribución porcentual de niños, niñas y adolescentes vinculados a Dispositivos/ Acogimientos Familiares y Centros de Protección Especial, por lugar donde se encuentra residiendo, según",Especializados,Total país,total,1.0,porcentaje
Cuadro 3,"Cuadro 3. Distribución porcentual de niños, niñas y adolescentes vinculados a Dispositivos/ Acogimientos Familiares y Centros de Protección Especial, por lugar donde se encuentra residiendo, según","CED, CRL, CEPRODE",Total país,Familia de Origen2,62.7,porcentaje
Cuadro 3,"Cuadro 3. Distribución porcentual de niños, niñas y adolescentes vinculados a Dispositivos/ Acogimientos Familiares y Centros de Protección Especial, por lugar donde se encuentra residiendo, según","CED, CRL, CEPRODE",Total país,Contexto Familiar propio3,0.0,porcentaje
Cuadro 3,"Cuadro 3. Distribución porcentual de niños, niñas y adolescentes vinculados a Dispositivos/ Acogimientos Familiares y Centros de Protección Especial, por lugar donde se encuentra residiendo, según","CED, CRL, CEPRODE",Total país,Acogimiento Familiar propio4,41.5,porcentaje
Cuadro 3,"Cuadro 3. Distribución porcentual de niños, niñas y adolescentes vinculados a Dispositivos/ Acogimientos Familiares y Centros de Protección Especial, por lugar donde se encuentra residiendo, según","CED, CRL, CEPRODE",Total país,Acogimiento Familiar amigo5,6.6,porcentaje
Cuadro 3,"Cuadro 3. Distribución porcentual de niños, niñas y adolescentes vinculados a Dispositivos/ Acogimientos Familiares y Centros de Protección Especial, por lugar donde se encuentra residiendo, según","CED, CRL, CEPRODE",Total país,Cuidado Residencial6,0.0,porcentaje
Cuadro 3,"Cuadro 3. Distribución porcentual de niños, niñas y adolescentes vinculados a Dispositivos/ Acogimientos Familiares y Centros de Protección Especial, por lugar donde se encuentra residiendo, según","CED, CRL, CEPRODE",Total país,Con Familia Adoptiva7,0.0,porcentaje
Cuadro 3,"Cuadro 3. Distribución porcentual de niños, niñas y adolescentes vinculados a Dispositivos/ Acogimientos Familiares y Centros de Protección Especial, por lugar donde se encuentra residiendo, según","CED, CRL, CEPRODE",Total país,total,16.2,porcentaje
Cuadro 3,"Cuadro 3. Distribución porcentual de niños, niñas y adolescentes vinculados a Dispositivos/ Acogimientos Familiares y Centros de Protección Especial, por lugar donde se encuentra residiendo, según",ETAF,Total país,Familia de Origen2,1.5,porcentaje
Cuadro 3,"Cuadro 3. Distribución porcentual de niños, niñas y adolescentes vinculados a Dispositivos/ Acogimientos Familiares y Centros de Protección Especial, por lugar donde se encuentra residiendo, según",ETAF,Total país,Contexto Familiar propio3,0.0,porcentaje
Cuadro 3,"Cuadro 3. Distribución porcentual de niños, niñas y adolescentes vinculados a Dispositivos/ Acogimientos Familiares y Centros de Protección Especial, por lugar donde se encuentra residiendo, según",ETAF,Total país,Acogimiento Familiar propio4,10.4,porcentaje
Cuadro 3,"Cuadro 3. Distribución porcentual de niños, niñas y adolescentes vinculados a Dispositivos/ Acogimientos Familiares y Centros de Protección Especial, por lugar donde se encuentra residiendo, según",ETAF,Total país,Acogimiento Familiar amigo5,0.0,porcentaje
Cuadro 3,"Cuadro 3. Distribución porcentual de niños, niñas y adolescentes vinculados a Dispositivos/ Acogimientos Familiares y Centros de Protección Especial, por lugar donde se encuentra residiendo, según",ETAF,Total país,Cuidado Residencial6,0.0,porcentaje
Cuadro 3,"Cuadro 3. Distribución porcentual de niños, niñas y adolescentes vinculados a Dispositivos/ Acogimientos Familiares y Centros de Protección Especial, por lugar donde se encuentra residiendo, según",ETAF,Total país,Con Familia Adoptiva7,0.0,porcentaje
Cuadro 3,"Cuadro 3. Distribución porcentual de niños, niñas y adolescentes vinculados a Dispositivos/ Acogimientos Familiares y Centros de Protección Especial, por lugar donde se encuentra residiendo, según",ETAF,Total país,total,3.5,porcentaje
Cuadro 3,"Cuadro 3. Distribución porcentual de niños, niñas y adolescentes vinculados a Dispositivos/ Acogimientos Familiares y Centros de Protección Especial, por lugar donde se encuentra residiendo, según",Otros proyectos de atención comunitaria,Total país,Familia de Origen2,0.0,porcentaje
Cuadro 3,"Cuadro 3. Distribución porcentual de niños, niñas y adolescentes vinculados a Dispositivos/ Acogimientos Familiares y Centros de Protección Especial, por lugar donde se encuentra residiendo, según",Otros proyectos de atención comunitaria,Total país,Contexto Familiar propio3,0.0,porcentaje
Cuadro 3,"Cuadro 3. Distribución porcentual de niños, niñas y adolescentes vinculados a Dispositivos/ Acogimientos Familiares y Centros de Protección Especial, por lugar donde se encuentra residiendo, según",Otros proyectos de atención comunitaria,Total país,Acogimiento Familiar propio4,0.1,porcentaje
Cuadro 3,"Cuadro 3. Distribución porcentual de niños, niñas y adolescentes vinculados a Dispositivos/ Acogimientos Familiares y Centros de Protección Especial, por lugar donde se encuentra residiendo, según",Otros proyectos de atención comunitaria,Total país,Acogimiento Familiar amigo5,0.0,porcentaje
Cuadro 3,"Cuadro 3. Distribución porcentual de niños, niñas y adolescentes vinculados a Dispositivos/ Acogimientos Familiares y Centros de Protección Especial, por lugar donde se encuentra residiendo, según",Otros proyectos de atención comunitaria,Total país,Cuidado Residencial6,0.0,porcentaje
Cuadro 3,"Cuadro 3. Distribución porcentual de niños, niñas y adolescentes vinculados a Dispositivos/ Acogimientos Familiares y Centros de Protección Especial, por lugar donde se encuentra residiendo, según",Otros proyectos de atención comunitaria,Total país,Con Familia Adoptiva7,0.0,porcentaje
Cuadro 3,"Cuadro 3. Distribución porcentual de niños, niñas y adolescentes vinculados a Dispositivos/ Acogimientos Familiares y Centros de Protección Especial, por lugar donde se encuentra residiendo, según",Otros proyectos de atención comunitaria,Total país,total,0.0,porcentaje
Cuadro 3,"Cuadro 3. Distribución porcentual de niños, niñas y adolescentes vinculados a Dispositivos/ Acogimientos Familiares y Centros de Protección Especial, por lugar donde se encuentra residiendo, según",Unidades de Acogimiento Familiar10,Total país,Familia de Origen2,0.3,porcentaje
Cuadro 3,"Cuadro 3. Distribución porcentual de niños, niñas y adolescentes vinculados a Dispositivos/ Acogimientos Familiares y Centros de Protección Especial, por lugar donde se encuentra residiendo, según",Unidades de Acogimiento Familiar10,Total país,Contexto Familiar propio3,0.7,porcentaje
Cuadro 3,"Cuadro 3. Distribución porcentual de niños, niñas y adolescentes vinculados a Dispositivos/ Acogimientos Familiares y Centros de Protección Especial, por lugar donde se encuentra residiendo, según",Unidades de Acogimiento Familiar10,Total país,Acogimiento Familiar propio4,7.8,porcentaje
Cuadro 3,"Cuadro 3. Distribución porcentual de niños, niñas y adolescentes vinculados a Dispositivos/ Acogimientos Familiares y Centros de Protección Especial, por lugar donde se encuentra residiendo, según",Unidades de Acogimiento Familiar10,Total país,Acogimiento Familiar amigo5,33.6,porcentaje
Cuadro 3,"Cuadro 3. Distribución porcentual de niños, niñas y adolescentes vinculados a Dispositivos/ Acogimientos Familiares y Centros de Protección Especial, por lugar donde se encuentra residiendo, según",Unidades de Acogimiento Familiar10,Total país,Cuidado Residencial6,0.0,porcentaje
Cuadro 3,"Cuadro 3. Distribución porcentual de niños, niñas y adolescentes vinculados a Dispositivos/ Acogimientos Familiares y Centros de Protección Especial, por lugar donde se encuentra residiendo, según",Unidades de Acogimiento Familiar10,Total país,Con Familia Adoptiva7,0.0,porcentaje
Cuadro 3,"Cuadro 3. Distribución porcentual de niños, niñas y adolescentes vinculados a Dispositivos/ Acogimientos Familiares y Centros de Protección Especial, por lugar donde se encuentra residiendo, según",Unidades de Acogimiento Familiar10,Total país,total,4.0,porcentaje
Cuadro 3,"Cuadro 3. Distribución porcentual de niños, niñas y adolescentes vinculados a Dispositivos/ Acogimientos Familiares y Centros de Protección Especial, por lugar donde se encuentra residiendo, según",Adopciones y Jurídica,Total país,Familia de Origen2,0.0,porcentaje
Cuadro 3,"Cuadro 3. Distribución porcentual de niños, niñas y adolescentes vinculados a Dispositivos/ Acogimientos Familiares y Centros de Protección Especial, por lugar donde se encuentra residiendo, según",Adopciones y Jurídica,Total país,Contexto Familiar propio3,0.0,porcentaje
Cuadro 3,"Cuadro 3. Distribución porcentual de niños, niñas y adolescentes vinculados a Dispositivos/ Acogimientos Familiares y Centros de Protección Especial, por lugar donde se encuentra residiendo, según",Adopciones y Jurídica,Total país,Acogimiento Familiar propio4,0.0,porcentaje
Cuadro 3,"Cuadro 3. Distribución porcentual de niños, niñas y adolescentes vinculados a Dispositivos/ Acogimientos Familiares y Centros de Protección Especial, por lugar donde se encuentra residiendo, según",Adopciones y Jurídica,Total país,Acogimiento Familiar amigo5,0.0,porcentaje
Cuadro 3,"Cuadro 3. Distribución porcentual de niños, niñas y adolescentes vinculados a Dispositivos/ Acogimientos Familiares y Centros de Protección Especial, por lugar donde se encuentra residiendo, según",Adopciones y Jurídica,Total país,Cuidado Residencial6,0.0,porcentaje
Cuadro 3,"Cuadro 3. Distribución porcentual de niños, niñas y adolescentes vinculados a Dispositivos/ Acogimientos Familiares y Centros de Protección Especial, por lugar donde se encuentra residiendo, según",Adopciones y Jurídica,Total país,Con Familia Adoptiva7,100.0,porcentaje
Cuadro 3,"Cuadro 3. Distribución porcentual de niños, niñas y adolescentes vinculados a Dispositivos/ Acogimientos Familiares y Centros de Protección Especial, por lugar donde se encuentra residiendo, según",Adopciones y Jurídica,Total país,total,7.2,porcentaje
Cuadro 3,"Cuadro 3. Distribución porcentual de niños, niñas y adolescentes vinculados a Dispositivos/ Acogimientos Familiares y Centros de Protección Especial, por lugar donde se encuentra residiendo, según",Acompañamiento/ Cuidado Residencial9,Total país,Familia de Origen2,12.7,porcentaje
Cuadro 3,"Cuadro 3. Distribución porcentual de niños, niñas y adolescentes vinculados a Dispositivos/ Acogimientos Familiares y Centros de Protección Especial, por lugar donde se encuentra residiendo, según",Acompañamiento/ Cuidado Residencial9,Total país,Contexto Familiar propio3,99.3,porcentaje
Cuadro 3,"Cuadro 3. Distribución porcentual de niños, niñas y adolescentes vinculados a Dispositivos/ Acogimientos Familiares y Centros de Protección Especial, por lugar donde se encuentra residiendo, según",Acompañamiento/ Cuidado Residencial9,Total país,Acogimiento Familiar propio4,7.7,porcentaje
Cuadro 3,"Cuadro 3. Distribución porcentual de niños, niñas y adolescentes vinculados a Dispositivos/ Acogimientos Familiares y Centros de Protección Especial, por lugar donde se encuentra residiendo, según",Acompañamiento/ Cuidado Residencial9,Total país,Acogimiento Familiar amigo5,59.2,porcentaje
Cuadro 3,"Cuadro 3. Distribución porcentual de niños, niñas y adolescentes vinculados a Dispositivos/ Acogimientos Familiares y Centros de Protección Especial, por lugar donde se encuentra residiendo, según",Acompañamiento/ Cuidado Residencial9,Total país,Cuidado Residencial6,100.0,porcentaje
Cuadro 3,"Cuadro 3. Distribución porcentual de niños, niñas y adolescentes vinculados a Dispositivos/ Acogimientos Familiares y Centros de Protección Especial, por lugar donde se encuentra residiendo, según",Acompañamiento/ Cuidado Residencial9,Total país,Con Familia Adoptiva7,0.0,porcentaje
Cuadro 3,"Cuadro 3. Distribución porcentual de niños, niñas y adolescentes vinculados a Dispositivos/ Acogimientos Familiares y Centros de Protección Especial, por lugar donde se encuentra residiendo, según",Acompañamiento/ Cuidado Residencial9,Total país,total,57.6,porcentaje
Cuadro 3,"Cuadro 3. Distribución porcentual de niños, niñas y adolescentes vinculados a Dispositivos/ Acogimientos Familiares y Centros de Protección Especial, por lugar donde se encuentra residiendo, según",Especial,Total país,Familia de Origen2,12.7,porcentaje
Cuadro 3,"Cuadro 3. Distribución porcentual de niños, niñas y adolescentes vinculados a Dispositivos/ Acogimientos Familiares y Centros de Protección Especial, por lugar donde se encuentra residiendo, según",Especial,Total país,Contexto Familiar propio3,87.1,porcentaje
Cuadro 3,"Cuadro 3. Distribución porcentual de niños, niñas y adolescentes vinculados a Dispositivos/ Acogimientos Familiares y Centros de Protección Especial, por lugar donde se encuentra residiendo, según",Especial,Total país,Acogimiento Familiar propio4,7.7,porcentaje
Cuadro 3,"Cuadro 3. Distribución porcentual de niños, niñas y adolescentes vinculados a Dispositivos/ Acogimientos Familiares y Centros de Protección Especial, por lugar donde se encuentra residiendo, según",Especial,Total país,Acogimiento Familiar amigo5,58.6,porcentaje
Cuadro 3,"Cuadro 3. Distribución porcentual de niños, niñas y adolescentes vinculados a Dispositivos/ Acogimientos Familiares y Centros de Protección Especial, por lugar donde se encuentra residiendo, según",Especial,Total país,Cuidado Residencial6,68.4,porcentaje
Cuadro 3,"Cuadro 3. Distribución porcentual de niños, niñas y adolescentes vinculados a Dispositivos/ Acogimientos Familiares y Centros de Protección Especial, por lugar donde se encuentra residiendo, según",Especial,Total país,Con Familia Adoptiva7,0.0,porcentaje
Cuadro 3,"Cuadro 3. Distribución porcentual de niños, niñas y adolescentes vinculados a Dispositivos/ Acogimientos Familiares y Centros de Protección Especial, por lugar donde se encuentra residiendo, según",Especial,Total país,total,43.9,porcentaje
Cuadro 3,"Cuadro 3. Distribución porcentual de niños, niñas y adolescentes vinculados a Dispositivos/ Acogimientos Familiares y Centros de Protección Especial, por lugar donde se encuentra residiendo, según",En centros de atención integral de 24 hs.,Total país,Familia de Origen2,5.7,porcentaje
Cuadro 3,"Cuadro 3. Distribución porcentual de niños, niñas y adolescentes vinculados a Dispositivos/ Acogimientos Familiares y Centros de Protección Especial, por lugar donde se encuentra residiendo, según",En centros de atención integral de 24 hs.,Total país,Contexto Familiar propio3,56.6,porcentaje
Cuadro 3,"Cuadro 3. Distribución porcentual de niños, niñas y adolescentes vinculados a Dispositivos/ Acogimientos Familiares y Centros de Protección Especial, por lugar donde se encuentra residiendo, según",En centros de atención integral de 24 hs.,Total país,Acogimiento Familiar propio4,3.6,porcentaje
Cuadro 3,"Cuadro 3. Distribución porcentual de niños, niñas y adolescentes vinculados a Dispositivos/ Acogimientos Familiares y Centros de Protección Especial, por lugar donde se encuentra residiendo, según",En centros de atención integral de 24 hs.,Total país,Acogimiento Familiar amigo5,31.0,porcentaje
Cuadro 3,"Cuadro 3. Distribución porcentual de niños, niñas y adolescentes vinculados a Dispositivos/ Acogimientos Familiares y Centros de Protección Especial, por lugar donde se encuentra residiendo, según",En centros de atención integral de 24 hs.,Total país,Cuidado Residencial6,43.3,porcentaje
Cuadro 3,"Cuadro 3. Distribución porcentual de niños, niñas y adolescentes vinculados a Dispositivos/ Acogimientos Familiares y Centros de Protección Especial, por lugar donde se encuentra residiendo, según",En centros de atención integral de 24 hs.,Total país,Con Familia Adoptiva7,0.0,porcentaje
Cuadro 3,"Cuadro 3. Distribución porcentual de niños, niñas y adolescentes vinculados a Dispositivos/ Acogimientos Familiares y Centros de Protección Especial, por lugar donde se encuentra residiendo, según",En centros de atención integral de 24 hs.,Total país,total,27.3,porcentaje
Cuadro 3,"Cuadro 3. Distribución porcentual de niños, niñas y adolescentes vinculados a Dispositivos/ Acogimientos Familiares y Centros de Protección Especial, por lugar donde se encuentra residiendo, según",En centros de breve estadía,Total país,Familia de Origen2,0.0,porcentaje
Cuadro 3,"Cuadro 3. Distribución porcentual de niños, niñas y adolescentes vinculados a Dispositivos/ Acogimientos Familiares y Centros de Protección Especial, por lugar donde se encuentra residiendo, según",En centros de breve estadía,Total país,Contexto Familiar propio3,0.0,porcentaje
Cuadro 3,"Cuadro 3. Distribución porcentual de niños, niñas y adolescentes vinculados a Dispositivos/ Acogimientos Familiares y Centros de Protección Especial, por lugar donde se encuentra residiendo, según",En centros de breve estadía,Total país,Acogimiento Familiar propio4,0.3,porcentaje
Cuadro 3,"Cuadro 3. Distribución porcentual de niños, niñas y adolescentes vinculados a Dispositivos/ Acogimientos Familiares y Centros de Protección Especial, por lugar donde se encuentra residiendo, según",En centros de breve estadía,Total país,Acogimiento Familiar amigo5,0.0,porcentaje
Cuadro 3,"Cuadro 3. Distribución porcentual de niños, niñas y adolescentes vinculados a Dispositivos/ Acogimientos Familiares y Centros de Protección Especial, por lugar donde se encuentra residiendo, según",En centros de breve estadía,Total país,Cuidado Residencial6,1.9,porcentaje
Cuadro 3,"Cuadro 3. Distribución porcentual de niños, niñas y adolescentes vinculados a Dispositivos/ Acogimientos Familiares y Centros de Protección Especial, por lugar donde se encuentra residiendo, según",En centros de breve estadía,Total país,Con Familia Adoptiva7,0.0,porcentaje
Cuadro 3,"Cuadro 3. Distribución porcentual de niños, niñas y adolescentes vinculados a Dispositivos/ Acogimientos Familiares y Centros de Protección Especial, por lugar donde se encuentra residiendo, según",En centros de breve estadía,Total país,total,0.8,porcentaje
Cuadro 3,"Cuadro 3. Distribución porcentual de niños, niñas y adolescentes vinculados a Dispositivos/ Acogimientos Familiares y Centros de Protección Especial, por lugar donde se encuentra residiendo, según",En centros de acogimiento y fortalecimiento familiar (CAFF),Total país,Familia de Origen2,6.9,porcentaje
Cuadro 3,"Cuadro 3. Distribución porcentual de niños, niñas y adolescentes vinculados a Dispositivos/ Acogimientos Familiares y Centros de Protección Especial, por lugar donde se encuentra residiendo, según",En centros de acogimiento y fortalecimiento familiar (CAFF),Total país,Contexto Familiar propio3,28.4,porcentaje
Cuadro 3,"Cuadro 3. Distribución porcentual de niños, niñas y adolescentes vinculados a Dispositivos/ Acogimientos Familiares y Centros de Protección Especial, por lugar donde se encuentra residiendo, según",En centros de acogimiento y fortalecimiento familiar (CAFF),Total país,Acogimiento Familiar propio4,3.8,porcentaje
Cuadro 3,"Cuadro 3. Distribución porcentual de niños, niñas y adolescentes vinculados a Dispositivos/ Acogimientos Familiares y Centros de Protección Especial, por lugar donde se encuentra residiendo, según",En centros de acogimiento y fortalecimiento familiar (CAFF),Total país,Acogimiento Familiar amigo5,27.6,porcentaje
Cuadro 3,"Cuadro 3. Distribución porcentual de niños, niñas y adolescentes vinculados a Dispositivos/ Acogimientos Familiares y Centros de Protección Especial, por lugar donde se encuentra residiendo, según",En centros de acogimiento y fortalecimiento familiar (CAFF),Total país,Cuidado Residencial6,21.7,porcentaje
Cuadro 3,"Cuadro 3. Distribución porcentual de niños, niñas y adolescentes vinculados a Dispositivos/ Acogimientos Familiares y Centros de Protección Especial, por lugar donde se encuentra residiendo, según",En centros de acogimiento y fortalecimiento familiar (CAFF),Total país,Con Familia Adoptiva7,0.0,porcentaje
Cuadro 3,"Cuadro 3. Distribución porcentual de niños, niñas y adolescentes vinculados a Dispositivos/ Acogimientos Familiares y Centros de Protección Especial, por lugar donde se encuentra residiendo, según",En centros de acogimiento y fortalecimiento familiar (CAFF),Total país,total,14.9,porcentaje
Cuadro 3,"Cuadro 3. Distribución porcentual de niños, niñas y adolescentes vinculados a Dispositivos/ Acogimientos Familiares y Centros de Protección Especial, por lugar donde se encuentra residiendo, según",En residencias para adolescentes madres,Total país,Familia de Origen2,0.0,porcentaje
Cuadro 3,"Cuadro 3. Distribución porcentual de niños, niñas y adolescentes vinculados a Dispositivos/ Acogimientos Familiares y Centros de Protección Especial, por lugar donde se encuentra residiendo, según",En residencias para adolescentes madres,Total país,Contexto Familiar propio3,2.2,porcentaje
Cuadro 3,"Cuadro 3. Distribución porcentual de niños, niñas y adolescentes vinculados a Dispositivos/ Acogimientos Familiares y Centros de Protección Especial, por lugar donde se encuentra residiendo, según",En residencias para adolescentes madres,Total país,Acogimiento Familiar propio4,0.0,porcentaje
Cuadro 3,"Cuadro 3. Distribución porcentual de niños, niñas y adolescentes vinculados a Dispositivos/ Acogimientos Familiares y Centros de Protección Especial, por lugar donde se encuentra residiendo, según",En residencias para adolescentes madres,Total país,Acogimiento Familiar amigo5,0.0,porcentaje
Cuadro 3,"Cuadro 3. Distribución porcentual de niños, niñas y adolescentes vinculados a Dispositivos/ Acogimientos Familiares y Centros de Protección Especial, por lugar donde se encuentra residiendo, según",En residencias para adolescentes madres,Total país,Cuidado Residencial6,1.5,porcentaje
Cuadro 3,"Cuadro 3. Distribución porcentual de niños, niñas y adolescentes vinculados a Dispositivos/ Acogimientos Familiares y Centros de Protección Especial, por lugar donde se encuentra residiendo, según",En residencias para adolescentes madres,Total país,Con Familia Adoptiva7,0.0,porcentaje
Cuadro 3,"Cuadro 3. Distribución porcentual de niños, niñas y adolescentes vinculados a Dispositivos/ Acogimientos Familiares y Centros de Protección Especial, por lugar donde se encuentra residiendo, según",En residencias para adolescentes madres,Total país,total,0.9,porcentaje
Cuadro 3,"Cuadro 3. Distribución porcentual de niños, niñas y adolescentes vinculados a Dispositivos/ Acogimientos Familiares y Centros de Protección Especial, por lugar donde se encuentra residiendo, según",Especializado,Total país,Familia de Origen2,0.0,porcentaje
Cuadro 3,"Cuadro 3. Distribución porcentual de niños, niñas y adolescentes vinculados a Dispositivos/ Acogimientos Familiares y Centros de Protección Especial, por lugar donde se encuentra residiendo, según",Especializado,Total país,Contexto Familiar propio3,12.2,porcentaje
Cuadro 3,"Cuadro 3. Distribución porcentual de niños, niñas y adolescentes vinculados a Dispositivos/ Acogimientos Familiares y Centros de Protección Especial, por lugar donde se encuentra residiendo, según",Especializado,Total país,Acogimiento Familiar propio4,0.0,porcentaje
Cuadro 3,"Cuadro 3. Distribución porcentual de niños, niñas y adolescentes vinculados a Dispositivos/ Acogimientos Familiares y Centros de Protección Especial, por lugar donde se encuentra residiendo, según",Especializado,Total país,Acogimiento Familiar amigo5,0.6,porcentaje
Cuadro 3,"Cuadro 3. Distribución porcentual de niños, niñas y adolescentes vinculados a Dispositivos/ Acogimientos Familiares y Centros de Protección Especial, por lugar donde se encuentra residiendo, según",Especializado,Total país,Cuidado Residencial6,31.6,porcentaje
Cuadro 3,"Cuadro 3. Distribución porcentual de niños, niñas y adolescentes vinculados a Dispositivos/ Acogimientos Familiares y Centros de Protección Especial, por lugar donde se encuentra residiendo, según",Especializado,Total país,Con Familia Adoptiva7,0.0,porcentaje
Cuadro 3,"Cuadro 3. Distribución porcentual de niños, niñas y adolescentes vinculados a Dispositivos/ Acogimientos Familiares y Centros de Protección Especial, por lugar donde se encuentra residiendo, según",Especializado,Total país,total,13.6,porcentaje
Cuadro 3,"Cuadro 3. Distribución porcentual de niños, niñas y adolescentes vinculados a Dispositivos/ Acogimientos Familiares y Centros de Protección Especial, por lugar donde se encuentra residiendo, según",En residencias para la atención en discapacidad,Total país,Familia de Origen2,0.0,porcentaje
Cuadro 3,"Cuadro 3. Distribución porcentual de niños, niñas y adolescentes vinculados a Dispositivos/ Acogimientos Familiares y Centros de Protección Especial, por lugar donde se encuentra residiendo, según",En residencias para la atención en discapacidad,Total país,Contexto Familiar propio3,0.8,porcentaje
Cuadro 3,"Cuadro 3. Distribución porcentual de niños, niñas y adolescentes vinculados a Dispositivos/ Acogimientos Familiares y Centros de Protección Especial, por lugar donde se encuentra residiendo, según",En residencias para la atención en discapacidad,Total país,Acogimiento Familiar propio4,0.0,porcentaje
Cuadro 3,"Cuadro 3. Distribución porcentual de niños, niñas y adolescentes vinculados a Dispositivos/ Acogimientos Familiares y Centros de Protección Especial, por lugar donde se encuentra residiendo, según",En residencias para la atención en discapacidad,Total país,Acogimiento Familiar amigo5,0.6,porcentaje
Cuadro 3,"Cuadro 3. Distribución porcentual de niños, niñas y adolescentes vinculados a Dispositivos/ Acogimientos Familiares y Centros de Protección Especial, por lugar donde se encuentra residiendo, según",En residencias para la atención en discapacidad,Total país,Cuidado Residencial6,17.4,porcentaje
Cuadro 3,"Cuadro 3. Distribución porcentual de niños, niñas y adolescentes vinculados a Dispositivos/ Acogimientos Familiares y Centros de Protección Especial, por lugar donde se encuentra residiendo, según",En residencias para la atención en discapacidad,Total país,Con Familia Adoptiva7,0.0,porcentaje
Cuadro 3,"Cuadro 3. Distribución porcentual de niños, niñas y adolescentes vinculados a Dispositivos/ Acogimientos Familiares y Centros de Protección Especial, por lugar donde se encuentra residiendo, según",En residencias para la atención en discapacidad,Total país,total,6.6,porcentaje
Cuadro 3,"Cuadro 3. Distribución porcentual de niños, niñas y adolescentes vinculados a Dispositivos/ Acogimientos Familiares y Centros de Protección Especial, por lugar donde se encuentra residiendo, según",En residencias para la atención en salud mental,Total país,Familia de Origen2,0.0,porcentaje
Cuadro 3,"Cuadro 3. Distribución porcentual de niños, niñas y adolescentes vinculados a Dispositivos/ Acogimientos Familiares y Centros de Protección Especial, por lugar donde se encuentra residiendo, según",En residencias para la atención en salud mental,Total país,Contexto Familiar propio3,0.1,porcentaje
Cuadro 3,"Cuadro 3. Distribución porcentual de niños, niñas y adolescentes vinculados a Dispositivos/ Acogimientos Familiares y Centros de Protección Especial, por lugar donde se encuentra residiendo, según",En residencias para la atención en salud mental,Total país,Acogimiento Familiar propio4,0.0,porcentaje
Cuadro 3,"Cuadro 3. Distribución porcentual de niños, niñas y adolescentes vinculados a Dispositivos/ Acogimientos Familiares y Centros de Protección Especial, por lugar donde se encuentra residiendo, según",En residencias para la atención en salud mental,Total país,Acogimiento Familiar amigo5,0.0,porcentaje
Cuadro 3,"Cuadro 3. Distribución porcentual de niños, niñas y adolescentes vinculados a Dispositivos/ Acogimientos Familiares y Centros de Protección Especial, por lugar donde se encuentra residiendo, según",En residencias para la atención en salud mental,Total país,Cuidado Residencial6,8.5,porcentaje
Cuadro 3,"Cuadro 3. Distribución porcentual de niños, niñas y adolescentes vinculados a Dispositivos/ Acogimientos Familiares y Centros de Protección Especial, por lugar donde se encuentra residiendo, según",En residencias para la atención en salud mental,Total país,Con Familia Adoptiva7,0.0,porcentaje
Cuadro 3,"Cuadro 3. Distribución porcentual de niños, niñas y adolescentes vinculados a Dispositivos/ Acogimientos Familiares y Centros de Protección Especial, por lugar donde se encuentra residiendo, según",En residencias para la atención en salud mental,Total país,total,3.2,porcentaje
Cuadro 3,"Cuadro 3. Distribución porcentual de niños, niñas y adolescentes vinculados a Dispositivos/ Acogimientos Familiares y Centros de Protección Especial, por lugar donde se encuentra residiendo, según",En residencias para situaciones de violencia,Total país,Familia de Origen2,0.0,porcentaje
Cuadro 3,"Cuadro 3. Distribución porcentual de niños, niñas y adolescentes vinculados a Dispositivos/ Acogimientos Familiares y Centros de Protección Especial, por lugar donde se encuentra residiendo, según",En residencias para situaciones de violencia,Total país,Contexto Familiar propio3,8.6,porcentaje
Cuadro 3,"Cuadro 3. Distribución porcentual de niños, niñas y adolescentes vinculados a Dispositivos/ Acogimientos Familiares y Centros de Protección Especial, por lugar donde se encuentra residiendo, según",En residencias para situaciones de violencia,Total país,Acogimiento Familiar propio4,0.0,porcentaje
Cuadro 3,"Cuadro 3. Distribución porcentual de niños, niñas y adolescentes vinculados a Dispositivos/ Acogimientos Familiares y Centros de Protección Especial, por lugar donde se encuentra residiendo, según",En residencias para situaciones de violencia,Total país,Acogimiento Familiar amigo5,0.0,porcentaje
Cuadro 3,"Cuadro 3. Distribución porcentual de niños, niñas y adolescentes vinculados a Dispositivos/ Acogimientos Familiares y Centros de Protección Especial, por lugar donde se encuentra residiendo, según",En residencias para situaciones de violencia,Total país,Cuidado Residencial6,3.7,porcentaje
Cuadro 3,"Cuadro 3. Distribución porcentual de niños, niñas y adolescentes vinculados a Dispositivos/ Acogimientos Familiares y Centros de Protección Especial, por lugar donde se encuentra residiendo, según",En residencias para situaciones de violencia,Total país,Con Familia Adoptiva7,0.0,porcentaje
Cuadro 3,"Cuadro 3. Distribución porcentual de niños, niñas y adolescentes vinculados a Dispositivos/ Acogimientos Familiares y Centros de Protección Especial, por lugar donde se encuentra residiendo, según",En residencias para situaciones de violencia,Total país,total,2.7,porcentaje
Cuadro 3,"Cuadro 3. Distribución porcentual de niños, niñas y adolescentes vinculados a Dispositivos/ Acogimientos Familiares y Centros de Protección Especial, por lugar donde se encuentra residiendo, según",En residencias para situaciones de calle,Total país,Familia de Origen2,0.0,porcentaje
Cuadro 3,"Cuadro 3. Distribución porcentual de niños, niñas y adolescentes vinculados a Dispositivos/ Acogimientos Familiares y Centros de Protección Especial, por lugar donde se encuentra residiendo, según",En residencias para situaciones de calle,Total país,Contexto Familiar propio3,0.6,porcentaje
Cuadro 3,"Cuadro 3. Distribución porcentual de niños, niñas y adolescentes vinculados a Dispositivos/ Acogimientos Familiares y Centros de Protección Especial, por lugar donde se encuentra residiendo, según",En residencias para situaciones de calle,Total país,Acogimiento Familiar propio4,0.0,porcentaje
Cuadro 3,"Cuadro 3. Distribución porcentual de niños, niñas y adolescentes vinculados a Dispositivos/ Acogimientos Familiares y Centros de Protección Especial, por lugar donde se encuentra residiendo, según",En residencias para situaciones de calle,Total país,Acogimiento Familiar amigo5,0.0,porcentaje
Cuadro 3,"Cuadro 3. Distribución porcentual de niños, niñas y adolescentes vinculados a Dispositivos/ Acogimientos Familiares y Centros de Protección Especial, por lugar donde se encuentra residiendo, según",En residencias para situaciones de calle,Total país,Cuidado Residencial6,1.5,porcentaje
Cuadro 3,"Cuadro 3. Distribución porcentual de niños, niñas y adolescentes vinculados a Dispositivos/ Acogimientos Familiares y Centros de Protección Especial, por lugar donde se encuentra residiendo, según",En residencias para situaciones de calle,Total país,Con Familia Adoptiva7,0.0,porcentaje
Cuadro 3,"Cuadro 3. Distribución porcentual de niños, niñas y adolescentes vinculados a Dispositivos/ Acogimientos Familiares y Centros de Protección Especial, por lugar donde se encuentra residiendo, según",En residencias para situaciones de calle,Total país,total,0.6,porcentaje
Cuadro 3,"Cuadro 3. Distribución porcentual de niños, niñas y adolescentes vinculados a Dispositivos/ Acogimientos Familiares y Centros de Protección Especial, por lugar donde se encuentra residiendo, según",En residencias para situaciones de consumo,Total país,Familia de Origen2,0.0,porcentaje
Cuadro 3,"Cuadro 3. Distribución porcentual de niños, niñas y adolescentes vinculados a Dispositivos/ Acogimientos Familiares y Centros de Protección Especial, por lugar donde se encuentra residiendo, según",En residencias para situaciones de consumo,Total país,Contexto Familiar propio3,2.1,porcentaje
Cuadro 3,"Cuadro 3. Distribución porcentual de niños, niñas y adolescentes vinculados a Dispositivos/ Acogimientos Familiares y Centros de Protección Especial, por lugar donde se encuentra residiendo, según",En residencias para situaciones de consumo,Total país,Acogimiento Familiar propio4,0.0,porcentaje
Cuadro 3,"Cuadro 3. Distribución porcentual de niños, niñas y adolescentes vinculados a Dispositivos/ Acogimientos Familiares y Centros de Protección Especial, por lugar donde se encuentra residiendo, según",En residencias para situaciones de consumo,Total país,Acogimiento Familiar amigo5,0.0,porcentaje
Cuadro 3,"Cuadro 3. Distribución porcentual de niños, niñas y adolescentes vinculados a Dispositivos/ Acogimientos Familiares y Centros de Protección Especial, por lugar donde se encuentra residiendo, según",En residencias para situaciones de consumo,Total país,Cuidado Residencial6,0.5,porcentaje
Cuadro 3,"Cuadro 3. Distribución porcentual de niños, niñas y adolescentes vinculados a Dispositivos/ Acogimientos Familiares y Centros de Protección Especial, por lugar donde se encuentra residiendo, según",En residencias para situaciones de consumo,Total país,Con Familia Adoptiva7,0.0,porcentaje
Cuadro 3,"Cuadro 3. Distribución porcentual de niños, niñas y adolescentes vinculados a Dispositivos/ Acogimientos Familiares y Centros de Protección Especial, por lugar donde se encuentra residiendo, según",En residencias para situaciones de consumo,Total país,total,0.5,porcentaje
Cuadro 3,"Cuadro 3. Distribución porcentual de niños, niñas y adolescentes vinculados a Dispositivos/ Acogimientos Familiares y Centros de Protección Especial, por lugar donde se encuentra residiendo, según",Sin datos de seguimiento,Total país,Familia de Origen2,0.0,porcentaje
Cuadro 3,"Cuadro 3. Distribución porcentual de niños, niñas y adolescentes vinculados a Dispositivos/ Acogimientos Familiares y Centros de Protección Especial, por lugar donde se encuentra residiendo, según",Sin datos de seguimiento,Total país,Contexto Familiar propio3,0.0,porcentaje
Cuadro 3,"Cuadro 3. Distribución porcentual de niños, niñas y adolescentes vinculados a Dispositivos/ Acogimientos Familiares y Centros de Protección Especial, por lugar donde se encuentra residiendo, según",Sin datos de seguimiento,Total país,Acogimiento Familiar propio4,4.9,porcentaje
Cuadro 3,"Cuadro 3. Distribución porcentual de niños, niñas y adolescentes vinculados a Dispositivos/ Acogimientos Familiares y Centros de Protección Especial, por lugar donde se encuentra residiendo, según",Sin datos de seguimiento,Total país,Acogimiento Familiar amigo5,0.0,porcentaje
Cuadro 3,"Cuadro 3. Distribución porcentual de niños, niñas y adolescentes vinculados a Dispositivos/ Acogimientos Familiares y Centros de Protección Especial, por lugar donde se encuentra residiendo, según",Sin datos de seguimiento,Total país,Cuidado Residencial6,0.0,porcentaje
Cuadro 3,"Cuadro 3. Distribución porcentual de niños, niñas y adolescentes vinculados a Dispositivos/ Acogimientos Familiares y Centros de Protección Especial, por lugar donde se encuentra residiendo, según",Sin datos de seguimiento,Total país,Con Familia Adoptiva7,0.0,porcentaje
Cuadro 3,"Cuadro 3. Distribución porcentual de niños, niñas y adolescentes vinculados a Dispositivos/ Acogimientos Familiares y Centros de Protección Especial, por lugar donde se encuentra residiendo, según",Sin datos de seguimiento,Total país,total,1.6,porcentaje
Cuadro 3,"Cuadro 3. Distribución porcentual de niños, niñas y adolescentes vinculados a Dispositivos/ Acogimientos Familiares y Centros de Protección Especial, por lugar donde se encuentra residiendo, según",Total,Total país,Familia de Origen2,100.0,porcentaje
Cuadro 3,"Cuadro 3. Distribución porcentual de niños, niñas y adolescentes vinculados a Dispositivos/ Acogimientos Familiares y Centros de Protección Especial, por lugar donde se encuentra residiendo, según",Total,Total país,Contexto Familiar propio3,100.0,porcentaje
Cuadro 3,"Cuadro 3. Distribución porcentual de niños, niñas y adolescentes vinculados a Dispositivos/ Acogimientos Familiares y Centros de Protección Especial, por lugar donde se encuentra residiendo, según",Total,Total país,Acogimiento Familiar propio4,100.0,porcentaje
Cuadro 3,"Cuadro 3. Distribución porcentual de niños, niñas y adolescentes vinculados a Dispositivos/ Acogimientos Familiares y Centros de Protección Especial, por lugar donde se encuentra residiendo, según",Total,Total país,Acogimiento Familiar amigo5,100.0,porcentaje
Cuadro 3,"Cuadro 3. Distribución porcentual de niños, niñas y adolescentes vinculados a Dispositivos/ Acogimientos Familiares y Centros de Protección Especial, por lugar donde se encuentra residiendo, según",Total,Total país,Cuidado Residencial6,100.0,porcentaje
Cuadro 3,"Cuadro 3. Distribución porcentual de niños, niñas y adolescentes vinculados a Dispositivos/ Acogimientos Familiares y Centros de Protección Especial, por lugar donde se encuentra residiendo, según",Total,Total país,Con Familia Adoptiva7,100.0,porcentaje
Cuadro 3,"Cuadro 3. Distribución porcentual de niños, niñas y adolescentes vinculados a Dispositivos/ Acogimientos Familiares y Centros de Protección Especial, por lugar donde se encuentra residiendo, según",Total,Total país,total,100.0,porcentaje
