indicador_codigo,indicador_nombre,departamento,periodo,apertura,valor,unidad
1,Cantidad de NNA atendidos en algún proyecto del Sistema de Protección Especial del departamento,Artigas,2020-S1,total,114.0,cantidad
1,Cantidad de NNA atendidos en algún proyecto del Sistema de Protección Especial del departamento,Artigas,2020-S2,total,115.0,cantidad
1,Cantidad de NNA atendidos en algún proyecto del Sistema de Protección Especial del departamento,Artigas,2021-S1,total,146.0,cantidad
1,Cantidad de NNA atendidos en algún proyecto del Sistema de Protección Especial del departamento,Artigas,2021-S2,total,165.0,cantidad
1,Cantidad de NNA atendidos en algún proyecto del Sistema de Protección Especial del departamento,Artigas,2022-S1,total,164.0,cantidad
1,Cantidad de NNA atendidos en algún proyecto del Sistema de Protección Especial del departamento,Artigas,2022-S2,total,172.0,cantidad
1,Cantidad de NNA atendidos en algún proyecto del Sistema de Protección Especial del departamento,Artigas,2023-S1,total,177.0,cantidad
1,Cantidad de NNA atendidos en algún proyecto del Sistema de Protección Especial del departamento,Artigas,2023-S2,total,189.0,cantidad
1,Cantidad de NNA atendidos en algún proyecto del Sistema de Protección Especial del departamento,Artigas,2024-S1,total,189.0,cantidad
1,Cantidad de NNA atendidos en algún proyecto del Sistema de Protección Especial del departamento,Artigas,2024-S2,total,207.0,cantidad
1,Cantidad de NNA atendidos en algún proyecto del Sistema de Protección Especial del departamento,Artigas,2025-S1,total,217.0,cantidad
1,Cantidad de NNA atendidos en algún proyecto del Sistema de Protección Especial del departamento,Artigas,2025-S2,total,199.0,cantidad
2,Porcentaje de NNA atendidos en algún proyecto del Sistema de Protección Especial del departamento respecto a la población total INAU del departamento,Artigas,2020-S1,total,3.7,porcentaje
2,Porcentaje de NNA atendidos en algún proyecto del Sistema de Protección Especial del departamento respecto a la población total INAU del departamento,Artigas,2020-S2,total,3.7,porcentaje
2,Porcentaje de NNA atendidos en algún proyecto del Sistema de Protección Especial del departamento respecto a la población total INAU del departamento,Artigas,2021-S1,total,4.6,porcentaje
2,Porcentaje de NNA atendidos en algún proyecto del Sistema de Protección Especial del departamento respecto a la población total INAU del departamento,Artigas,2021-S2,total,5.2,porcentaje
2,Porcentaje de NNA atendidos en algún proyecto del Sistema de Protección Especial del departamento respecto a la población total INAU del departamento,Artigas,2022-S1,total,5.1,porcentaje
2,Porcentaje de NNA atendidos en algún proyecto del Sistema de Protección Especial del departamento respecto a la población total INAU del departamento,Artigas,2022-S2,total,5.0,porcentaje
2,Porcentaje de NNA atendidos en algún proyecto del Sistema de Protección Especial del departamento respecto a la población total INAU del departamento,Artigas,2023-S1,total,5.3,porcentaje
2,Porcentaje de NNA atendidos en algún proyecto del Sistema de Protección Especial del departamento respecto a la población total INAU del departamento,Artigas,2023-S2,total,5.4,porcentaje
2,Porcentaje de NNA atendidos en algún proyecto del Sistema de Protección Especial del departamento respecto a la población total INAU del departamento,Artigas,2024-S1,total,5.6,porcentaje
2,Porcentaje de NNA atendidos en algún proyecto del Sistema de Protección Especial del departamento respecto a la población total INAU del departamento,Artigas,2024-S2,total,6.1,porcentaje
2,Porcentaje de NNA atendidos en algún proyecto del Sistema de Protección Especial del departamento respecto a la población total INAU del departamento,Artigas,2025-S1,total,6.6,porcentaje
2,Porcentaje de NNA atendidos en algún proyecto del Sistema de Protección Especial del departamento respecto a la población total INAU del departamento,Artigas,2025-S2,total,6.1,porcentaje
5,Cantidad de NNA en el Sistema de Protección Especial del departamento que viven en residencia,Artigas,2020-S1,total,29.0,cantidad
5,Cantidad de NNA en el Sistema de Protección Especial del departamento que viven en residencia,Artigas,2020-S2,total,41.0,cantidad
5,Cantidad de NNA en el Sistema de Protección Especial del departamento que viven en residencia,Artigas,2021-S1,total,44.0,cantidad
5,Cantidad de NNA en el Sistema de Protección Especial del departamento que viven en residencia,Artigas,2021-S2,total,54.0,cantidad
5,Cantidad de NNA en el Sistema de Protección Especial del departamento que viven en residencia,Artigas,2022-S1,total,22.0,cantidad
5,Cantidad de NNA en el Sistema de Protección Especial del departamento que viven en residencia,Artigas,2022-S2,total,23.0,cantidad
5,Cantidad de NNA en el Sistema de Protección Especial del departamento que viven en residencia,Artigas,2023-S1,total,27.0,cantidad
5,Cantidad de NNA en el Sistema de Protección Especial del departamento que viven en residencia,Artigas,2023-S2,total,28.0,cantidad
5,Cantidad de NNA en el Sistema de Protección Especial del departamento que viven en residencia,Artigas,2024-S1,total,25.0,cantidad
5,Cantidad de NNA en el Sistema de Protección Especial del departamento que viven en residencia,Artigas,2024-S2,total,26.0,cantidad
5,Cantidad de NNA en el Sistema de Protección Especial del departamento que viven en residencia,Artigas,2025-S1,total,42.0,cantidad
5,Cantidad de NNA en el Sistema de Protección Especial del departamento que viven en residencia,Artigas,2025-S2,total,28.0,cantidad
6,Cantidad de NNA en el Sistema de Protección Especial del departamento que viven en contexto familiar,Artigas,2020-S1,total,85.0,cantidad
6,Cantidad de NNA en el Sistema de Protección Especial del departamento que viven en contexto familiar,Artigas,2020-S2,total,74.0,cantidad
6,Cantidad de NNA en el Sistema de Protección Especial del departamento que viven en contexto familiar,Artigas,2021-S1,total,102.0,cantidad
6,Cantidad de NNA en el Sistema de Protección Especial del departamento que viven en contexto familiar,Artigas,2021-S2,total,111.0,cantidad
6,Cantidad de NNA en el Sistema de Protección Especial del departamento que viven en contexto familiar,Artigas,2022-S1,total,142.0,cantidad
6,Cantidad de NNA en el Sistema de Protección Especial del departamento que viven en contexto familiar,Artigas,2022-S2,total,149.0,cantidad
6,Cantidad de NNA en el Sistema de Protección Especial del departamento que viven en contexto familiar,Artigas,2023-S1,total,150.0,cantidad
6,Cantidad de NNA en el Sistema de Protección Especial del departamento que viven en contexto familiar,Artigas,2023-S2,total,161.0,cantidad
6,Cantidad de NNA en el Sistema de Protección Especial del departamento que viven en contexto familiar,Artigas,2024-S1,total,160.0,cantidad
6,Cantidad de NNA en el Sistema de Protección Especial del departamento que viven en contexto familiar,Artigas,2024-S2,total,181.0,cantidad
6,Cantidad de NNA en el Sistema de Protección Especial del departamento que viven en contexto familiar,Artigas,2025-S1,total,175.0,cantidad
6,Cantidad de NNA en el Sistema de Protección Especial del departamento que viven en contexto familiar,Artigas,2025-S2,total,171.0,cantidad
7,Cantidad de NNA en el departamento que ingresan por primera vez al Sistema de Protección Especial,Artigas,2020-S1,total,21.0,cantidad
7,Cantidad de NNA en el departamento que ingresan por primera vez al Sistema de Protección Especial,Artigas,2020-S2,total,27.0,cantidad
7,Cantidad de NNA en el departamento que ingresan por primera vez al Sistema de Protección Especial,Artigas,2021-S1,total,49.0,cantidad
7,Cantidad de NNA en el departamento que ingresan por primera vez al Sistema de Protección Especial,Artigas,2021-S2,total,51.0,cantidad
7,Cantidad de NNA en el departamento que ingresan por primera vez al Sistema de Protección Especial,Artigas,2022-S1,total,34.0,cantidad
7,Cantidad de NNA en el departamento que ingresan por primera vez al Sistema de Protección Especial,Artigas,2022-S2,total,52.0,cantidad
7,Cantidad de NNA en el departamento que ingresan por primera vez al Sistema de Protección Especial,Artigas,2023-S1,total,49.0,cantidad
7,Cantidad de NNA en el departamento que ingresan por primera vez al Sistema de Protección Especial,Artigas,2023-S2,total,45.0,cantidad
7,Cantidad de NNA en el departamento que ingresan por primera vez al Sistema de Protección Especial,Artigas,2024-S1,total,36.0,cantidad
7,Cantidad de NNA en el departamento que ingresan por primera vez al Sistema de Protección Especial,Artigas,2024-S2,total,32.0,cantidad
7,Cantidad de NNA en el departamento que ingresan por primera vez al Sistema de Protección Especial,Artigas,2025-S1,total,43.0,cantidad
7,Cantidad de NNA en el departamento que ingresan por primera vez al Sistema de Protección Especial,Artigas,2025-S2,total,47.0,cantidad
8,"Porcentaje de NNA que ingresan por primera vez al Sistema de Protección Especial en algún proyecto del departamento, respecto al total de atendidos por el Sistema en el departamento",Artigas,2020-S1,total,15.9,porcentaje
8,"Porcentaje de NNA que ingresan por primera vez al Sistema de Protección Especial en algún proyecto del departamento, respecto al total de atendidos por el Sistema en el departamento",Artigas,2020-S2,total,19.6,porcentaje
8,"Porcentaje de NNA que ingresan por primera vez al Sistema de Protección Especial en algún proyecto del departamento, respecto al total de atendidos por el Sistema en el departamento",Artigas,2021-S1,total,30.2,porcentaje
8,"Porcentaje de NNA que ingresan por primera vez al Sistema de Protección Especial en algún proyecto del departamento, respecto al total de atendidos por el Sistema en el departamento",Artigas,2021-S2,total,27.0,porcentaje
8,"Porcentaje de NNA que ingresan por primera vez al Sistema de Protección Especial en algún proyecto del departamento, respecto al total de atendidos por el Sistema en el departamento",Artigas,2022-S1,total,17.5,porcentaje
8,"Porcentaje de NNA que ingresan por primera vez al Sistema de Protección Especial en algún proyecto del departamento, respecto al total de atendidos por el Sistema en el departamento",Artigas,2022-S2,total,23.7,porcentaje
8,"Porcentaje de NNA que ingresan por primera vez al Sistema de Protección Especial en algún proyecto del departamento, respecto al total de atendidos por el Sistema en el departamento",Artigas,2023-S1,total,21.0,porcentaje
8,"Porcentaje de NNA que ingresan por primera vez al Sistema de Protección Especial en algún proyecto del departamento, respecto al total de atendidos por el Sistema en el departamento",Artigas,2023-S2,total,18.9,porcentaje
8,"Porcentaje de NNA que ingresan por primera vez al Sistema de Protección Especial en algún proyecto del departamento, respecto al total de atendidos por el Sistema en el departamento",Artigas,2024-S1,total,15.3,porcentaje
8,"Porcentaje de NNA que ingresan por primera vez al Sistema de Protección Especial en algún proyecto del departamento, respecto al total de atendidos por el Sistema en el departamento",Artigas,2024-S2,total,13.6,porcentaje
8,"Porcentaje de NNA que ingresan por primera vez al Sistema de Protección Especial en algún proyecto del departamento, respecto al total de atendidos por el Sistema en el departamento",Artigas,2025-S1,total,16.7,porcentaje
8,"Porcentaje de NNA que ingresan por primera vez al Sistema de Protección Especial en algún proyecto del departamento, respecto al total de atendidos por el Sistema en el departamento",Artigas,2025-S2,total,17.0,porcentaje
9,Cantidad de NNA que ingresan con trayectoria anterior al Sistema de Protección Especial en el departamento,Artigas,2020-S1,total,1.0,cantidad
9,Cantidad de NNA que ingresan con trayectoria anterior al Sistema de Protección Especial en el departamento,Artigas,2020-S2,total,2.0,cantidad
9,Cantidad de NNA que ingresan con trayectoria anterior al Sistema de Protección Especial en el departamento,Artigas,2021-S1,total,1.0,cantidad
9,Cantidad de NNA que ingresan con trayectoria anterior al Sistema de Protección Especial en el departamento,Artigas,2021-S2,total,2.0,cantidad
9,Cantidad de NNA que ingresan con trayectoria anterior al Sistema de Protección Especial en el departamento,Artigas,2022-S1,total,1.0,cantidad
9,Cantidad de NNA que ingresan con trayectoria anterior al Sistema de Protección Especial en el departamento,Artigas,2022-S2,total,4.0,cantidad
9,Cantidad de NNA que ingresan con trayectoria anterior al Sistema de Protección Especial en el departamento,Artigas,2023-S1,total,8.0,cantidad
9,Cantidad de NNA que ingresan con trayectoria anterior al Sistema de Protección Especial en el departamento,Artigas,2023-S2,total,8.0,cantidad
9,Cantidad de NNA que ingresan con trayectoria anterior al Sistema de Protección Especial en el departamento,Artigas,2024-S1,total,6.0,cantidad
9,Cantidad de NNA que ingresan con trayectoria anterior al Sistema de Protección Especial en el departamento,Artigas,2024-S2,total,9.0,cantidad
9,Cantidad de NNA que ingresan con trayectoria anterior al Sistema de Protección Especial en el departamento,Artigas,2025-S1,total,4.0,cantidad
9,Cantidad de NNA que ingresan con trayectoria anterior al Sistema de Protección Especial en el departamento,Artigas,2025-S2,total,7.0,cantidad
10,Porcentaje de NNA que ingresan con trayectoria anterior al Sistema de Protección Especial en algún proyecto del departamento respecto al total de atendidos por el Sistema en el departamento,Artigas,2020-S1,total,0.8,porcentaje
10,Porcentaje de NNA que ingresan con trayectoria anterior al Sistema de Protección Especial en algún proyecto del departamento respecto al total de atendidos por el Sistema en el departamento,Artigas,2020-S2,total,1.4,porcentaje
10,Porcentaje de NNA que ingresan con trayectoria anterior al Sistema de Protección Especial en algún proyecto del departamento respecto al total de atendidos por el Sistema en el departamento,Artigas,2021-S1,total,0.6,porcentaje
10,Porcentaje de NNA que ingresan con trayectoria anterior al Sistema de Protección Especial en algún proyecto del departamento respecto al total de atendidos por el Sistema en el departamento,Artigas,2021-S2,total,1.1,porcentaje
10,Porcentaje de NNA que ingresan con trayectoria anterior al Sistema de Protección Especial en algún proyecto del departamento respecto al total de atendidos por el Sistema en el departamento,Artigas,2022-S1,total,0.5,porcentaje
10,Porcentaje de NNA que ingresan con trayectoria anterior al Sistema de Protección Especial en algún proyecto del departamento respecto al total de atendidos por el Sistema en el departamento,Artigas,2022-S2,total,1.8,porcentaje
10,Porcentaje de NNA que ingresan con trayectoria anterior al Sistema de Protección Especial en algún proyecto del departamento respecto al total de atendidos por el Sistema en el departamento,Artigas,2023-S1,total,3.4,porcentaje
10,Porcentaje de NNA que ingresan con trayectoria anterior al Sistema de Protección Especial en algún proyecto del departamento respecto al total de atendidos por el Sistema en el departamento,Artigas,2023-S2,total,3.4,porcentaje
10,Porcentaje de NNA que ingresan con trayectoria anterior al Sistema de Protección Especial en algún proyecto del departamento respecto al total de atendidos por el Sistema en el departamento,Artigas,2024-S1,total,2.5,porcentaje
10,Porcentaje de NNA que ingresan con trayectoria anterior al Sistema de Protección Especial en algún proyecto del departamento respecto al total de atendidos por el Sistema en el departamento,Artigas,2024-S2,total,3.8,porcentaje
10,Porcentaje de NNA que ingresan con trayectoria anterior al Sistema de Protección Especial en algún proyecto del departamento respecto al total de atendidos por el Sistema en el departamento,Artigas,2025-S1,total,1.6,porcentaje
10,Porcentaje de NNA que ingresan con trayectoria anterior al Sistema de Protección Especial en algún proyecto del departamento respecto al total de atendidos por el Sistema en el departamento,Artigas,2025-S2,total,2.5,porcentaje
11,Cantidad de NNA que egresan del Sistema de Protección Especial en el departamento,Artigas,2020-S1,total,19.0,cantidad
11,Cantidad de NNA que egresan del Sistema de Protección Especial en el departamento,Artigas,2020-S2,total,29.0,cantidad
11,Cantidad de NNA que egresan del Sistema de Protección Especial en el departamento,Artigas,2021-S1,total,19.0,cantidad
11,Cantidad de NNA que egresan del Sistema de Protección Especial en el departamento,Artigas,2021-S2,total,36.0,cantidad
11,Cantidad de NNA que egresan del Sistema de Protección Especial en el departamento,Artigas,2022-S1,total,43.0,cantidad
11,Cantidad de NNA que egresan del Sistema de Protección Especial en el departamento,Artigas,2022-S2,total,69.0,cantidad
11,Cantidad de NNA que egresan del Sistema de Protección Especial en el departamento,Artigas,2023-S1,total,55.0,cantidad
11,Cantidad de NNA que egresan del Sistema de Protección Especial en el departamento,Artigas,2023-S2,total,60.0,cantidad
11,Cantidad de NNA que egresan del Sistema de Protección Especial en el departamento,Artigas,2024-S1,total,59.0,cantidad
11,Cantidad de NNA que egresan del Sistema de Protección Especial en el departamento,Artigas,2024-S2,total,41.0,cantidad
11,Cantidad de NNA que egresan del Sistema de Protección Especial en el departamento,Artigas,2025-S1,total,50.0,cantidad
11,Cantidad de NNA que egresan del Sistema de Protección Especial en el departamento,Artigas,2025-S2,total,90.0,cantidad
12,Cantidad de NNA que egresan del Sistema de Protección Especial en el departamento según tiempos de permanencia en el Sistema,Artigas,2020-S1,total,19.0,cantidad
12,Cantidad de NNA que egresan del Sistema de Protección Especial en el departamento según tiempos de permanencia en el Sistema,Artigas,2020-S2,total,29.0,cantidad
12,Cantidad de NNA que egresan del Sistema de Protección Especial en el departamento según tiempos de permanencia en el Sistema,Artigas,2021-S1,total,19.0,cantidad
12,Cantidad de NNA que egresan del Sistema de Protección Especial en el departamento según tiempos de permanencia en el Sistema,Artigas,2021-S2,total,36.0,cantidad
12,Cantidad de NNA que egresan del Sistema de Protección Especial en el departamento según tiempos de permanencia en el Sistema,Artigas,2022-S1,total,43.0,cantidad
12,Cantidad de NNA que egresan del Sistema de Protección Especial en el departamento según tiempos de permanencia en el Sistema,Artigas,2022-S2,total,69.0,cantidad
12,Cantidad de NNA que egresan del Sistema de Protección Especial en el departamento según tiempos de permanencia en el Sistema,Artigas,2023-S1,total,55.0,cantidad
12,Cantidad de NNA que egresan del Sistema de Protección Especial en el departamento según tiempos de permanencia en el Sistema,Artigas,2023-S2,total,60.0,cantidad
12,Cantidad de NNA que egresan del Sistema de Protección Especial en el departamento según tiempos de permanencia en el Sistema,Artigas,2024-S1,total,59.0,cantidad
12,Cantidad de NNA que egresan del Sistema de Protección Especial en el departamento según tiempos de permanencia en el Sistema,Artigas,2024-S2,total,41.0,cantidad
12,Cantidad de NNA que egresan del Sistema de Protección Especial en el departamento según tiempos de permanencia en el Sistema,Artigas,2025-S1,total,50.0,cantidad
12,Cantidad de NNA que egresan del Sistema de Protección Especial en el departamento según tiempos de permanencia en el Sistema,Artigas,2025-S2,total,90.0,cantidad
13,Cantidad de NNA que egresan del Sistema de Protección Especial en el departamento según tiempos de permanencia en la intervención,Artigas,2020-S1,total,19.0,cantidad
13,Cantidad de NNA que egresan del Sistema de Protección Especial en el departamento según tiempos de permanencia en la intervención,Artigas,2020-S2,total,29.0,cantidad
13,Cantidad de NNA que egresan del Sistema de Protección Especial en el departamento según tiempos de permanencia en la intervención,Artigas,2021-S1,total,19.0,cantidad
13,Cantidad de NNA que egresan del Sistema de Protección Especial en el departamento según tiempos de permanencia en la intervención,Artigas,2021-S2,total,36.0,cantidad
13,Cantidad de NNA que egresan del Sistema de Protección Especial en el departamento según tiempos de permanencia en la intervención,Artigas,2022-S1,total,43.0,cantidad
13,Cantidad de NNA que egresan del Sistema de Protección Especial en el departamento según tiempos de permanencia en la intervención,Artigas,2022-S2,total,69.0,cantidad
13,Cantidad de NNA que egresan del Sistema de Protección Especial en el departamento según tiempos de permanencia en la intervención,Artigas,2023-S1,total,55.0,cantidad
13,Cantidad de NNA que egresan del Sistema de Protección Especial en el departamento según tiempos de permanencia en la intervención,Artigas,2023-S2,total,60.0,cantidad
13,Cantidad de NNA que egresan del Sistema de Protección Especial en el departamento según tiempos de permanencia en la intervención,Artigas,2024-S1,total,59.0,cantidad
13,Cantidad de NNA que egresan del Sistema de Protección Especial en el departamento según tiempos de permanencia en la intervención,Artigas,2024-S2,total,41.0,cantidad
13,Cantidad de NNA que egresan del Sistema de Protección Especial en el departamento según tiempos de permanencia en la intervención,Artigas,2025-S1,total,50.0,cantidad
13,Cantidad de NNA que egresan del Sistema de Protección Especial en el departamento según tiempos de permanencia en la intervención,Artigas,2025-S2,total,90.0,cantidad
14,Cantidad de NNA que dejan de vivir en residencias en el departamento para vivir con una familia,Artigas,2020-S1,total,56.0,cantidad
14,Cantidad de NNA que dejan de vivir en residencias en el departamento para vivir con una familia,Artigas,2020-S2,total,18.0,cantidad
14,Cantidad de NNA que dejan de vivir en residencias en el departamento para vivir con una familia,Artigas,2021-S1,total,25.0,cantidad
14,Cantidad de NNA que dejan de vivir en residencias en el departamento para vivir con una familia,Artigas,2021-S2,total,31.0,cantidad
14,Cantidad de NNA que dejan de vivir en residencias en el departamento para vivir con una familia,Artigas,2022-S1,total,43.0,cantidad
14,Cantidad de NNA que dejan de vivir en residencias en el departamento para vivir con una familia,Artigas,2022-S2,total,41.0,cantidad
14,Cantidad de NNA que dejan de vivir en residencias en el departamento para vivir con una familia,Artigas,2023-S1,total,60.0,cantidad
14,Cantidad de NNA que dejan de vivir en residencias en el departamento para vivir con una familia,Artigas,2023-S2,total,61.0,cantidad
14,Cantidad de NNA que dejan de vivir en residencias en el departamento para vivir con una familia,Artigas,2024-S1,total,45.0,cantidad
14,Cantidad de NNA que dejan de vivir en residencias en el departamento para vivir con una familia,Artigas,2024-S2,total,39.0,cantidad
14,Cantidad de NNA que dejan de vivir en residencias en el departamento para vivir con una familia,Artigas,2025-S1,total,47.0,cantidad
14,Cantidad de NNA que dejan de vivir en residencias en el departamento para vivir con una familia,Artigas,2025-S2,total,56.0,cantidad
15,Cantidad de NNA con condición de adoptabilidad en el departamento,Artigas,2020-S1,total,13.0,cantidad
15,Cantidad de NNA con condición de adoptabilidad en el departamento,Artigas,2020-S2,total,11.0,cantidad
15,Cantidad de NNA con condición de adoptabilidad en el departamento,Artigas,2021-S1,total,8.0,cantidad
15,Cantidad de NNA con condición de adoptabilidad en el departamento,Artigas,2021-S2,total,14.0,cantidad
15,Cantidad de NNA con condición de adoptabilidad en el departamento,Artigas,2022-S1,total,14.0,cantidad
15,Cantidad de NNA con condición de adoptabilidad en el departamento,Artigas,2022-S2,total,19.0,cantidad
15,Cantidad de NNA con condición de adoptabilidad en el departamento,Artigas,2023-S1,total,20.0,cantidad
15,Cantidad de NNA con condición de adoptabilidad en el departamento,Artigas,2023-S2,total,17.0,cantidad
15,Cantidad de NNA con condición de adoptabilidad en el departamento,Artigas,2024-S1,total,19.0,cantidad
15,Cantidad de NNA con condición de adoptabilidad en el departamento,Artigas,2024-S2,total,15.0,cantidad
15,Cantidad de NNA con condición de adoptabilidad en el departamento,Artigas,2025-S1,total,17.0,cantidad
15,Cantidad de NNA con condición de adoptabilidad en el departamento,Artigas,2025-S2,total,20.0,cantidad
16,"Porcentaje de NNA con condición de adoptabilidad en el departamento, respecto al total de NNA atendidos por el Sistema de Protección Especial en el departamento",Artigas,2020-S1,total,9.8,porcentaje
16,"Porcentaje de NNA con condición de adoptabilidad en el departamento, respecto al total de NNA atendidos por el Sistema de Protección Especial en el departamento",Artigas,2020-S2,total,8.0,porcentaje
16,"Porcentaje de NNA con condición de adoptabilidad en el departamento, respecto al total de NNA atendidos por el Sistema de Protección Especial en el departamento",Artigas,2021-S1,total,4.9,porcentaje
16,"Porcentaje de NNA con condición de adoptabilidad en el departamento, respecto al total de NNA atendidos por el Sistema de Protección Especial en el departamento",Artigas,2021-S2,total,7.4,porcentaje
16,"Porcentaje de NNA con condición de adoptabilidad en el departamento, respecto al total de NNA atendidos por el Sistema de Protección Especial en el departamento",Artigas,2022-S1,total,7.2,porcentaje
16,"Porcentaje de NNA con condición de adoptabilidad en el departamento, respecto al total de NNA atendidos por el Sistema de Protección Especial en el departamento",Artigas,2022-S2,total,8.7,porcentaje
16,"Porcentaje de NNA con condición de adoptabilidad en el departamento, respecto al total de NNA atendidos por el Sistema de Protección Especial en el departamento",Artigas,2023-S1,total,8.6,porcentaje
16,"Porcentaje de NNA con condición de adoptabilidad en el departamento, respecto al total de NNA atendidos por el Sistema de Protección Especial en el departamento",Artigas,2023-S2,total,7.1,porcentaje
16,"Porcentaje de NNA con condición de adoptabilidad en el departamento, respecto al total de NNA atendidos por el Sistema de Protección Especial en el departamento",Artigas,2024-S1,total,8.1,porcentaje
16,"Porcentaje de NNA con condición de adoptabilidad en el departamento, respecto al total de NNA atendidos por el Sistema de Protección Especial en el departamento",Artigas,2024-S2,total,6.4,porcentaje
16,"Porcentaje de NNA con condición de adoptabilidad en el departamento, respecto al total de NNA atendidos por el Sistema de Protección Especial en el departamento",Artigas,2025-S1,total,6.6,porcentaje
16,"Porcentaje de NNA con condición de adoptabilidad en el departamento, respecto al total de NNA atendidos por el Sistema de Protección Especial en el departamento",Artigas,2025-S2,total,7.2,porcentaje
17,Cantidad de NNA con condición de adoptabilidad en el departamento que pasa a seguimiento de tenencia,Artigas,2020-S1,total,3.0,cantidad
17,Cantidad de NNA con condición de adoptabilidad en el departamento que pasa a seguimiento de tenencia,Artigas,2020-S2,total,3.0,cantidad
17,Cantidad de NNA con condición de adoptabilidad en el departamento que pasa a seguimiento de tenencia,Artigas,2021-S1,total,0.0,cantidad
17,Cantidad de NNA con condición de adoptabilidad en el departamento que pasa a seguimiento de tenencia,Artigas,2021-S2,total,3.0,cantidad
17,Cantidad de NNA con condición de adoptabilidad en el departamento que pasa a seguimiento de tenencia,Artigas,2022-S1,total,2.0,cantidad
17,Cantidad de NNA con condición de adoptabilidad en el departamento que pasa a seguimiento de tenencia,Artigas,2022-S2,total,3.0,cantidad
17,Cantidad de NNA con condición de adoptabilidad en el departamento que pasa a seguimiento de tenencia,Artigas,2023-S1,total,8.0,cantidad
17,Cantidad de NNA con condición de adoptabilidad en el departamento que pasa a seguimiento de tenencia,Artigas,2023-S2,total,1.0,cantidad
17,Cantidad de NNA con condición de adoptabilidad en el departamento que pasa a seguimiento de tenencia,Artigas,2024-S1,total,5.0,cantidad
17,Cantidad de NNA con condición de adoptabilidad en el departamento que pasa a seguimiento de tenencia,Artigas,2024-S2,total,2.0,cantidad
17,Cantidad de NNA con condición de adoptabilidad en el departamento que pasa a seguimiento de tenencia,Artigas,2025-S1,total,3.0,cantidad
17,Cantidad de NNA con condición de adoptabilidad en el departamento que pasa a seguimiento de tenencia,Artigas,2025-S2,total,5.0,cantidad
19,Cantidad de NNA atendidos por el Sistema de Protección Especial en el departamento que tiene Proyecto de Atención Integral (PAI),Artigas,2020-S1,total,0.0,cantidad
19,Cantidad de NNA atendidos por el Sistema de Protección Especial en el departamento que tiene Proyecto de Atención Integral (PAI),Artigas,2020-S2,total,0.0,cantidad
19,Cantidad de NNA atendidos por el Sistema de Protección Especial en el departamento que tiene Proyecto de Atención Integral (PAI),Artigas,2021-S1,total,0.0,cantidad
19,Cantidad de NNA atendidos por el Sistema de Protección Especial en el departamento que tiene Proyecto de Atención Integral (PAI),Artigas,2021-S2,total,0.0,cantidad
19,Cantidad de NNA atendidos por el Sistema de Protección Especial en el departamento que tiene Proyecto de Atención Integral (PAI),Artigas,2022-S1,total,0.0,cantidad
19,Cantidad de NNA atendidos por el Sistema de Protección Especial en el departamento que tiene Proyecto de Atención Integral (PAI),Artigas,2022-S2,total,0.0,cantidad
19,Cantidad de NNA atendidos por el Sistema de Protección Especial en el departamento que tiene Proyecto de Atención Integral (PAI),Artigas,2023-S1,total,0.0,cantidad
19,Cantidad de NNA atendidos por el Sistema de Protección Especial en el departamento que tiene Proyecto de Atención Integral (PAI),Artigas,2023-S2,total,1.0,cantidad
19,Cantidad de NNA atendidos por el Sistema de Protección Especial en el departamento que tiene Proyecto de Atención Integral (PAI),Artigas,2024-S1,total,2.0,cantidad
19,Cantidad de NNA atendidos por el Sistema de Protección Especial en el departamento que tiene Proyecto de Atención Integral (PAI),Artigas,2024-S2,total,0.0,cantidad
19,Cantidad de NNA atendidos por el Sistema de Protección Especial en el departamento que tiene Proyecto de Atención Integral (PAI),Artigas,2025-S1,total,0.0,cantidad
19,Cantidad de NNA atendidos por el Sistema de Protección Especial en el departamento que tiene Proyecto de Atención Integral (PAI),Artigas,2025-S2,total,0.0,cantidad
20,"Cantidad de NN de 0 a 5 años atendidos por el Sistema de Protección Especial en el departamento, inscriptos en centros de educación y cuidado",Artigas,2021-S1,total,24.0,cantidad
20,"Cantidad de NN de 0 a 5 años atendidos por el Sistema de Protección Especial en el departamento, inscriptos en centros de educación y cuidado",Artigas,2021-S2,total,24.0,cantidad
20,"Cantidad de NN de 0 a 5 años atendidos por el Sistema de Protección Especial en el departamento, inscriptos en centros de educación y cuidado",Artigas,2022-S1,total,25.0,cantidad
20,"Cantidad de NN de 0 a 5 años atendidos por el Sistema de Protección Especial en el departamento, inscriptos en centros de educación y cuidado",Artigas,2022-S2,total,24.0,cantidad
20,"Cantidad de NN de 0 a 5 años atendidos por el Sistema de Protección Especial en el departamento, inscriptos en centros de educación y cuidado",Artigas,2023-S1,total,23.0,cantidad
20,"Cantidad de NN de 0 a 5 años atendidos por el Sistema de Protección Especial en el departamento, inscriptos en centros de educación y cuidado",Artigas,2023-S2,total,23.0,cantidad
20,"Cantidad de NN de 0 a 5 años atendidos por el Sistema de Protección Especial en el departamento, inscriptos en centros de educación y cuidado",Artigas,2024-S1,total,27.0,cantidad
20,"Cantidad de NN de 0 a 5 años atendidos por el Sistema de Protección Especial en el departamento, inscriptos en centros de educación y cuidado",Artigas,2024-S2,total,24.0,cantidad
20,"Cantidad de NN de 0 a 5 años atendidos por el Sistema de Protección Especial en el departamento, inscriptos en centros de educación y cuidado",Artigas,2025-S1,total,28.0,cantidad
20,"Cantidad de NN de 0 a 5 años atendidos por el Sistema de Protección Especial en el departamento, inscriptos en centros de educación y cuidado",Artigas,2025-S2,total,20.0,cantidad
21,"Cantidad de NNA de 6 a 17 años atendidos por el Sistema de Protección Especial en el departamento, inscriptos en centros de educación formal",Artigas,2021-S1,total,99.0,cantidad
21,"Cantidad de NNA de 6 a 17 años atendidos por el Sistema de Protección Especial en el departamento, inscriptos en centros de educación formal",Artigas,2021-S2,total,120.0,cantidad
21,"Cantidad de NNA de 6 a 17 años atendidos por el Sistema de Protección Especial en el departamento, inscriptos en centros de educación formal",Artigas,2022-S1,total,127.0,cantidad
21,"Cantidad de NNA de 6 a 17 años atendidos por el Sistema de Protección Especial en el departamento, inscriptos en centros de educación formal",Artigas,2022-S2,total,136.0,cantidad
21,"Cantidad de NNA de 6 a 17 años atendidos por el Sistema de Protección Especial en el departamento, inscriptos en centros de educación formal",Artigas,2023-S1,total,137.0,cantidad
21,"Cantidad de NNA de 6 a 17 años atendidos por el Sistema de Protección Especial en el departamento, inscriptos en centros de educación formal",Artigas,2023-S2,total,150.0,cantidad
21,"Cantidad de NNA de 6 a 17 años atendidos por el Sistema de Protección Especial en el departamento, inscriptos en centros de educación formal",Artigas,2024-S1,total,151.0,cantidad
21,"Cantidad de NNA de 6 a 17 años atendidos por el Sistema de Protección Especial en el departamento, inscriptos en centros de educación formal",Artigas,2024-S2,total,167.0,cantidad
21,"Cantidad de NNA de 6 a 17 años atendidos por el Sistema de Protección Especial en el departamento, inscriptos en centros de educación formal",Artigas,2025-S1,total,171.0,cantidad
21,"Cantidad de NNA de 6 a 17 años atendidos por el Sistema de Protección Especial en el departamento, inscriptos en centros de educación formal",Artigas,2025-S2,total,168.0,cantidad
23,Cantidad de NNA atendidos por el Sistema de Protección Especial en el departamento con controles médicos al día,Artigas,2020-S1,total,75.0,cantidad
23,Cantidad de NNA atendidos por el Sistema de Protección Especial en el departamento con controles médicos al día,Artigas,2020-S2,total,46.0,cantidad
23,Cantidad de NNA atendidos por el Sistema de Protección Especial en el departamento con controles médicos al día,Artigas,2021-S1,total,97.0,cantidad
23,Cantidad de NNA atendidos por el Sistema de Protección Especial en el departamento con controles médicos al día,Artigas,2021-S2,total,104.0,cantidad
23,Cantidad de NNA atendidos por el Sistema de Protección Especial en el departamento con controles médicos al día,Artigas,2022-S1,total,82.0,cantidad
23,Cantidad de NNA atendidos por el Sistema de Protección Especial en el departamento con controles médicos al día,Artigas,2022-S2,total,82.0,cantidad
23,Cantidad de NNA atendidos por el Sistema de Protección Especial en el departamento con controles médicos al día,Artigas,2023-S1,total,99.0,cantidad
23,Cantidad de NNA atendidos por el Sistema de Protección Especial en el departamento con controles médicos al día,Artigas,2023-S2,total,77.0,cantidad
23,Cantidad de NNA atendidos por el Sistema de Protección Especial en el departamento con controles médicos al día,Artigas,2024-S1,total,85.0,cantidad
23,Cantidad de NNA atendidos por el Sistema de Protección Especial en el departamento con controles médicos al día,Artigas,2024-S2,total,87.0,cantidad
23,Cantidad de NNA atendidos por el Sistema de Protección Especial en el departamento con controles médicos al día,Artigas,2025-S1,total,113.0,cantidad
23,Cantidad de NNA atendidos por el Sistema de Protección Especial en el departamento con controles médicos al día,Artigas,2025-S2,total,109.0,cantidad
24,Cantidad de NNA atendidos por el Sistema de Protección Especial en el departamento con vacunas al día,Artigas,2020-S1,total,108.0,cantidad
24,Cantidad de NNA atendidos por el Sistema de Protección Especial en el departamento con vacunas al día,Artigas,2020-S2,total,100.0,cantidad
24,Cantidad de NNA atendidos por el Sistema de Protección Especial en el departamento con vacunas al día,Artigas,2021-S1,total,121.0,cantidad
24,Cantidad de NNA atendidos por el Sistema de Protección Especial en el departamento con vacunas al día,Artigas,2021-S2,total,135.0,cantidad
24,Cantidad de NNA atendidos por el Sistema de Protección Especial en el departamento con vacunas al día,Artigas,2022-S1,total,116.0,cantidad
24,Cantidad de NNA atendidos por el Sistema de Protección Especial en el departamento con vacunas al día,Artigas,2022-S2,total,126.0,cantidad
24,Cantidad de NNA atendidos por el Sistema de Protección Especial en el departamento con vacunas al día,Artigas,2023-S1,total,134.0,cantidad
24,Cantidad de NNA atendidos por el Sistema de Protección Especial en el departamento con vacunas al día,Artigas,2023-S2,total,118.0,cantidad
24,Cantidad de NNA atendidos por el Sistema de Protección Especial en el departamento con vacunas al día,Artigas,2024-S1,total,123.0,cantidad
24,Cantidad de NNA atendidos por el Sistema de Protección Especial en el departamento con vacunas al día,Artigas,2024-S2,total,124.0,cantidad
24,Cantidad de NNA atendidos por el Sistema de Protección Especial en el departamento con vacunas al día,Artigas,2025-S1,total,139.0,cantidad
24,Cantidad de NNA atendidos por el Sistema de Protección Especial en el departamento con vacunas al día,Artigas,2025-S2,total,139.0,cantidad
1,Cantidad de NNA atendidos en algún proyecto del Sistema de Protección Especial del departamento,Canelones,2020-S1,total,360.0,cantidad
1,Cantidad de NNA atendidos en algún proyecto del Sistema de Protección Especial del departamento,Canelones,2020-S2,total,374.0,cantidad
1,Cantidad de NNA atendidos en algún proyecto del Sistema de Protección Especial del departamento,Canelones,2021-S1,total,375.0,cantidad
1,Cantidad de NNA atendidos en algún proyecto del Sistema de Protección Especial del departamento,Canelones,2021-S2,total,390.0,cantidad
1,Cantidad de NNA atendidos en algún proyecto del Sistema de Protección Especial del departamento,Canelones,2022-S1,total,421.0,cantidad
1,Cantidad de NNA atendidos en algún proyecto del Sistema de Protección Especial del departamento,Canelones,2022-S2,total,451.0,cantidad
1,Cantidad de NNA atendidos en algún proyecto del Sistema de Protección Especial del departamento,Canelones,2023-S1,total,482.0,cantidad
1,Cantidad de NNA atendidos en algún proyecto del Sistema de Protección Especial del departamento,Canelones,2023-S2,total,542.0,cantidad
1,Cantidad de NNA atendidos en algún proyecto del Sistema de Protección Especial del departamento,Canelones,2024-S1,total,587.0,cantidad
1,Cantidad de NNA atendidos en algún proyecto del Sistema de Protección Especial del departamento,Canelones,2024-S2,total,550.0,cantidad
1,Cantidad de NNA atendidos en algún proyecto del Sistema de Protección Especial del departamento,Canelones,2025-S1,total,546.0,cantidad
1,Cantidad de NNA atendidos en algún proyecto del Sistema de Protección Especial del departamento,Canelones,2025-S2,total,565.0,cantidad
2,Porcentaje de NNA atendidos en algún proyecto del Sistema de Protección Especial del departamento respecto a la población total INAU del departamento,Canelones,2020-S1,total,2.8,porcentaje
2,Porcentaje de NNA atendidos en algún proyecto del Sistema de Protección Especial del departamento respecto a la población total INAU del departamento,Canelones,2020-S2,total,2.9,porcentaje
2,Porcentaje de NNA atendidos en algún proyecto del Sistema de Protección Especial del departamento respecto a la población total INAU del departamento,Canelones,2021-S1,total,3.0,porcentaje
2,Porcentaje de NNA atendidos en algún proyecto del Sistema de Protección Especial del departamento respecto a la población total INAU del departamento,Canelones,2021-S2,total,3.0,porcentaje
2,Porcentaje de NNA atendidos en algún proyecto del Sistema de Protección Especial del departamento respecto a la población total INAU del departamento,Canelones,2022-S1,total,3.2,porcentaje
2,Porcentaje de NNA atendidos en algún proyecto del Sistema de Protección Especial del departamento respecto a la población total INAU del departamento,Canelones,2022-S2,total,3.4,porcentaje
2,Porcentaje de NNA atendidos en algún proyecto del Sistema de Protección Especial del departamento respecto a la población total INAU del departamento,Canelones,2023-S1,total,3.6,porcentaje
2,Porcentaje de NNA atendidos en algún proyecto del Sistema de Protección Especial del departamento respecto a la población total INAU del departamento,Canelones,2023-S2,total,3.9,porcentaje
2,Porcentaje de NNA atendidos en algún proyecto del Sistema de Protección Especial del departamento respecto a la población total INAU del departamento,Canelones,2024-S1,total,4.2,porcentaje
2,Porcentaje de NNA atendidos en algún proyecto del Sistema de Protección Especial del departamento respecto a la población total INAU del departamento,Canelones,2024-S2,total,3.9,porcentaje
2,Porcentaje de NNA atendidos en algún proyecto del Sistema de Protección Especial del departamento respecto a la población total INAU del departamento,Canelones,2025-S1,total,3.9,porcentaje
2,Porcentaje de NNA atendidos en algún proyecto del Sistema de Protección Especial del departamento respecto a la población total INAU del departamento,Canelones,2025-S2,total,4.0,porcentaje
5,Cantidad de NNA en el Sistema de Protección Especial del departamento que viven en residencia,Canelones,2020-S1,total,163.0,cantidad
5,Cantidad de NNA en el Sistema de Protección Especial del departamento que viven en residencia,Canelones,2020-S2,total,177.0,cantidad
5,Cantidad de NNA en el Sistema de Protección Especial del departamento que viven en residencia,Canelones,2021-S1,total,161.0,cantidad
5,Cantidad de NNA en el Sistema de Protección Especial del departamento que viven en residencia,Canelones,2021-S2,total,163.0,cantidad
5,Cantidad de NNA en el Sistema de Protección Especial del departamento que viven en residencia,Canelones,2022-S1,total,170.0,cantidad
5,Cantidad de NNA en el Sistema de Protección Especial del departamento que viven en residencia,Canelones,2022-S2,total,174.0,cantidad
5,Cantidad de NNA en el Sistema de Protección Especial del departamento que viven en residencia,Canelones,2023-S1,total,182.0,cantidad
5,Cantidad de NNA en el Sistema de Protección Especial del departamento que viven en residencia,Canelones,2023-S2,total,198.0,cantidad
5,Cantidad de NNA en el Sistema de Protección Especial del departamento que viven en residencia,Canelones,2024-S1,total,207.0,cantidad
5,Cantidad de NNA en el Sistema de Protección Especial del departamento que viven en residencia,Canelones,2024-S2,total,177.0,cantidad
5,Cantidad de NNA en el Sistema de Protección Especial del departamento que viven en residencia,Canelones,2025-S1,total,174.0,cantidad
5,Cantidad de NNA en el Sistema de Protección Especial del departamento que viven en residencia,Canelones,2025-S2,total,169.0,cantidad
6,Cantidad de NNA en el Sistema de Protección Especial del departamento que viven en contexto familiar,Canelones,2020-S1,total,197.0,cantidad
6,Cantidad de NNA en el Sistema de Protección Especial del departamento que viven en contexto familiar,Canelones,2020-S2,total,197.0,cantidad
6,Cantidad de NNA en el Sistema de Protección Especial del departamento que viven en contexto familiar,Canelones,2021-S1,total,214.0,cantidad
6,Cantidad de NNA en el Sistema de Protección Especial del departamento que viven en contexto familiar,Canelones,2021-S2,total,227.0,cantidad
6,Cantidad de NNA en el Sistema de Protección Especial del departamento que viven en contexto familiar,Canelones,2022-S1,total,251.0,cantidad
6,Cantidad de NNA en el Sistema de Protección Especial del departamento que viven en contexto familiar,Canelones,2022-S2,total,277.0,cantidad
6,Cantidad de NNA en el Sistema de Protección Especial del departamento que viven en contexto familiar,Canelones,2023-S1,total,300.0,cantidad
6,Cantidad de NNA en el Sistema de Protección Especial del departamento que viven en contexto familiar,Canelones,2023-S2,total,344.0,cantidad
6,Cantidad de NNA en el Sistema de Protección Especial del departamento que viven en contexto familiar,Canelones,2024-S1,total,380.0,cantidad
6,Cantidad de NNA en el Sistema de Protección Especial del departamento que viven en contexto familiar,Canelones,2024-S2,total,373.0,cantidad
6,Cantidad de NNA en el Sistema de Protección Especial del departamento que viven en contexto familiar,Canelones,2025-S1,total,372.0,cantidad
6,Cantidad de NNA en el Sistema de Protección Especial del departamento que viven en contexto familiar,Canelones,2025-S2,total,396.0,cantidad
7,Cantidad de NNA en el departamento que ingresan por primera vez al Sistema de Protección Especial,Canelones,2020-S1,total,49.0,cantidad
7,Cantidad de NNA en el departamento que ingresan por primera vez al Sistema de Protección Especial,Canelones,2020-S2,total,36.0,cantidad
7,Cantidad de NNA en el departamento que ingresan por primera vez al Sistema de Protección Especial,Canelones,2021-S1,total,40.0,cantidad
7,Cantidad de NNA en el departamento que ingresan por primera vez al Sistema de Protección Especial,Canelones,2021-S2,total,64.0,cantidad
7,Cantidad de NNA en el departamento que ingresan por primera vez al Sistema de Protección Especial,Canelones,2022-S1,total,56.0,cantidad
7,Cantidad de NNA en el departamento que ingresan por primera vez al Sistema de Protección Especial,Canelones,2022-S2,total,77.0,cantidad
7,Cantidad de NNA en el departamento que ingresan por primera vez al Sistema de Protección Especial,Canelones,2023-S1,total,70.0,cantidad
7,Cantidad de NNA en el departamento que ingresan por primera vez al Sistema de Protección Especial,Canelones,2023-S2,total,104.0,cantidad
7,Cantidad de NNA en el departamento que ingresan por primera vez al Sistema de Protección Especial,Canelones,2024-S1,total,86.0,cantidad
7,Cantidad de NNA en el departamento que ingresan por primera vez al Sistema de Protección Especial,Canelones,2024-S2,total,73.0,cantidad
7,Cantidad de NNA en el departamento que ingresan por primera vez al Sistema de Protección Especial,Canelones,2025-S1,total,76.0,cantidad
7,Cantidad de NNA en el departamento que ingresan por primera vez al Sistema de Protección Especial,Canelones,2025-S2,total,67.0,cantidad
8,"Porcentaje de NNA que ingresan por primera vez al Sistema de Protección Especial en algún proyecto del departamento, respecto al total de atendidos por el Sistema en el departamento",Canelones,2020-S1,total,14.0,porcentaje
8,"Porcentaje de NNA que ingresan por primera vez al Sistema de Protección Especial en algún proyecto del departamento, respecto al total de atendidos por el Sistema en el departamento",Canelones,2020-S2,total,10.7,porcentaje
8,"Porcentaje de NNA que ingresan por primera vez al Sistema de Protección Especial en algún proyecto del departamento, respecto al total de atendidos por el Sistema en el departamento",Canelones,2021-S1,total,11.5,porcentaje
8,"Porcentaje de NNA que ingresan por primera vez al Sistema de Protección Especial en algún proyecto del departamento, respecto al total de atendidos por el Sistema en el departamento",Canelones,2021-S2,total,16.4,porcentaje
8,"Porcentaje de NNA que ingresan por primera vez al Sistema de Protección Especial en algún proyecto del departamento, respecto al total de atendidos por el Sistema en el departamento",Canelones,2022-S1,total,14.2,porcentaje
8,"Porcentaje de NNA que ingresan por primera vez al Sistema de Protección Especial en algún proyecto del departamento, respecto al total de atendidos por el Sistema en el departamento",Canelones,2022-S2,total,17.2,porcentaje
8,"Porcentaje de NNA que ingresan por primera vez al Sistema de Protección Especial en algún proyecto del departamento, respecto al total de atendidos por el Sistema en el departamento",Canelones,2023-S1,total,14.0,porcentaje
8,"Porcentaje de NNA que ingresan por primera vez al Sistema de Protección Especial en algún proyecto del departamento, respecto al total de atendidos por el Sistema en el departamento",Canelones,2023-S2,total,18.1,porcentaje
8,"Porcentaje de NNA que ingresan por primera vez al Sistema de Protección Especial en algún proyecto del departamento, respecto al total de atendidos por el Sistema en el departamento",Canelones,2024-S1,total,13.6,porcentaje
8,"Porcentaje de NNA que ingresan por primera vez al Sistema de Protección Especial en algún proyecto del departamento, respecto al total de atendidos por el Sistema en el departamento",Canelones,2024-S2,total,11.0,porcentaje
8,"Porcentaje de NNA que ingresan por primera vez al Sistema de Protección Especial en algún proyecto del departamento, respecto al total de atendidos por el Sistema en el departamento",Canelones,2025-S1,total,11.3,porcentaje
8,"Porcentaje de NNA que ingresan por primera vez al Sistema de Protección Especial en algún proyecto del departamento, respecto al total de atendidos por el Sistema en el departamento",Canelones,2025-S2,total,10.0,porcentaje
9,Cantidad de NNA que ingresan con trayectoria anterior al Sistema de Protección Especial en el departamento,Canelones,2020-S1,total,13.0,cantidad
9,Cantidad de NNA que ingresan con trayectoria anterior al Sistema de Protección Especial en el departamento,Canelones,2020-S2,total,6.0,cantidad
9,Cantidad de NNA que ingresan con trayectoria anterior al Sistema de Protección Especial en el departamento,Canelones,2021-S1,total,8.0,cantidad
9,Cantidad de NNA que ingresan con trayectoria anterior al Sistema de Protección Especial en el departamento,Canelones,2021-S2,total,15.0,cantidad
9,Cantidad de NNA que ingresan con trayectoria anterior al Sistema de Protección Especial en el departamento,Canelones,2022-S1,total,13.0,cantidad
9,Cantidad de NNA que ingresan con trayectoria anterior al Sistema de Protección Especial en el departamento,Canelones,2022-S2,total,13.0,cantidad
9,Cantidad de NNA que ingresan con trayectoria anterior al Sistema de Protección Especial en el departamento,Canelones,2023-S1,total,16.0,cantidad
9,Cantidad de NNA que ingresan con trayectoria anterior al Sistema de Protección Especial en el departamento,Canelones,2023-S2,total,17.0,cantidad
9,Cantidad de NNA que ingresan con trayectoria anterior al Sistema de Protección Especial en el departamento,Canelones,2024-S1,total,25.0,cantidad
9,Cantidad de NNA que ingresan con trayectoria anterior al Sistema de Protección Especial en el departamento,Canelones,2024-S2,total,16.0,cantidad
9,Cantidad de NNA que ingresan con trayectoria anterior al Sistema de Protección Especial en el departamento,Canelones,2025-S1,total,21.0,cantidad
9,Cantidad de NNA que ingresan con trayectoria anterior al Sistema de Protección Especial en el departamento,Canelones,2025-S2,total,21.0,cantidad
10,Porcentaje de NNA que ingresan con trayectoria anterior al Sistema de Protección Especial en algún proyecto del departamento respecto al total de atendidos por el Sistema en el departamento,Canelones,2020-S1,total,3.7,porcentaje
10,Porcentaje de NNA que ingresan con trayectoria anterior al Sistema de Protección Especial en algún proyecto del departamento respecto al total de atendidos por el Sistema en el departamento,Canelones,2020-S2,total,1.8,porcentaje
10,Porcentaje de NNA que ingresan con trayectoria anterior al Sistema de Protección Especial en algún proyecto del departamento respecto al total de atendidos por el Sistema en el departamento,Canelones,2021-S1,total,2.3,porcentaje
10,Porcentaje de NNA que ingresan con trayectoria anterior al Sistema de Protección Especial en algún proyecto del departamento respecto al total de atendidos por el Sistema en el departamento,Canelones,2021-S2,total,3.8,porcentaje
10,Porcentaje de NNA que ingresan con trayectoria anterior al Sistema de Protección Especial en algún proyecto del departamento respecto al total de atendidos por el Sistema en el departamento,Canelones,2022-S1,total,3.3,porcentaje
10,Porcentaje de NNA que ingresan con trayectoria anterior al Sistema de Protección Especial en algún proyecto del departamento respecto al total de atendidos por el Sistema en el departamento,Canelones,2022-S2,total,2.9,porcentaje
10,Porcentaje de NNA que ingresan con trayectoria anterior al Sistema de Protección Especial en algún proyecto del departamento respecto al total de atendidos por el Sistema en el departamento,Canelones,2023-S1,total,3.2,porcentaje
10,Porcentaje de NNA que ingresan con trayectoria anterior al Sistema de Protección Especial en algún proyecto del departamento respecto al total de atendidos por el Sistema en el departamento,Canelones,2023-S2,total,3.0,porcentaje
10,Porcentaje de NNA que ingresan con trayectoria anterior al Sistema de Protección Especial en algún proyecto del departamento respecto al total de atendidos por el Sistema en el departamento,Canelones,2024-S1,total,4.0,porcentaje
10,Porcentaje de NNA que ingresan con trayectoria anterior al Sistema de Protección Especial en algún proyecto del departamento respecto al total de atendidos por el Sistema en el departamento,Canelones,2024-S2,total,2.4,porcentaje
10,Porcentaje de NNA que ingresan con trayectoria anterior al Sistema de Protección Especial en algún proyecto del departamento respecto al total de atendidos por el Sistema en el departamento,Canelones,2025-S1,total,3.1,porcentaje
10,Porcentaje de NNA que ingresan con trayectoria anterior al Sistema de Protección Especial en algún proyecto del departamento respecto al total de atendidos por el Sistema en el departamento,Canelones,2025-S2,total,3.1,porcentaje
11,Cantidad de NNA que egresan del Sistema de Protección Especial en el departamento,Canelones,2020-S1,total,56.0,cantidad
11,Cantidad de NNA que egresan del Sistema de Protección Especial en el departamento,Canelones,2020-S2,total,51.0,cantidad
11,Cantidad de NNA que egresan del Sistema de Protección Especial en el departamento,Canelones,2021-S1,total,49.0,cantidad
11,Cantidad de NNA que egresan del Sistema de Protección Especial en el departamento,Canelones,2021-S2,total,74.0,cantidad
11,Cantidad de NNA que egresan del Sistema de Protección Especial en el departamento,Canelones,2022-S1,total,55.0,cantidad
11,Cantidad de NNA que egresan del Sistema de Protección Especial en el departamento,Canelones,2022-S2,total,67.0,cantidad
11,Cantidad de NNA que egresan del Sistema de Protección Especial en el departamento,Canelones,2023-S1,total,83.0,cantidad
11,Cantidad de NNA que egresan del Sistema de Protección Especial en el departamento,Canelones,2023-S2,total,87.0,cantidad
11,Cantidad de NNA que egresan del Sistema de Protección Especial en el departamento,Canelones,2024-S1,total,83.0,cantidad
11,Cantidad de NNA que egresan del Sistema de Protección Especial en el departamento,Canelones,2024-S2,total,133.0,cantidad
11,Cantidad de NNA que egresan del Sistema de Protección Especial en el departamento,Canelones,2025-S1,total,88.0,cantidad
11,Cantidad de NNA que egresan del Sistema de Protección Especial en el departamento,Canelones,2025-S2,total,73.0,cantidad
12,Cantidad de NNA que egresan del Sistema de Protección Especial en el departamento según tiempos de permanencia en el Sistema,Canelones,2020-S1,total,56.0,cantidad
12,Cantidad de NNA que egresan del Sistema de Protección Especial en el departamento según tiempos de permanencia en el Sistema,Canelones,2020-S2,total,51.0,cantidad
12,Cantidad de NNA que egresan del Sistema de Protección Especial en el departamento según tiempos de permanencia en el Sistema,Canelones,2021-S1,total,49.0,cantidad
12,Cantidad de NNA que egresan del Sistema de Protección Especial en el departamento según tiempos de permanencia en el Sistema,Canelones,2021-S2,total,74.0,cantidad
12,Cantidad de NNA que egresan del Sistema de Protección Especial en el departamento según tiempos de permanencia en el Sistema,Canelones,2022-S1,total,55.0,cantidad
12,Cantidad de NNA que egresan del Sistema de Protección Especial en el departamento según tiempos de permanencia en el Sistema,Canelones,2022-S2,total,67.0,cantidad
12,Cantidad de NNA que egresan del Sistema de Protección Especial en el departamento según tiempos de permanencia en el Sistema,Canelones,2023-S1,total,83.0,cantidad
12,Cantidad de NNA que egresan del Sistema de Protección Especial en el departamento según tiempos de permanencia en el Sistema,Canelones,2023-S2,total,87.0,cantidad
12,Cantidad de NNA que egresan del Sistema de Protección Especial en el departamento según tiempos de permanencia en el Sistema,Canelones,2024-S1,total,83.0,cantidad
12,Cantidad de NNA que egresan del Sistema de Protección Especial en el departamento según tiempos de permanencia en el Sistema,Canelones,2024-S2,total,133.0,cantidad
12,Cantidad de NNA que egresan del Sistema de Protección Especial en el departamento según tiempos de permanencia en el Sistema,Canelones,2025-S1,total,88.0,cantidad
12,Cantidad de NNA que egresan del Sistema de Protección Especial en el departamento según tiempos de permanencia en el Sistema,Canelones,2025-S2,total,73.0,cantidad
13,Cantidad de NNA que egresan del Sistema de Protección Especial en el departamento según tiempos de permanencia en la intervención,Canelones,2020-S1,total,56.0,cantidad
13,Cantidad de NNA que egresan del Sistema de Protección Especial en el departamento según tiempos de permanencia en la intervención,Canelones,2020-S2,total,51.0,cantidad
13,Cantidad de NNA que egresan del Sistema de Protección Especial en el departamento según tiempos de permanencia en la intervención,Canelones,2021-S1,total,49.0,cantidad
13,Cantidad de NNA que egresan del Sistema de Protección Especial en el departamento según tiempos de permanencia en la intervención,Canelones,2021-S2,total,74.0,cantidad
13,Cantidad de NNA que egresan del Sistema de Protección Especial en el departamento según tiempos de permanencia en la intervención,Canelones,2022-S1,total,55.0,cantidad
13,Cantidad de NNA que egresan del Sistema de Protección Especial en el departamento según tiempos de permanencia en la intervención,Canelones,2022-S2,total,67.0,cantidad
13,Cantidad de NNA que egresan del Sistema de Protección Especial en el departamento según tiempos de permanencia en la intervención,Canelones,2023-S1,total,83.0,cantidad
13,Cantidad de NNA que egresan del Sistema de Protección Especial en el departamento según tiempos de permanencia en la intervención,Canelones,2023-S2,total,87.0,cantidad
13,Cantidad de NNA que egresan del Sistema de Protección Especial en el departamento según tiempos de permanencia en la intervención,Canelones,2024-S1,total,83.0,cantidad
13,Cantidad de NNA que egresan del Sistema de Protección Especial en el departamento según tiempos de permanencia en la intervención,Canelones,2024-S2,total,133.0,cantidad
13,Cantidad de NNA que egresan del Sistema de Protección Especial en el departamento según tiempos de permanencia en la intervención,Canelones,2025-S1,total,88.0,cantidad
13,Cantidad de NNA que egresan del Sistema de Protección Especial en el departamento según tiempos de permanencia en la intervención,Canelones,2025-S2,total,73.0,cantidad
14,Cantidad de NNA que dejan de vivir en residencias en el departamento para vivir con una familia,Canelones,2020-S1,total,35.0,cantidad
14,Cantidad de NNA que dejan de vivir en residencias en el departamento para vivir con una familia,Canelones,2020-S2,total,15.0,cantidad
14,Cantidad de NNA que dejan de vivir en residencias en el departamento para vivir con una familia,Canelones,2021-S1,total,29.0,cantidad
14,Cantidad de NNA que dejan de vivir en residencias en el departamento para vivir con una familia,Canelones,2021-S2,total,47.0,cantidad
14,Cantidad de NNA que dejan de vivir en residencias en el departamento para vivir con una familia,Canelones,2022-S1,total,43.0,cantidad
14,Cantidad de NNA que dejan de vivir en residencias en el departamento para vivir con una familia,Canelones,2022-S2,total,53.0,cantidad
14,Cantidad de NNA que dejan de vivir en residencias en el departamento para vivir con una familia,Canelones,2023-S1,total,40.0,cantidad
14,Cantidad de NNA que dejan de vivir en residencias en el departamento para vivir con una familia,Canelones,2023-S2,total,48.0,cantidad
14,Cantidad de NNA que dejan de vivir en residencias en el departamento para vivir con una familia,Canelones,2024-S1,total,64.0,cantidad
14,Cantidad de NNA que dejan de vivir en residencias en el departamento para vivir con una familia,Canelones,2024-S2,total,50.0,cantidad
14,Cantidad de NNA que dejan de vivir en residencias en el departamento para vivir con una familia,Canelones,2025-S1,total,48.0,cantidad
14,Cantidad de NNA que dejan de vivir en residencias en el departamento para vivir con una familia,Canelones,2025-S2,total,67.0,cantidad
15,Cantidad de NNA con condición de adoptabilidad en el departamento,Canelones,2020-S1,total,25.0,cantidad
15,Cantidad de NNA con condición de adoptabilidad en el departamento,Canelones,2020-S2,total,23.0,cantidad
15,Cantidad de NNA con condición de adoptabilidad en el departamento,Canelones,2021-S1,total,25.0,cantidad
15,Cantidad de NNA con condición de adoptabilidad en el departamento,Canelones,2021-S2,total,35.0,cantidad
15,Cantidad de NNA con condición de adoptabilidad en el departamento,Canelones,2022-S1,total,50.0,cantidad
15,Cantidad de NNA con condición de adoptabilidad en el departamento,Canelones,2022-S2,total,59.0,cantidad
15,Cantidad de NNA con condición de adoptabilidad en el departamento,Canelones,2023-S1,total,56.0,cantidad
15,Cantidad de NNA con condición de adoptabilidad en el departamento,Canelones,2023-S2,total,57.0,cantidad
15,Cantidad de NNA con condición de adoptabilidad en el departamento,Canelones,2024-S1,total,58.0,cantidad
15,Cantidad de NNA con condición de adoptabilidad en el departamento,Canelones,2024-S2,total,56.0,cantidad
15,Cantidad de NNA con condición de adoptabilidad en el departamento,Canelones,2025-S1,total,54.0,cantidad
15,Cantidad de NNA con condición de adoptabilidad en el departamento,Canelones,2025-S2,total,55.0,cantidad
16,"Porcentaje de NNA con condición de adoptabilidad en el departamento, respecto al total de NNA atendidos por el Sistema de Protección Especial en el departamento",Canelones,2020-S1,total,7.1,porcentaje
16,"Porcentaje de NNA con condición de adoptabilidad en el departamento, respecto al total de NNA atendidos por el Sistema de Protección Especial en el departamento",Canelones,2020-S2,total,6.8,porcentaje
16,"Porcentaje de NNA con condición de adoptabilidad en el departamento, respecto al total de NNA atendidos por el Sistema de Protección Especial en el departamento",Canelones,2021-S1,total,7.2,porcentaje
16,"Porcentaje de NNA con condición de adoptabilidad en el departamento, respecto al total de NNA atendidos por el Sistema de Protección Especial en el departamento",Canelones,2021-S2,total,9.0,porcentaje
16,"Porcentaje de NNA con condición de adoptabilidad en el departamento, respecto al total de NNA atendidos por el Sistema de Protección Especial en el departamento",Canelones,2022-S1,total,12.7,porcentaje
16,"Porcentaje de NNA con condición de adoptabilidad en el departamento, respecto al total de NNA atendidos por el Sistema de Protección Especial en el departamento",Canelones,2022-S2,total,13.2,porcentaje
16,"Porcentaje de NNA con condición de adoptabilidad en el departamento, respecto al total de NNA atendidos por el Sistema de Protección Especial en el departamento",Canelones,2023-S1,total,11.2,porcentaje
16,"Porcentaje de NNA con condición de adoptabilidad en el departamento, respecto al total de NNA atendidos por el Sistema de Protección Especial en el departamento",Canelones,2023-S2,total,9.9,porcentaje
16,"Porcentaje de NNA con condición de adoptabilidad en el departamento, respecto al total de NNA atendidos por el Sistema de Protección Especial en el departamento",Canelones,2024-S1,total,9.2,porcentaje
16,"Porcentaje de NNA con condición de adoptabilidad en el departamento, respecto al total de NNA atendidos por el Sistema de Protección Especial en el departamento",Canelones,2024-S2,total,8.4,porcentaje
16,"Porcentaje de NNA con condición de adoptabilidad en el departamento, respecto al total de NNA atendidos por el Sistema de Protección Especial en el departamento",Canelones,2025-S1,total,8.0,porcentaje
16,"Porcentaje de NNA con condición de adoptabilidad en el departamento, respecto al total de NNA atendidos por el Sistema de Protección Especial en el departamento",Canelones,2025-S2,total,8.2,porcentaje
17,Cantidad de NNA con condición de adoptabilidad en el departamento que pasa a seguimiento de tenencia,Canelones,2020-S1,total,4.0,cantidad
17,Cantidad de NNA con condición de adoptabilidad en el departamento que pasa a seguimiento de tenencia,Canelones,2020-S2,total,1.0,cantidad
17,Cantidad de NNA con condición de adoptabilidad en el departamento que pasa a seguimiento de tenencia,Canelones,2021-S1,total,2.0,cantidad
17,Cantidad de NNA con condición de adoptabilidad en el departamento que pasa a seguimiento de tenencia,Canelones,2021-S2,total,1.0,cantidad
17,Cantidad de NNA con condición de adoptabilidad en el departamento que pasa a seguimiento de tenencia,Canelones,2022-S1,total,2.0,cantidad
17,Cantidad de NNA con condición de adoptabilidad en el departamento que pasa a seguimiento de tenencia,Canelones,2022-S2,total,9.0,cantidad
17,Cantidad de NNA con condición de adoptabilidad en el departamento que pasa a seguimiento de tenencia,Canelones,2023-S1,total,5.0,cantidad
17,Cantidad de NNA con condición de adoptabilidad en el departamento que pasa a seguimiento de tenencia,Canelones,2023-S2,total,8.0,cantidad
17,Cantidad de NNA con condición de adoptabilidad en el departamento que pasa a seguimiento de tenencia,Canelones,2024-S1,total,5.0,cantidad
17,Cantidad de NNA con condición de adoptabilidad en el departamento que pasa a seguimiento de tenencia,Canelones,2024-S2,total,4.0,cantidad
17,Cantidad de NNA con condición de adoptabilidad en el departamento que pasa a seguimiento de tenencia,Canelones,2025-S1,total,3.0,cantidad
17,Cantidad de NNA con condición de adoptabilidad en el departamento que pasa a seguimiento de tenencia,Canelones,2025-S2,total,4.0,cantidad
19,Cantidad de NNA atendidos por el Sistema de Protección Especial en el departamento que tiene Proyecto de Atención Integral (PAI),Canelones,2020-S1,total,7.0,cantidad
19,Cantidad de NNA atendidos por el Sistema de Protección Especial en el departamento que tiene Proyecto de Atención Integral (PAI),Canelones,2020-S2,total,1.0,cantidad
19,Cantidad de NNA atendidos por el Sistema de Protección Especial en el departamento que tiene Proyecto de Atención Integral (PAI),Canelones,2021-S1,total,1.0,cantidad
19,Cantidad de NNA atendidos por el Sistema de Protección Especial en el departamento que tiene Proyecto de Atención Integral (PAI),Canelones,2021-S2,total,1.0,cantidad
19,Cantidad de NNA atendidos por el Sistema de Protección Especial en el departamento que tiene Proyecto de Atención Integral (PAI),Canelones,2022-S1,total,1.0,cantidad
19,Cantidad de NNA atendidos por el Sistema de Protección Especial en el departamento que tiene Proyecto de Atención Integral (PAI),Canelones,2022-S2,total,0.0,cantidad
19,Cantidad de NNA atendidos por el Sistema de Protección Especial en el departamento que tiene Proyecto de Atención Integral (PAI),Canelones,2023-S1,total,0.0,cantidad
19,Cantidad de NNA atendidos por el Sistema de Protección Especial en el departamento que tiene Proyecto de Atención Integral (PAI),Canelones,2023-S2,total,0.0,cantidad
19,Cantidad de NNA atendidos por el Sistema de Protección Especial en el departamento que tiene Proyecto de Atención Integral (PAI),Canelones,2024-S1,total,0.0,cantidad
19,Cantidad de NNA atendidos por el Sistema de Protección Especial en el departamento que tiene Proyecto de Atención Integral (PAI),Canelones,2024-S2,total,0.0,cantidad
19,Cantidad de NNA atendidos por el Sistema de Protección Especial en el departamento que tiene Proyecto de Atención Integral (PAI),Canelones,2025-S1,total,0.0,cantidad
19,Cantidad de NNA atendidos por el Sistema de Protección Especial en el departamento que tiene Proyecto de Atención Integral (PAI),Canelones,2025-S2,total,0.0,cantidad
20,"Cantidad de NN de 0 a 5 años atendidos por el Sistema de Protección Especial en el departamento, inscriptos en centros de educación y cuidado",Canelones,2021-S1,total,36.0,cantidad
20,"Cantidad de NN de 0 a 5 años atendidos por el Sistema de Protección Especial en el departamento, inscriptos en centros de educación y cuidado",Canelones,2021-S2,total,47.0,cantidad
20,"Cantidad de NN de 0 a 5 años atendidos por el Sistema de Protección Especial en el departamento, inscriptos en centros de educación y cuidado",Canelones,2022-S1,total,59.0,cantidad
20,"Cantidad de NN de 0 a 5 años atendidos por el Sistema de Protección Especial en el departamento, inscriptos en centros de educación y cuidado",Canelones,2022-S2,total,42.0,cantidad
20,"Cantidad de NN de 0 a 5 años atendidos por el Sistema de Protección Especial en el departamento, inscriptos en centros de educación y cuidado",Canelones,2023-S1,total,56.0,cantidad
20,"Cantidad de NN de 0 a 5 años atendidos por el Sistema de Protección Especial en el departamento, inscriptos en centros de educación y cuidado",Canelones,2023-S2,total,55.0,cantidad
20,"Cantidad de NN de 0 a 5 años atendidos por el Sistema de Protección Especial en el departamento, inscriptos en centros de educación y cuidado",Canelones,2024-S1,total,61.0,cantidad
20,"Cantidad de NN de 0 a 5 años atendidos por el Sistema de Protección Especial en el departamento, inscriptos en centros de educación y cuidado",Canelones,2024-S2,total,54.0,cantidad
20,"Cantidad de NN de 0 a 5 años atendidos por el Sistema de Protección Especial en el departamento, inscriptos en centros de educación y cuidado",Canelones,2025-S1,total,66.0,cantidad
20,"Cantidad de NN de 0 a 5 años atendidos por el Sistema de Protección Especial en el departamento, inscriptos en centros de educación y cuidado",Canelones,2025-S2,total,69.0,cantidad
21,"Cantidad de NNA de 6 a 17 años atendidos por el Sistema de Protección Especial en el departamento, inscriptos en centros de educación formal",Canelones,2021-S1,total,249.0,cantidad
21,"Cantidad de NNA de 6 a 17 años atendidos por el Sistema de Protección Especial en el departamento, inscriptos en centros de educación formal",Canelones,2021-S2,total,258.0,cantidad
21,"Cantidad de NNA de 6 a 17 años atendidos por el Sistema de Protección Especial en el departamento, inscriptos en centros de educación formal",Canelones,2022-S1,total,284.0,cantidad
21,"Cantidad de NNA de 6 a 17 años atendidos por el Sistema de Protección Especial en el departamento, inscriptos en centros de educación formal",Canelones,2022-S2,total,325.0,cantidad
21,"Cantidad de NNA de 6 a 17 años atendidos por el Sistema de Protección Especial en el departamento, inscriptos en centros de educación formal",Canelones,2023-S1,total,350.0,cantidad
21,"Cantidad de NNA de 6 a 17 años atendidos por el Sistema de Protección Especial en el departamento, inscriptos en centros de educación formal",Canelones,2023-S2,total,403.0,cantidad
21,"Cantidad de NNA de 6 a 17 años atendidos por el Sistema de Protección Especial en el departamento, inscriptos en centros de educación formal",Canelones,2024-S1,total,437.0,cantidad
21,"Cantidad de NNA de 6 a 17 años atendidos por el Sistema de Protección Especial en el departamento, inscriptos en centros de educación formal",Canelones,2024-S2,total,438.0,cantidad
21,"Cantidad de NNA de 6 a 17 años atendidos por el Sistema de Protección Especial en el departamento, inscriptos en centros de educación formal",Canelones,2025-S1,total,432.0,cantidad
21,"Cantidad de NNA de 6 a 17 años atendidos por el Sistema de Protección Especial en el departamento, inscriptos en centros de educación formal",Canelones,2025-S2,total,461.0,cantidad
23,Cantidad de NNA atendidos por el Sistema de Protección Especial en el departamento con controles médicos al día,Canelones,2020-S1,total,221.0,cantidad
23,Cantidad de NNA atendidos por el Sistema de Protección Especial en el departamento con controles médicos al día,Canelones,2020-S2,total,163.0,cantidad
23,Cantidad de NNA atendidos por el Sistema de Protección Especial en el departamento con controles médicos al día,Canelones,2021-S1,total,209.0,cantidad
23,Cantidad de NNA atendidos por el Sistema de Protección Especial en el departamento con controles médicos al día,Canelones,2021-S2,total,189.0,cantidad
23,Cantidad de NNA atendidos por el Sistema de Protección Especial en el departamento con controles médicos al día,Canelones,2022-S1,total,200.0,cantidad
23,Cantidad de NNA atendidos por el Sistema de Protección Especial en el departamento con controles médicos al día,Canelones,2022-S2,total,239.0,cantidad
23,Cantidad de NNA atendidos por el Sistema de Protección Especial en el departamento con controles médicos al día,Canelones,2023-S1,total,221.0,cantidad
23,Cantidad de NNA atendidos por el Sistema de Protección Especial en el departamento con controles médicos al día,Canelones,2023-S2,total,203.0,cantidad
23,Cantidad de NNA atendidos por el Sistema de Protección Especial en el departamento con controles médicos al día,Canelones,2024-S1,total,289.0,cantidad
23,Cantidad de NNA atendidos por el Sistema de Protección Especial en el departamento con controles médicos al día,Canelones,2024-S2,total,256.0,cantidad
23,Cantidad de NNA atendidos por el Sistema de Protección Especial en el departamento con controles médicos al día,Canelones,2025-S1,total,264.0,cantidad
23,Cantidad de NNA atendidos por el Sistema de Protección Especial en el departamento con controles médicos al día,Canelones,2025-S2,total,246.0,cantidad
24,Cantidad de NNA atendidos por el Sistema de Protección Especial en el departamento con vacunas al día,Canelones,2020-S1,total,301.0,cantidad
24,Cantidad de NNA atendidos por el Sistema de Protección Especial en el departamento con vacunas al día,Canelones,2020-S2,total,285.0,cantidad
24,Cantidad de NNA atendidos por el Sistema de Protección Especial en el departamento con vacunas al día,Canelones,2021-S1,total,277.0,cantidad
24,Cantidad de NNA atendidos por el Sistema de Protección Especial en el departamento con vacunas al día,Canelones,2021-S2,total,263.0,cantidad
24,Cantidad de NNA atendidos por el Sistema de Protección Especial en el departamento con vacunas al día,Canelones,2022-S1,total,267.0,cantidad
24,Cantidad de NNA atendidos por el Sistema de Protección Especial en el departamento con vacunas al día,Canelones,2022-S2,total,319.0,cantidad
24,Cantidad de NNA atendidos por el Sistema de Protección Especial en el departamento con vacunas al día,Canelones,2023-S1,total,337.0,cantidad
24,Cantidad de NNA atendidos por el Sistema de Protección Especial en el departamento con vacunas al día,Canelones,2023-S2,total,368.0,cantidad
24,Cantidad de NNA atendidos por el Sistema de Protección Especial en el departamento con vacunas al día,Canelones,2024-S1,total,413.0,cantidad
24,Cantidad de NNA atendidos por el Sistema de Protección Especial en el departamento con vacunas al día,Canelones,2024-S2,total,357.0,cantidad
24,Cantidad de NNA atendidos por el Sistema de Protección Especial en el departamento con vacunas al día,Canelones,2025-S1,total,365.0,cantidad
24,Cantidad de NNA atendidos por el Sistema de Protección Especial en el departamento con vacunas al día,Canelones,2025-S2,total,365.0,cantidad
1,Cantidad de NNA atendidos en algún proyecto del Sistema de Protección Especial del departamento,Cerro Largo,2020-S1,total,201.0,cantidad
1,Cantidad de NNA atendidos en algún proyecto del Sistema de Protección Especial del departamento,Cerro Largo,2020-S2,total,196.0,cantidad
1,Cantidad de NNA atendidos en algún proyecto del Sistema de Protección Especial del departamento,Cerro Largo,2021-S1,total,209.0,cantidad
1,Cantidad de NNA atendidos en algún proyecto del Sistema de Protección Especial del departamento,Cerro Largo,2021-S2,total,217.0,cantidad
1,Cantidad de NNA atendidos en algún proyecto del Sistema de Protección Especial del departamento,Cerro Largo,2022-S1,total,201.0,cantidad
1,Cantidad de NNA atendidos en algún proyecto del Sistema de Protección Especial del departamento,Cerro Largo,2022-S2,total,194.0,cantidad
1,Cantidad de NNA atendidos en algún proyecto del Sistema de Protección Especial del departamento,Cerro Largo,2023-S1,total,201.0,cantidad
1,Cantidad de NNA atendidos en algún proyecto del Sistema de Protección Especial del departamento,Cerro Largo,2023-S2,total,219.0,cantidad
1,Cantidad de NNA atendidos en algún proyecto del Sistema de Protección Especial del departamento,Cerro Largo,2024-S1,total,220.0,cantidad
1,Cantidad de NNA atendidos en algún proyecto del Sistema de Protección Especial del departamento,Cerro Largo,2024-S2,total,224.0,cantidad
1,Cantidad de NNA atendidos en algún proyecto del Sistema de Protección Especial del departamento,Cerro Largo,2025-S1,total,222.0,cantidad
1,Cantidad de NNA atendidos en algún proyecto del Sistema de Protección Especial del departamento,Cerro Largo,2025-S2,total,232.0,cantidad
2,Porcentaje de NNA atendidos en algún proyecto del Sistema de Protección Especial del departamento respecto a la población total INAU del departamento,Cerro Largo,2020-S1,total,4.8,porcentaje
2,Porcentaje de NNA atendidos en algún proyecto del Sistema de Protección Especial del departamento respecto a la población total INAU del departamento,Cerro Largo,2020-S2,total,4.6,porcentaje
2,Porcentaje de NNA atendidos en algún proyecto del Sistema de Protección Especial del departamento respecto a la población total INAU del departamento,Cerro Largo,2021-S1,total,5.0,porcentaje
2,Porcentaje de NNA atendidos en algún proyecto del Sistema de Protección Especial del departamento respecto a la población total INAU del departamento,Cerro Largo,2021-S2,total,5.0,porcentaje
2,Porcentaje de NNA atendidos en algún proyecto del Sistema de Protección Especial del departamento respecto a la población total INAU del departamento,Cerro Largo,2022-S1,total,4.6,porcentaje
2,Porcentaje de NNA atendidos en algún proyecto del Sistema de Protección Especial del departamento respecto a la población total INAU del departamento,Cerro Largo,2022-S2,total,4.3,porcentaje
2,Porcentaje de NNA atendidos en algún proyecto del Sistema de Protección Especial del departamento respecto a la población total INAU del departamento,Cerro Largo,2023-S1,total,4.4,porcentaje
2,Porcentaje de NNA atendidos en algún proyecto del Sistema de Protección Especial del departamento respecto a la población total INAU del departamento,Cerro Largo,2023-S2,total,4.6,porcentaje
2,Porcentaje de NNA atendidos en algún proyecto del Sistema de Protección Especial del departamento respecto a la población total INAU del departamento,Cerro Largo,2024-S1,total,4.6,porcentaje
2,Porcentaje de NNA atendidos en algún proyecto del Sistema de Protección Especial del departamento respecto a la población total INAU del departamento,Cerro Largo,2024-S2,total,4.4,porcentaje
2,Porcentaje de NNA atendidos en algún proyecto del Sistema de Protección Especial del departamento respecto a la población total INAU del departamento,Cerro Largo,2025-S1,total,4.7,porcentaje
2,Porcentaje de NNA atendidos en algún proyecto del Sistema de Protección Especial del departamento respecto a la población total INAU del departamento,Cerro Largo,2025-S2,total,4.7,porcentaje
5,Cantidad de NNA en el Sistema de Protección Especial del departamento que viven en residencia,Cerro Largo,2020-S1,total,59.0,cantidad
5,Cantidad de NNA en el Sistema de Protección Especial del departamento que viven en residencia,Cerro Largo,2020-S2,total,59.0,cantidad
5,Cantidad de NNA en el Sistema de Protección Especial del departamento que viven en residencia,Cerro Largo,2021-S1,total,55.0,cantidad
5,Cantidad de NNA en el Sistema de Protección Especial del departamento que viven en residencia,Cerro Largo,2021-S2,total,54.0,cantidad
5,Cantidad de NNA en el Sistema de Protección Especial del departamento que viven en residencia,Cerro Largo,2022-S1,total,53.0,cantidad
5,Cantidad de NNA en el Sistema de Protección Especial del departamento que viven en residencia,Cerro Largo,2022-S2,total,40.0,cantidad
5,Cantidad de NNA en el Sistema de Protección Especial del departamento que viven en residencia,Cerro Largo,2023-S1,total,38.0,cantidad
5,Cantidad de NNA en el Sistema de Protección Especial del departamento que viven en residencia,Cerro Largo,2023-S2,total,52.0,cantidad
5,Cantidad de NNA en el Sistema de Protección Especial del departamento que viven en residencia,Cerro Largo,2024-S1,total,51.0,cantidad
5,Cantidad de NNA en el Sistema de Protección Especial del departamento que viven en residencia,Cerro Largo,2024-S2,total,59.0,cantidad
5,Cantidad de NNA en el Sistema de Protección Especial del departamento que viven en residencia,Cerro Largo,2025-S1,total,61.0,cantidad
5,Cantidad de NNA en el Sistema de Protección Especial del departamento que viven en residencia,Cerro Largo,2025-S2,total,73.0,cantidad
6,Cantidad de NNA en el Sistema de Protección Especial del departamento que viven en contexto familiar,Cerro Largo,2020-S1,total,142.0,cantidad
6,Cantidad de NNA en el Sistema de Protección Especial del departamento que viven en contexto familiar,Cerro Largo,2020-S2,total,137.0,cantidad
6,Cantidad de NNA en el Sistema de Protección Especial del departamento que viven en contexto familiar,Cerro Largo,2021-S1,total,154.0,cantidad
6,Cantidad de NNA en el Sistema de Protección Especial del departamento que viven en contexto familiar,Cerro Largo,2021-S2,total,163.0,cantidad
6,Cantidad de NNA en el Sistema de Protección Especial del departamento que viven en contexto familiar,Cerro Largo,2022-S1,total,148.0,cantidad
6,Cantidad de NNA en el Sistema de Protección Especial del departamento que viven en contexto familiar,Cerro Largo,2022-S2,total,154.0,cantidad
6,Cantidad de NNA en el Sistema de Protección Especial del departamento que viven en contexto familiar,Cerro Largo,2023-S1,total,163.0,cantidad
6,Cantidad de NNA en el Sistema de Protección Especial del departamento que viven en contexto familiar,Cerro Largo,2023-S2,total,167.0,cantidad
6,Cantidad de NNA en el Sistema de Protección Especial del departamento que viven en contexto familiar,Cerro Largo,2024-S1,total,169.0,cantidad
6,Cantidad de NNA en el Sistema de Protección Especial del departamento que viven en contexto familiar,Cerro Largo,2024-S2,total,165.0,cantidad
6,Cantidad de NNA en el Sistema de Protección Especial del departamento que viven en contexto familiar,Cerro Largo,2025-S1,total,161.0,cantidad
6,Cantidad de NNA en el Sistema de Protección Especial del departamento que viven en contexto familiar,Cerro Largo,2025-S2,total,159.0,cantidad
7,Cantidad de NNA en el departamento que ingresan por primera vez al Sistema de Protección Especial,Cerro Largo,2020-S1,total,29.0,cantidad
7,Cantidad de NNA en el departamento que ingresan por primera vez al Sistema de Protección Especial,Cerro Largo,2020-S2,total,23.0,cantidad
7,Cantidad de NNA en el departamento que ingresan por primera vez al Sistema de Protección Especial,Cerro Largo,2021-S1,total,25.0,cantidad
7,Cantidad de NNA en el departamento que ingresan por primera vez al Sistema de Protección Especial,Cerro Largo,2021-S2,total,27.0,cantidad
7,Cantidad de NNA en el departamento que ingresan por primera vez al Sistema de Protección Especial,Cerro Largo,2022-S1,total,18.0,cantidad
7,Cantidad de NNA en el departamento que ingresan por primera vez al Sistema de Protección Especial,Cerro Largo,2022-S2,total,19.0,cantidad
7,Cantidad de NNA en el departamento que ingresan por primera vez al Sistema de Protección Especial,Cerro Largo,2023-S1,total,43.0,cantidad
7,Cantidad de NNA en el departamento que ingresan por primera vez al Sistema de Protección Especial,Cerro Largo,2023-S2,total,48.0,cantidad
7,Cantidad de NNA en el departamento que ingresan por primera vez al Sistema de Protección Especial,Cerro Largo,2024-S1,total,34.0,cantidad
7,Cantidad de NNA en el departamento que ingresan por primera vez al Sistema de Protección Especial,Cerro Largo,2024-S2,total,31.0,cantidad
7,Cantidad de NNA en el departamento que ingresan por primera vez al Sistema de Protección Especial,Cerro Largo,2025-S1,total,29.0,cantidad
7,Cantidad de NNA en el departamento que ingresan por primera vez al Sistema de Protección Especial,Cerro Largo,2025-S2,total,36.0,cantidad
8,"Porcentaje de NNA que ingresan por primera vez al Sistema de Protección Especial en algún proyecto del departamento, respecto al total de atendidos por el Sistema en el departamento",Cerro Largo,2020-S1,total,12.3,porcentaje
8,"Porcentaje de NNA que ingresan por primera vez al Sistema de Protección Especial en algún proyecto del departamento, respecto al total de atendidos por el Sistema en el departamento",Cerro Largo,2020-S2,total,10.4,porcentaje
8,"Porcentaje de NNA que ingresan por primera vez al Sistema de Protección Especial en algún proyecto del departamento, respecto al total de atendidos por el Sistema en el departamento",Cerro Largo,2021-S1,total,10.9,porcentaje
8,"Porcentaje de NNA que ingresan por primera vez al Sistema de Protección Especial en algún proyecto del departamento, respecto al total de atendidos por el Sistema en el departamento",Cerro Largo,2021-S2,total,11.2,porcentaje
8,"Porcentaje de NNA que ingresan por primera vez al Sistema de Protección Especial en algún proyecto del departamento, respecto al total de atendidos por el Sistema en el departamento",Cerro Largo,2022-S1,total,7.7,porcentaje
8,"Porcentaje de NNA que ingresan por primera vez al Sistema de Protección Especial en algún proyecto del departamento, respecto al total de atendidos por el Sistema en el departamento",Cerro Largo,2022-S2,total,8.4,porcentaje
8,"Porcentaje de NNA que ingresan por primera vez al Sistema de Protección Especial en algún proyecto del departamento, respecto al total de atendidos por el Sistema en el departamento",Cerro Largo,2023-S1,total,18.0,porcentaje
8,"Porcentaje de NNA que ingresan por primera vez al Sistema de Protección Especial en algún proyecto del departamento, respecto al total de atendidos por el Sistema en el departamento",Cerro Largo,2023-S2,total,19.4,porcentaje
8,"Porcentaje de NNA que ingresan por primera vez al Sistema de Protección Especial en algún proyecto del departamento, respecto al total de atendidos por el Sistema en el departamento",Cerro Largo,2024-S1,total,13.5,porcentaje
8,"Porcentaje de NNA que ingresan por primera vez al Sistema de Protección Especial en algún proyecto del departamento, respecto al total de atendidos por el Sistema en el departamento",Cerro Largo,2024-S2,total,12.1,porcentaje
8,"Porcentaje de NNA que ingresan por primera vez al Sistema de Protección Especial en algún proyecto del departamento, respecto al total de atendidos por el Sistema en el departamento",Cerro Largo,2025-S1,total,11.4,porcentaje
8,"Porcentaje de NNA que ingresan por primera vez al Sistema de Protección Especial en algún proyecto del departamento, respecto al total de atendidos por el Sistema en el departamento",Cerro Largo,2025-S2,total,14.0,porcentaje
9,Cantidad de NNA que ingresan con trayectoria anterior al Sistema de Protección Especial en el departamento,Cerro Largo,2020-S1,total,9.0,cantidad
9,Cantidad de NNA que ingresan con trayectoria anterior al Sistema de Protección Especial en el departamento,Cerro Largo,2020-S2,total,2.0,cantidad
9,Cantidad de NNA que ingresan con trayectoria anterior al Sistema de Protección Especial en el departamento,Cerro Largo,2021-S1,total,8.0,cantidad
9,Cantidad de NNA que ingresan con trayectoria anterior al Sistema de Protección Especial en el departamento,Cerro Largo,2021-S2,total,9.0,cantidad
9,Cantidad de NNA que ingresan con trayectoria anterior al Sistema de Protección Especial en el departamento,Cerro Largo,2022-S1,total,8.0,cantidad
9,Cantidad de NNA que ingresan con trayectoria anterior al Sistema de Protección Especial en el departamento,Cerro Largo,2022-S2,total,6.0,cantidad
9,Cantidad de NNA que ingresan con trayectoria anterior al Sistema de Protección Especial en el departamento,Cerro Largo,2023-S1,total,11.0,cantidad
9,Cantidad de NNA que ingresan con trayectoria anterior al Sistema de Protección Especial en el departamento,Cerro Largo,2023-S2,total,6.0,cantidad
9,Cantidad de NNA que ingresan con trayectoria anterior al Sistema de Protección Especial en el departamento,Cerro Largo,2024-S1,total,10.0,cantidad
9,Cantidad de NNA que ingresan con trayectoria anterior al Sistema de Protección Especial en el departamento,Cerro Largo,2024-S2,total,5.0,cantidad
9,Cantidad de NNA que ingresan con trayectoria anterior al Sistema de Protección Especial en el departamento,Cerro Largo,2025-S1,total,8.0,cantidad
9,Cantidad de NNA que ingresan con trayectoria anterior al Sistema de Protección Especial en el departamento,Cerro Largo,2025-S2,total,4.0,cantidad
10,Porcentaje de NNA que ingresan con trayectoria anterior al Sistema de Protección Especial en algún proyecto del departamento respecto al total de atendidos por el Sistema en el departamento,Cerro Largo,2020-S1,total,3.8,porcentaje
10,Porcentaje de NNA que ingresan con trayectoria anterior al Sistema de Protección Especial en algún proyecto del departamento respecto al total de atendidos por el Sistema en el departamento,Cerro Largo,2020-S2,total,0.9,porcentaje
10,Porcentaje de NNA que ingresan con trayectoria anterior al Sistema de Protección Especial en algún proyecto del departamento respecto al total de atendidos por el Sistema en el departamento,Cerro Largo,2021-S1,total,3.5,porcentaje
10,Porcentaje de NNA que ingresan con trayectoria anterior al Sistema de Protección Especial en algún proyecto del departamento respecto al total de atendidos por el Sistema en el departamento,Cerro Largo,2021-S2,total,3.8,porcentaje
10,Porcentaje de NNA que ingresan con trayectoria anterior al Sistema de Protección Especial en algún proyecto del departamento respecto al total de atendidos por el Sistema en el departamento,Cerro Largo,2022-S1,total,3.4,porcentaje
10,Porcentaje de NNA que ingresan con trayectoria anterior al Sistema de Protección Especial en algún proyecto del departamento respecto al total de atendidos por el Sistema en el departamento,Cerro Largo,2022-S2,total,2.7,porcentaje
10,Porcentaje de NNA que ingresan con trayectoria anterior al Sistema de Protección Especial en algún proyecto del departamento respecto al total de atendidos por el Sistema en el departamento,Cerro Largo,2023-S1,total,4.6,porcentaje
10,Porcentaje de NNA que ingresan con trayectoria anterior al Sistema de Protección Especial en algún proyecto del departamento respecto al total de atendidos por el Sistema en el departamento,Cerro Largo,2023-S2,total,2.4,porcentaje
10,Porcentaje de NNA que ingresan con trayectoria anterior al Sistema de Protección Especial en algún proyecto del departamento respecto al total de atendidos por el Sistema en el departamento,Cerro Largo,2024-S1,total,4.0,porcentaje
10,Porcentaje de NNA que ingresan con trayectoria anterior al Sistema de Protección Especial en algún proyecto del departamento respecto al total de atendidos por el Sistema en el departamento,Cerro Largo,2024-S2,total,1.9,porcentaje
10,Porcentaje de NNA que ingresan con trayectoria anterior al Sistema de Protección Especial en algún proyecto del departamento respecto al total de atendidos por el Sistema en el departamento,Cerro Largo,2025-S1,total,3.1,porcentaje
10,Porcentaje de NNA que ingresan con trayectoria anterior al Sistema de Protección Especial en algún proyecto del departamento respecto al total de atendidos por el Sistema en el departamento,Cerro Largo,2025-S2,total,1.6,porcentaje
11,Cantidad de NNA que egresan del Sistema de Protección Especial en el departamento,Cerro Largo,2020-S1,total,34.0,cantidad
11,Cantidad de NNA que egresan del Sistema de Protección Especial en el departamento,Cerro Largo,2020-S2,total,35.0,cantidad
11,Cantidad de NNA que egresan del Sistema de Protección Especial en el departamento,Cerro Largo,2021-S1,total,28.0,cantidad
11,Cantidad de NNA que egresan del Sistema de Protección Especial en el departamento,Cerro Largo,2021-S2,total,35.0,cantidad
11,Cantidad de NNA que egresan del Sistema de Protección Especial en el departamento,Cerro Largo,2022-S1,total,42.0,cantidad
11,Cantidad de NNA que egresan del Sistema de Protección Especial en el departamento,Cerro Largo,2022-S2,total,39.0,cantidad
11,Cantidad de NNA que egresan del Sistema de Protección Especial en el departamento,Cerro Largo,2023-S1,total,39.0,cantidad
11,Cantidad de NNA que egresan del Sistema de Protección Especial en el departamento,Cerro Largo,2023-S2,total,48.0,cantidad
11,Cantidad de NNA que egresan del Sistema de Protección Especial en el departamento,Cerro Largo,2024-S1,total,40.0,cantidad
11,Cantidad de NNA que egresan del Sistema de Protección Especial en el departamento,Cerro Largo,2024-S2,total,39.0,cantidad
11,Cantidad de NNA que egresan del Sistema de Protección Especial en el departamento,Cerro Largo,2025-S1,total,43.0,cantidad
11,Cantidad de NNA que egresan del Sistema de Protección Especial en el departamento,Cerro Largo,2025-S2,total,34.0,cantidad
12,Cantidad de NNA que egresan del Sistema de Protección Especial en el departamento según tiempos de permanencia en el Sistema,Cerro Largo,2020-S1,total,34.0,cantidad
12,Cantidad de NNA que egresan del Sistema de Protección Especial en el departamento según tiempos de permanencia en el Sistema,Cerro Largo,2020-S2,total,35.0,cantidad
12,Cantidad de NNA que egresan del Sistema de Protección Especial en el departamento según tiempos de permanencia en el Sistema,Cerro Largo,2021-S1,total,28.0,cantidad
12,Cantidad de NNA que egresan del Sistema de Protección Especial en el departamento según tiempos de permanencia en el Sistema,Cerro Largo,2021-S2,total,35.0,cantidad
12,Cantidad de NNA que egresan del Sistema de Protección Especial en el departamento según tiempos de permanencia en el Sistema,Cerro Largo,2022-S1,total,42.0,cantidad
12,Cantidad de NNA que egresan del Sistema de Protección Especial en el departamento según tiempos de permanencia en el Sistema,Cerro Largo,2022-S2,total,39.0,cantidad
12,Cantidad de NNA que egresan del Sistema de Protección Especial en el departamento según tiempos de permanencia en el Sistema,Cerro Largo,2023-S1,total,39.0,cantidad
12,Cantidad de NNA que egresan del Sistema de Protección Especial en el departamento según tiempos de permanencia en el Sistema,Cerro Largo,2023-S2,total,48.0,cantidad
12,Cantidad de NNA que egresan del Sistema de Protección Especial en el departamento según tiempos de permanencia en el Sistema,Cerro Largo,2024-S1,total,40.0,cantidad
12,Cantidad de NNA que egresan del Sistema de Protección Especial en el departamento según tiempos de permanencia en el Sistema,Cerro Largo,2024-S2,total,39.0,cantidad
12,Cantidad de NNA que egresan del Sistema de Protección Especial en el departamento según tiempos de permanencia en el Sistema,Cerro Largo,2025-S1,total,43.0,cantidad
12,Cantidad de NNA que egresan del Sistema de Protección Especial en el departamento según tiempos de permanencia en el Sistema,Cerro Largo,2025-S2,total,34.0,cantidad
13,Cantidad de NNA que egresan del Sistema de Protección Especial en el departamento según tiempos de permanencia en la intervención,Cerro Largo,2020-S1,total,34.0,cantidad
13,Cantidad de NNA que egresan del Sistema de Protección Especial en el departamento según tiempos de permanencia en la intervención,Cerro Largo,2020-S2,total,35.0,cantidad
13,Cantidad de NNA que egresan del Sistema de Protección Especial en el departamento según tiempos de permanencia en la intervención,Cerro Largo,2021-S1,total,28.0,cantidad
13,Cantidad de NNA que egresan del Sistema de Protección Especial en el departamento según tiempos de permanencia en la intervención,Cerro Largo,2021-S2,total,35.0,cantidad
13,Cantidad de NNA que egresan del Sistema de Protección Especial en el departamento según tiempos de permanencia en la intervención,Cerro Largo,2022-S1,total,42.0,cantidad
13,Cantidad de NNA que egresan del Sistema de Protección Especial en el departamento según tiempos de permanencia en la intervención,Cerro Largo,2022-S2,total,39.0,cantidad
13,Cantidad de NNA que egresan del Sistema de Protección Especial en el departamento según tiempos de permanencia en la intervención,Cerro Largo,2023-S1,total,39.0,cantidad
13,Cantidad de NNA que egresan del Sistema de Protección Especial en el departamento según tiempos de permanencia en la intervención,Cerro Largo,2023-S2,total,48.0,cantidad
13,Cantidad de NNA que egresan del Sistema de Protección Especial en el departamento según tiempos de permanencia en la intervención,Cerro Largo,2024-S1,total,40.0,cantidad
13,Cantidad de NNA que egresan del Sistema de Protección Especial en el departamento según tiempos de permanencia en la intervención,Cerro Largo,2024-S2,total,39.0,cantidad
13,Cantidad de NNA que egresan del Sistema de Protección Especial en el departamento según tiempos de permanencia en la intervención,Cerro Largo,2025-S1,total,43.0,cantidad
13,Cantidad de NNA que egresan del Sistema de Protección Especial en el departamento según tiempos de permanencia en la intervención,Cerro Largo,2025-S2,total,34.0,cantidad
14,Cantidad de NNA que dejan de vivir en residencias en el departamento para vivir con una familia,Cerro Largo,2020-S1,total,24.0,cantidad
14,Cantidad de NNA que dejan de vivir en residencias en el departamento para vivir con una familia,Cerro Largo,2020-S2,total,20.0,cantidad
14,Cantidad de NNA que dejan de vivir en residencias en el departamento para vivir con una familia,Cerro Largo,2021-S1,total,22.0,cantidad
14,Cantidad de NNA que dejan de vivir en residencias en el departamento para vivir con una familia,Cerro Largo,2021-S2,total,20.0,cantidad
14,Cantidad de NNA que dejan de vivir en residencias en el departamento para vivir con una familia,Cerro Largo,2022-S1,total,29.0,cantidad
14,Cantidad de NNA que dejan de vivir en residencias en el departamento para vivir con una familia,Cerro Largo,2022-S2,total,17.0,cantidad
14,Cantidad de NNA que dejan de vivir en residencias en el departamento para vivir con una familia,Cerro Largo,2023-S1,total,21.0,cantidad
14,Cantidad de NNA que dejan de vivir en residencias en el departamento para vivir con una familia,Cerro Largo,2023-S2,total,25.0,cantidad
14,Cantidad de NNA que dejan de vivir en residencias en el departamento para vivir con una familia,Cerro Largo,2024-S1,total,22.0,cantidad
14,Cantidad de NNA que dejan de vivir en residencias en el departamento para vivir con una familia,Cerro Largo,2024-S2,total,26.0,cantidad
14,Cantidad de NNA que dejan de vivir en residencias en el departamento para vivir con una familia,Cerro Largo,2025-S1,total,23.0,cantidad
14,Cantidad de NNA que dejan de vivir en residencias en el departamento para vivir con una familia,Cerro Largo,2025-S2,total,25.0,cantidad
15,Cantidad de NNA con condición de adoptabilidad en el departamento,Cerro Largo,2020-S1,total,13.0,cantidad
15,Cantidad de NNA con condición de adoptabilidad en el departamento,Cerro Largo,2020-S2,total,15.0,cantidad
15,Cantidad de NNA con condición de adoptabilidad en el departamento,Cerro Largo,2021-S1,total,15.0,cantidad
15,Cantidad de NNA con condición de adoptabilidad en el departamento,Cerro Largo,2021-S2,total,14.0,cantidad
15,Cantidad de NNA con condición de adoptabilidad en el departamento,Cerro Largo,2022-S1,total,15.0,cantidad
15,Cantidad de NNA con condición de adoptabilidad en el departamento,Cerro Largo,2022-S2,total,14.0,cantidad
15,Cantidad de NNA con condición de adoptabilidad en el departamento,Cerro Largo,2023-S1,total,14.0,cantidad
15,Cantidad de NNA con condición de adoptabilidad en el departamento,Cerro Largo,2023-S2,total,14.0,cantidad
15,Cantidad de NNA con condición de adoptabilidad en el departamento,Cerro Largo,2024-S1,total,14.0,cantidad
15,Cantidad de NNA con condición de adoptabilidad en el departamento,Cerro Largo,2024-S2,total,15.0,cantidad
15,Cantidad de NNA con condición de adoptabilidad en el departamento,Cerro Largo,2025-S1,total,16.0,cantidad
15,Cantidad de NNA con condición de adoptabilidad en el departamento,Cerro Largo,2025-S2,total,16.0,cantidad
16,"Porcentaje de NNA con condición de adoptabilidad en el departamento, respecto al total de NNA atendidos por el Sistema de Protección Especial en el departamento",Cerro Largo,2020-S1,total,5.5,porcentaje
16,"Porcentaje de NNA con condición de adoptabilidad en el departamento, respecto al total de NNA atendidos por el Sistema de Protección Especial en el departamento",Cerro Largo,2020-S2,total,6.8,porcentaje
16,"Porcentaje de NNA con condición de adoptabilidad en el departamento, respecto al total de NNA atendidos por el Sistema de Protección Especial en el departamento",Cerro Largo,2021-S1,total,6.6,porcentaje
16,"Porcentaje de NNA con condición de adoptabilidad en el departamento, respecto al total de NNA atendidos por el Sistema de Protección Especial en el departamento",Cerro Largo,2021-S2,total,5.8,porcentaje
16,"Porcentaje de NNA con condición de adoptabilidad en el departamento, respecto al total de NNA atendidos por el Sistema de Protección Especial en el departamento",Cerro Largo,2022-S1,total,6.4,porcentaje
16,"Porcentaje de NNA con condición de adoptabilidad en el departamento, respecto al total de NNA atendidos por el Sistema de Protección Especial en el departamento",Cerro Largo,2022-S2,total,6.2,porcentaje
16,"Porcentaje de NNA con condición de adoptabilidad en el departamento, respecto al total de NNA atendidos por el Sistema de Protección Especial en el departamento",Cerro Largo,2023-S1,total,5.9,porcentaje
16,"Porcentaje de NNA con condición de adoptabilidad en el departamento, respecto al total de NNA atendidos por el Sistema de Protección Especial en el departamento",Cerro Largo,2023-S2,total,5.6,porcentaje
16,"Porcentaje de NNA con condición de adoptabilidad en el departamento, respecto al total de NNA atendidos por el Sistema de Protección Especial en el departamento",Cerro Largo,2024-S1,total,5.6,porcentaje
16,"Porcentaje de NNA con condición de adoptabilidad en el departamento, respecto al total de NNA atendidos por el Sistema de Protección Especial en el departamento",Cerro Largo,2024-S2,total,5.8,porcentaje
16,"Porcentaje de NNA con condición de adoptabilidad en el departamento, respecto al total de NNA atendidos por el Sistema de Protección Especial en el departamento",Cerro Largo,2025-S1,total,6.3,porcentaje
16,"Porcentaje de NNA con condición de adoptabilidad en el departamento, respecto al total de NNA atendidos por el Sistema de Protección Especial en el departamento",Cerro Largo,2025-S2,total,6.2,porcentaje
17,Cantidad de NNA con condición de adoptabilidad en el departamento que pasa a seguimiento de tenencia,Cerro Largo,2020-S1,total,1.0,cantidad
17,Cantidad de NNA con condición de adoptabilidad en el departamento que pasa a seguimiento de tenencia,Cerro Largo,2020-S2,total,1.0,cantidad
17,Cantidad de NNA con condición de adoptabilidad en el departamento que pasa a seguimiento de tenencia,Cerro Largo,2021-S1,total,1.0,cantidad
17,Cantidad de NNA con condición de adoptabilidad en el departamento que pasa a seguimiento de tenencia,Cerro Largo,2021-S2,total,0.0,cantidad
17,Cantidad de NNA con condición de adoptabilidad en el departamento que pasa a seguimiento de tenencia,Cerro Largo,2022-S1,total,2.0,cantidad
17,Cantidad de NNA con condición de adoptabilidad en el departamento que pasa a seguimiento de tenencia,Cerro Largo,2022-S2,total,2.0,cantidad
17,Cantidad de NNA con condición de adoptabilidad en el departamento que pasa a seguimiento de tenencia,Cerro Largo,2023-S1,total,0.0,cantidad
17,Cantidad de NNA con condición de adoptabilidad en el departamento que pasa a seguimiento de tenencia,Cerro Largo,2023-S2,total,1.0,cantidad
17,Cantidad de NNA con condición de adoptabilidad en el departamento que pasa a seguimiento de tenencia,Cerro Largo,2024-S1,total,1.0,cantidad
17,Cantidad de NNA con condición de adoptabilidad en el departamento que pasa a seguimiento de tenencia,Cerro Largo,2024-S2,total,1.0,cantidad
17,Cantidad de NNA con condición de adoptabilidad en el departamento que pasa a seguimiento de tenencia,Cerro Largo,2025-S1,total,1.0,cantidad
17,Cantidad de NNA con condición de adoptabilidad en el departamento que pasa a seguimiento de tenencia,Cerro Largo,2025-S2,total,1.0,cantidad
19,Cantidad de NNA atendidos por el Sistema de Protección Especial en el departamento que tiene Proyecto de Atención Integral (PAI),Cerro Largo,2020-S1,total,0.0,cantidad
19,Cantidad de NNA atendidos por el Sistema de Protección Especial en el departamento que tiene Proyecto de Atención Integral (PAI),Cerro Largo,2020-S2,total,0.0,cantidad
19,Cantidad de NNA atendidos por el Sistema de Protección Especial en el departamento que tiene Proyecto de Atención Integral (PAI),Cerro Largo,2021-S1,total,1.0,cantidad
19,Cantidad de NNA atendidos por el Sistema de Protección Especial en el departamento que tiene Proyecto de Atención Integral (PAI),Cerro Largo,2021-S2,total,2.0,cantidad
19,Cantidad de NNA atendidos por el Sistema de Protección Especial en el departamento que tiene Proyecto de Atención Integral (PAI),Cerro Largo,2022-S1,total,1.0,cantidad
19,Cantidad de NNA atendidos por el Sistema de Protección Especial en el departamento que tiene Proyecto de Atención Integral (PAI),Cerro Largo,2022-S2,total,0.0,cantidad
19,Cantidad de NNA atendidos por el Sistema de Protección Especial en el departamento que tiene Proyecto de Atención Integral (PAI),Cerro Largo,2023-S1,total,0.0,cantidad
19,Cantidad de NNA atendidos por el Sistema de Protección Especial en el departamento que tiene Proyecto de Atención Integral (PAI),Cerro Largo,2023-S2,total,0.0,cantidad
19,Cantidad de NNA atendidos por el Sistema de Protección Especial en el departamento que tiene Proyecto de Atención Integral (PAI),Cerro Largo,2024-S1,total,0.0,cantidad
19,Cantidad de NNA atendidos por el Sistema de Protección Especial en el departamento que tiene Proyecto de Atención Integral (PAI),Cerro Largo,2024-S2,total,0.0,cantidad
19,Cantidad de NNA atendidos por el Sistema de Protección Especial en el departamento que tiene Proyecto de Atención Integral (PAI),Cerro Largo,2025-S1,total,0.0,cantidad
19,Cantidad de NNA atendidos por el Sistema de Protección Especial en el departamento que tiene Proyecto de Atención Integral (PAI),Cerro Largo,2025-S2,total,0.0,cantidad
20,"Cantidad de NN de 0 a 5 años atendidos por el Sistema de Protección Especial en el departamento, inscriptos en centros de educación y cuidado",Cerro Largo,2021-S1,total,25.0,cantidad
20,"Cantidad de NN de 0 a 5 años atendidos por el Sistema de Protección Especial en el departamento, inscriptos en centros de educación y cuidado",Cerro Largo,2021-S2,total,28.0,cantidad
20,"Cantidad de NN de 0 a 5 años atendidos por el Sistema de Protección Especial en el departamento, inscriptos en centros de educación y cuidado",Cerro Largo,2022-S1,total,28.0,cantidad
20,"Cantidad de NN de 0 a 5 años atendidos por el Sistema de Protección Especial en el departamento, inscriptos en centros de educación y cuidado",Cerro Largo,2022-S2,total,24.0,cantidad
20,"Cantidad de NN de 0 a 5 años atendidos por el Sistema de Protección Especial en el departamento, inscriptos en centros de educación y cuidado",Cerro Largo,2023-S1,total,29.0,cantidad
20,"Cantidad de NN de 0 a 5 años atendidos por el Sistema de Protección Especial en el departamento, inscriptos en centros de educación y cuidado",Cerro Largo,2023-S2,total,25.0,cantidad
20,"Cantidad de NN de 0 a 5 años atendidos por el Sistema de Protección Especial en el departamento, inscriptos en centros de educación y cuidado",Cerro Largo,2024-S1,total,33.0,cantidad
20,"Cantidad de NN de 0 a 5 años atendidos por el Sistema de Protección Especial en el departamento, inscriptos en centros de educación y cuidado",Cerro Largo,2024-S2,total,34.0,cantidad
20,"Cantidad de NN de 0 a 5 años atendidos por el Sistema de Protección Especial en el departamento, inscriptos en centros de educación y cuidado",Cerro Largo,2025-S1,total,35.0,cantidad
20,"Cantidad de NN de 0 a 5 años atendidos por el Sistema de Protección Especial en el departamento, inscriptos en centros de educación y cuidado",Cerro Largo,2025-S2,total,35.0,cantidad
21,"Cantidad de NNA de 6 a 17 años atendidos por el Sistema de Protección Especial en el departamento, inscriptos en centros de educación formal",Cerro Largo,2021-S1,total,173.0,cantidad
21,"Cantidad de NNA de 6 a 17 años atendidos por el Sistema de Protección Especial en el departamento, inscriptos en centros de educación formal",Cerro Largo,2021-S2,total,173.0,cantidad
21,"Cantidad de NNA de 6 a 17 años atendidos por el Sistema de Protección Especial en el departamento, inscriptos en centros de educación formal",Cerro Largo,2022-S1,total,161.0,cantidad
21,"Cantidad de NNA de 6 a 17 años atendidos por el Sistema de Protección Especial en el departamento, inscriptos en centros de educación formal",Cerro Largo,2022-S2,total,155.0,cantidad
21,"Cantidad de NNA de 6 a 17 años atendidos por el Sistema de Protección Especial en el departamento, inscriptos en centros de educación formal",Cerro Largo,2023-S1,total,155.0,cantidad
21,"Cantidad de NNA de 6 a 17 años atendidos por el Sistema de Protección Especial en el departamento, inscriptos en centros de educación formal",Cerro Largo,2023-S2,total,169.0,cantidad
21,"Cantidad de NNA de 6 a 17 años atendidos por el Sistema de Protección Especial en el departamento, inscriptos en centros de educación formal",Cerro Largo,2024-S1,total,169.0,cantidad
21,"Cantidad de NNA de 6 a 17 años atendidos por el Sistema de Protección Especial en el departamento, inscriptos en centros de educación formal",Cerro Largo,2024-S2,total,169.0,cantidad
21,"Cantidad de NNA de 6 a 17 años atendidos por el Sistema de Protección Especial en el departamento, inscriptos en centros de educación formal",Cerro Largo,2025-S1,total,169.0,cantidad
21,"Cantidad de NNA de 6 a 17 años atendidos por el Sistema de Protección Especial en el departamento, inscriptos en centros de educación formal",Cerro Largo,2025-S2,total,177.0,cantidad
23,Cantidad de NNA atendidos por el Sistema de Protección Especial en el departamento con controles médicos al día,Cerro Largo,2020-S1,total,164.0,cantidad
23,Cantidad de NNA atendidos por el Sistema de Protección Especial en el departamento con controles médicos al día,Cerro Largo,2020-S2,total,130.0,cantidad
23,Cantidad de NNA atendidos por el Sistema de Protección Especial en el departamento con controles médicos al día,Cerro Largo,2021-S1,total,183.0,cantidad
23,Cantidad de NNA atendidos por el Sistema de Protección Especial en el departamento con controles médicos al día,Cerro Largo,2021-S2,total,188.0,cantidad
23,Cantidad de NNA atendidos por el Sistema de Protección Especial en el departamento con controles médicos al día,Cerro Largo,2022-S1,total,176.0,cantidad
23,Cantidad de NNA atendidos por el Sistema de Protección Especial en el departamento con controles médicos al día,Cerro Largo,2022-S2,total,161.0,cantidad
23,Cantidad de NNA atendidos por el Sistema de Protección Especial en el departamento con controles médicos al día,Cerro Largo,2023-S1,total,169.0,cantidad
23,Cantidad de NNA atendidos por el Sistema de Protección Especial en el departamento con controles médicos al día,Cerro Largo,2023-S2,total,176.0,cantidad
23,Cantidad de NNA atendidos por el Sistema de Protección Especial en el departamento con controles médicos al día,Cerro Largo,2024-S1,total,209.0,cantidad
23,Cantidad de NNA atendidos por el Sistema de Protección Especial en el departamento con controles médicos al día,Cerro Largo,2024-S2,total,187.0,cantidad
23,Cantidad de NNA atendidos por el Sistema de Protección Especial en el departamento con controles médicos al día,Cerro Largo,2025-S1,total,177.0,cantidad
23,Cantidad de NNA atendidos por el Sistema de Protección Especial en el departamento con controles médicos al día,Cerro Largo,2025-S2,total,193.0,cantidad
24,Cantidad de NNA atendidos por el Sistema de Protección Especial en el departamento con vacunas al día,Cerro Largo,2020-S1,total,200.0,cantidad
24,Cantidad de NNA atendidos por el Sistema de Protección Especial en el departamento con vacunas al día,Cerro Largo,2020-S2,total,190.0,cantidad
24,Cantidad de NNA atendidos por el Sistema de Protección Especial en el departamento con vacunas al día,Cerro Largo,2021-S1,total,208.0,cantidad
24,Cantidad de NNA atendidos por el Sistema de Protección Especial en el departamento con vacunas al día,Cerro Largo,2021-S2,total,214.0,cantidad
24,Cantidad de NNA atendidos por el Sistema de Protección Especial en el departamento con vacunas al día,Cerro Largo,2022-S1,total,190.0,cantidad
24,Cantidad de NNA atendidos por el Sistema de Protección Especial en el departamento con vacunas al día,Cerro Largo,2022-S2,total,182.0,cantidad
24,Cantidad de NNA atendidos por el Sistema de Protección Especial en el departamento con vacunas al día,Cerro Largo,2023-S1,total,187.0,cantidad
24,Cantidad de NNA atendidos por el Sistema de Protección Especial en el departamento con vacunas al día,Cerro Largo,2023-S2,total,207.0,cantidad
24,Cantidad de NNA atendidos por el Sistema de Protección Especial en el departamento con vacunas al día,Cerro Largo,2024-S1,total,216.0,cantidad
24,Cantidad de NNA atendidos por el Sistema de Protección Especial en el departamento con vacunas al día,Cerro Largo,2024-S2,total,205.0,cantidad
24,Cantidad de NNA atendidos por el Sistema de Protección Especial en el departamento con vacunas al día,Cerro Largo,2025-S1,total,204.0,cantidad
24,Cantidad de NNA atendidos por el Sistema de Protección Especial en el departamento con vacunas al día,Cerro Largo,2025-S2,total,215.0,cantidad
1,Cantidad de NNA atendidos en algún proyecto del Sistema de Protección Especial del departamento,Colonia,2020-S1,total,197.0,cantidad
1,Cantidad de NNA atendidos en algún proyecto del Sistema de Protección Especial del departamento,Colonia,2020-S2,total,186.0,cantidad
1,Cantidad de NNA atendidos en algún proyecto del Sistema de Protección Especial del departamento,Colonia,2021-S1,total,180.0,cantidad
1,Cantidad de NNA atendidos en algún proyecto del Sistema de Protección Especial del departamento,Colonia,2021-S2,total,201.0,cantidad
1,Cantidad de NNA atendidos en algún proyecto del Sistema de Protección Especial del departamento,Colonia,2022-S1,total,195.0,cantidad
1,Cantidad de NNA atendidos en algún proyecto del Sistema de Protección Especial del departamento,Colonia,2022-S2,total,218.0,cantidad
1,Cantidad de NNA atendidos en algún proyecto del Sistema de Protección Especial del departamento,Colonia,2023-S1,total,221.0,cantidad
1,Cantidad de NNA atendidos en algún proyecto del Sistema de Protección Especial del departamento,Colonia,2023-S2,total,231.0,cantidad
1,Cantidad de NNA atendidos en algún proyecto del Sistema de Protección Especial del departamento,Colonia,2024-S1,total,226.0,cantidad
1,Cantidad de NNA atendidos en algún proyecto del Sistema de Protección Especial del departamento,Colonia,2024-S2,total,231.0,cantidad
1,Cantidad de NNA atendidos en algún proyecto del Sistema de Protección Especial del departamento,Colonia,2025-S1,total,241.0,cantidad
1,Cantidad de NNA atendidos en algún proyecto del Sistema de Protección Especial del departamento,Colonia,2025-S2,total,226.0,cantidad
2,Porcentaje de NNA atendidos en algún proyecto del Sistema de Protección Especial del departamento respecto a la población total INAU del departamento,Colonia,2020-S1,total,6.6,porcentaje
2,Porcentaje de NNA atendidos en algún proyecto del Sistema de Protección Especial del departamento respecto a la población total INAU del departamento,Colonia,2020-S2,total,6.0,porcentaje
2,Porcentaje de NNA atendidos en algún proyecto del Sistema de Protección Especial del departamento respecto a la población total INAU del departamento,Colonia,2021-S1,total,5.9,porcentaje
2,Porcentaje de NNA atendidos en algún proyecto del Sistema de Protección Especial del departamento respecto a la población total INAU del departamento,Colonia,2021-S2,total,6.6,porcentaje
2,Porcentaje de NNA atendidos en algún proyecto del Sistema de Protección Especial del departamento respecto a la población total INAU del departamento,Colonia,2022-S1,total,6.4,porcentaje
2,Porcentaje de NNA atendidos en algún proyecto del Sistema de Protección Especial del departamento respecto a la población total INAU del departamento,Colonia,2022-S2,total,6.8,porcentaje
2,Porcentaje de NNA atendidos en algún proyecto del Sistema de Protección Especial del departamento respecto a la población total INAU del departamento,Colonia,2023-S1,total,7.1,porcentaje
2,Porcentaje de NNA atendidos en algún proyecto del Sistema de Protección Especial del departamento respecto a la población total INAU del departamento,Colonia,2023-S2,total,7.2,porcentaje
2,Porcentaje de NNA atendidos en algún proyecto del Sistema de Protección Especial del departamento respecto a la población total INAU del departamento,Colonia,2024-S1,total,7.3,porcentaje
2,Porcentaje de NNA atendidos en algún proyecto del Sistema de Protección Especial del departamento respecto a la población total INAU del departamento,Colonia,2024-S2,total,7.1,porcentaje
2,Porcentaje de NNA atendidos en algún proyecto del Sistema de Protección Especial del departamento respecto a la población total INAU del departamento,Colonia,2025-S1,total,7.5,porcentaje
2,Porcentaje de NNA atendidos en algún proyecto del Sistema de Protección Especial del departamento respecto a la población total INAU del departamento,Colonia,2025-S2,total,7.0,porcentaje
5,Cantidad de NNA en el Sistema de Protección Especial del departamento que viven en residencia,Colonia,2020-S1,total,65.0,cantidad
5,Cantidad de NNA en el Sistema de Protección Especial del departamento que viven en residencia,Colonia,2020-S2,total,53.0,cantidad
5,Cantidad de NNA en el Sistema de Protección Especial del departamento que viven en residencia,Colonia,2021-S1,total,30.0,cantidad
5,Cantidad de NNA en el Sistema de Protección Especial del departamento que viven en residencia,Colonia,2021-S2,total,30.0,cantidad
5,Cantidad de NNA en el Sistema de Protección Especial del departamento que viven en residencia,Colonia,2022-S1,total,38.0,cantidad
5,Cantidad de NNA en el Sistema de Protección Especial del departamento que viven en residencia,Colonia,2022-S2,total,58.0,cantidad
5,Cantidad de NNA en el Sistema de Protección Especial del departamento que viven en residencia,Colonia,2023-S1,total,58.0,cantidad
5,Cantidad de NNA en el Sistema de Protección Especial del departamento que viven en residencia,Colonia,2023-S2,total,50.0,cantidad
5,Cantidad de NNA en el Sistema de Protección Especial del departamento que viven en residencia,Colonia,2024-S1,total,64.0,cantidad
5,Cantidad de NNA en el Sistema de Protección Especial del departamento que viven en residencia,Colonia,2024-S2,total,69.0,cantidad
5,Cantidad de NNA en el Sistema de Protección Especial del departamento que viven en residencia,Colonia,2025-S1,total,70.0,cantidad
5,Cantidad de NNA en el Sistema de Protección Especial del departamento que viven en residencia,Colonia,2025-S2,total,63.0,cantidad
6,Cantidad de NNA en el Sistema de Protección Especial del departamento que viven en contexto familiar,Colonia,2020-S1,total,132.0,cantidad
6,Cantidad de NNA en el Sistema de Protección Especial del departamento que viven en contexto familiar,Colonia,2020-S2,total,133.0,cantidad
6,Cantidad de NNA en el Sistema de Protección Especial del departamento que viven en contexto familiar,Colonia,2021-S1,total,150.0,cantidad
6,Cantidad de NNA en el Sistema de Protección Especial del departamento que viven en contexto familiar,Colonia,2021-S2,total,171.0,cantidad
6,Cantidad de NNA en el Sistema de Protección Especial del departamento que viven en contexto familiar,Colonia,2022-S1,total,157.0,cantidad
6,Cantidad de NNA en el Sistema de Protección Especial del departamento que viven en contexto familiar,Colonia,2022-S2,total,160.0,cantidad
6,Cantidad de NNA en el Sistema de Protección Especial del departamento que viven en contexto familiar,Colonia,2023-S1,total,163.0,cantidad
6,Cantidad de NNA en el Sistema de Protección Especial del departamento que viven en contexto familiar,Colonia,2023-S2,total,181.0,cantidad
6,Cantidad de NNA en el Sistema de Protección Especial del departamento que viven en contexto familiar,Colonia,2024-S1,total,161.0,cantidad
6,Cantidad de NNA en el Sistema de Protección Especial del departamento que viven en contexto familiar,Colonia,2024-S2,total,162.0,cantidad
6,Cantidad de NNA en el Sistema de Protección Especial del departamento que viven en contexto familiar,Colonia,2025-S1,total,171.0,cantidad
6,Cantidad de NNA en el Sistema de Protección Especial del departamento que viven en contexto familiar,Colonia,2025-S2,total,163.0,cantidad
7,Cantidad de NNA en el departamento que ingresan por primera vez al Sistema de Protección Especial,Colonia,2020-S1,total,27.0,cantidad
7,Cantidad de NNA en el departamento que ingresan por primera vez al Sistema de Protección Especial,Colonia,2020-S2,total,9.0,cantidad
7,Cantidad de NNA en el departamento que ingresan por primera vez al Sistema de Protección Especial,Colonia,2021-S1,total,12.0,cantidad
7,Cantidad de NNA en el departamento que ingresan por primera vez al Sistema de Protección Especial,Colonia,2021-S2,total,32.0,cantidad
7,Cantidad de NNA en el departamento que ingresan por primera vez al Sistema de Protección Especial,Colonia,2022-S1,total,15.0,cantidad
7,Cantidad de NNA en el departamento que ingresan por primera vez al Sistema de Protección Especial,Colonia,2022-S2,total,41.0,cantidad
7,Cantidad de NNA en el departamento que ingresan por primera vez al Sistema de Protección Especial,Colonia,2023-S1,total,30.0,cantidad
7,Cantidad de NNA en el departamento que ingresan por primera vez al Sistema de Protección Especial,Colonia,2023-S2,total,26.0,cantidad
7,Cantidad de NNA en el departamento que ingresan por primera vez al Sistema de Protección Especial,Colonia,2024-S1,total,24.0,cantidad
7,Cantidad de NNA en el departamento que ingresan por primera vez al Sistema de Protección Especial,Colonia,2024-S2,total,40.0,cantidad
7,Cantidad de NNA en el departamento que ingresan por primera vez al Sistema de Protección Especial,Colonia,2025-S1,total,29.0,cantidad
7,Cantidad de NNA en el departamento que ingresan por primera vez al Sistema de Protección Especial,Colonia,2025-S2,total,29.0,cantidad
8,"Porcentaje de NNA que ingresan por primera vez al Sistema de Protección Especial en algún proyecto del departamento, respecto al total de atendidos por el Sistema en el departamento",Colonia,2020-S1,total,12.7,porcentaje
8,"Porcentaje de NNA que ingresan por primera vez al Sistema de Protección Especial en algún proyecto del departamento, respecto al total de atendidos por el Sistema en el departamento",Colonia,2020-S2,total,4.6,porcentaje
8,"Porcentaje de NNA que ingresan por primera vez al Sistema de Protección Especial en algún proyecto del departamento, respecto al total de atendidos por el Sistema en el departamento",Colonia,2021-S1,total,6.4,porcentaje
8,"Porcentaje de NNA que ingresan por primera vez al Sistema de Protección Especial en algún proyecto del departamento, respecto al total de atendidos por el Sistema en el departamento",Colonia,2021-S2,total,15.6,porcentaje
8,"Porcentaje de NNA que ingresan por primera vez al Sistema de Protección Especial en algún proyecto del departamento, respecto al total de atendidos por el Sistema en el departamento",Colonia,2022-S1,total,7.4,porcentaje
8,"Porcentaje de NNA que ingresan por primera vez al Sistema de Protección Especial en algún proyecto del departamento, respecto al total de atendidos por el Sistema en el departamento",Colonia,2022-S2,total,18.0,porcentaje
8,"Porcentaje de NNA que ingresan por primera vez al Sistema de Protección Especial en algún proyecto del departamento, respecto al total de atendidos por el Sistema en el departamento",Colonia,2023-S1,total,12.8,porcentaje
8,"Porcentaje de NNA que ingresan por primera vez al Sistema de Protección Especial en algún proyecto del departamento, respecto al total de atendidos por el Sistema en el departamento",Colonia,2023-S2,total,10.4,porcentaje
8,"Porcentaje de NNA que ingresan por primera vez al Sistema de Protección Especial en algún proyecto del departamento, respecto al total de atendidos por el Sistema en el departamento",Colonia,2024-S1,total,9.4,porcentaje
8,"Porcentaje de NNA que ingresan por primera vez al Sistema de Protección Especial en algún proyecto del departamento, respecto al total de atendidos por el Sistema en el departamento",Colonia,2024-S2,total,14.8,porcentaje
8,"Porcentaje de NNA que ingresan por primera vez al Sistema de Protección Especial en algún proyecto del departamento, respecto al total de atendidos por el Sistema en el departamento",Colonia,2025-S1,total,10.5,porcentaje
8,"Porcentaje de NNA que ingresan por primera vez al Sistema de Protección Especial en algún proyecto del departamento, respecto al total de atendidos por el Sistema en el departamento",Colonia,2025-S2,total,10.5,porcentaje
9,Cantidad de NNA que ingresan con trayectoria anterior al Sistema de Protección Especial en el departamento,Colonia,2020-S1,total,2.0,cantidad
9,Cantidad de NNA que ingresan con trayectoria anterior al Sistema de Protección Especial en el departamento,Colonia,2020-S2,total,1.0,cantidad
9,Cantidad de NNA que ingresan con trayectoria anterior al Sistema de Protección Especial en el departamento,Colonia,2021-S1,total,3.0,cantidad
9,Cantidad de NNA que ingresan con trayectoria anterior al Sistema de Protección Especial en el departamento,Colonia,2021-S2,total,7.0,cantidad
9,Cantidad de NNA que ingresan con trayectoria anterior al Sistema de Protección Especial en el departamento,Colonia,2022-S1,total,2.0,cantidad
9,Cantidad de NNA que ingresan con trayectoria anterior al Sistema de Protección Especial en el departamento,Colonia,2022-S2,total,4.0,cantidad
9,Cantidad de NNA que ingresan con trayectoria anterior al Sistema de Protección Especial en el departamento,Colonia,2023-S1,total,4.0,cantidad
9,Cantidad de NNA que ingresan con trayectoria anterior al Sistema de Protección Especial en el departamento,Colonia,2023-S2,total,12.0,cantidad
9,Cantidad de NNA que ingresan con trayectoria anterior al Sistema de Protección Especial en el departamento,Colonia,2024-S1,total,4.0,cantidad
9,Cantidad de NNA que ingresan con trayectoria anterior al Sistema de Protección Especial en el departamento,Colonia,2024-S2,total,3.0,cantidad
9,Cantidad de NNA que ingresan con trayectoria anterior al Sistema de Protección Especial en el departamento,Colonia,2025-S1,total,7.0,cantidad
9,Cantidad de NNA que ingresan con trayectoria anterior al Sistema de Protección Especial en el departamento,Colonia,2025-S2,total,6.0,cantidad
10,Porcentaje de NNA que ingresan con trayectoria anterior al Sistema de Protección Especial en algún proyecto del departamento respecto al total de atendidos por el Sistema en el departamento,Colonia,2020-S1,total,0.9,porcentaje
10,Porcentaje de NNA que ingresan con trayectoria anterior al Sistema de Protección Especial en algún proyecto del departamento respecto al total de atendidos por el Sistema en el departamento,Colonia,2020-S2,total,0.5,porcentaje
10,Porcentaje de NNA que ingresan con trayectoria anterior al Sistema de Protección Especial en algún proyecto del departamento respecto al total de atendidos por el Sistema en el departamento,Colonia,2021-S1,total,1.6,porcentaje
10,Porcentaje de NNA que ingresan con trayectoria anterior al Sistema de Protección Especial en algún proyecto del departamento respecto al total de atendidos por el Sistema en el departamento,Colonia,2021-S2,total,3.4,porcentaje
10,Porcentaje de NNA que ingresan con trayectoria anterior al Sistema de Protección Especial en algún proyecto del departamento respecto al total de atendidos por el Sistema en el departamento,Colonia,2022-S1,total,1.0,porcentaje
10,Porcentaje de NNA que ingresan con trayectoria anterior al Sistema de Protección Especial en algún proyecto del departamento respecto al total de atendidos por el Sistema en el departamento,Colonia,2022-S2,total,1.8,porcentaje
10,Porcentaje de NNA que ingresan con trayectoria anterior al Sistema de Protección Especial en algún proyecto del departamento respecto al total de atendidos por el Sistema en el departamento,Colonia,2023-S1,total,1.7,porcentaje
10,Porcentaje de NNA que ingresan con trayectoria anterior al Sistema de Protección Especial en algún proyecto del departamento respecto al total de atendidos por el Sistema en el departamento,Colonia,2023-S2,total,4.8,porcentaje
10,Porcentaje de NNA que ingresan con trayectoria anterior al Sistema de Protección Especial en algún proyecto del departamento respecto al total de atendidos por el Sistema en el departamento,Colonia,2024-S1,total,1.6,porcentaje
10,Porcentaje de NNA que ingresan con trayectoria anterior al Sistema de Protección Especial en algún proyecto del departamento respecto al total de atendidos por el Sistema en el departamento,Colonia,2024-S2,total,1.1,porcentaje
10,Porcentaje de NNA que ingresan con trayectoria anterior al Sistema de Protección Especial en algún proyecto del departamento respecto al total de atendidos por el Sistema en el departamento,Colonia,2025-S1,total,2.5,porcentaje
10,Porcentaje de NNA que ingresan con trayectoria anterior al Sistema de Protección Especial en algún proyecto del departamento respecto al total de atendidos por el Sistema en el departamento,Colonia,2025-S2,total,2.2,porcentaje
11,Cantidad de NNA que egresan del Sistema de Protección Especial en el departamento,Colonia,2020-S1,total,30.0,cantidad
11,Cantidad de NNA que egresan del Sistema de Protección Especial en el departamento,Colonia,2020-S2,total,21.0,cantidad
11,Cantidad de NNA que egresan del Sistema de Protección Especial en el departamento,Colonia,2021-S1,total,19.0,cantidad
11,Cantidad de NNA que egresan del Sistema de Protección Especial en el departamento,Colonia,2021-S2,total,21.0,cantidad
11,Cantidad de NNA que egresan del Sistema de Protección Especial en el departamento,Colonia,2022-S1,total,19.0,cantidad
11,Cantidad de NNA que egresan del Sistema de Protección Especial en el departamento,Colonia,2022-S2,total,28.0,cantidad
11,Cantidad de NNA que egresan del Sistema de Protección Especial en el departamento,Colonia,2023-S1,total,24.0,cantidad
11,Cantidad de NNA que egresan del Sistema de Protección Especial en el departamento,Colonia,2023-S2,total,30.0,cantidad
11,Cantidad de NNA que egresan del Sistema de Protección Especial en el departamento,Colonia,2024-S1,total,30.0,cantidad
11,Cantidad de NNA que egresan del Sistema de Protección Especial en el departamento,Colonia,2024-S2,total,34.0,cantidad
11,Cantidad de NNA que egresan del Sistema de Protección Especial en el departamento,Colonia,2025-S1,total,32.0,cantidad
11,Cantidad de NNA que egresan del Sistema de Protección Especial en el departamento,Colonia,2025-S2,total,50.0,cantidad
12,Cantidad de NNA que egresan del Sistema de Protección Especial en el departamento según tiempos de permanencia en el Sistema,Colonia,2020-S1,total,30.0,cantidad
12,Cantidad de NNA que egresan del Sistema de Protección Especial en el departamento según tiempos de permanencia en el Sistema,Colonia,2020-S2,total,21.0,cantidad
12,Cantidad de NNA que egresan del Sistema de Protección Especial en el departamento según tiempos de permanencia en el Sistema,Colonia,2021-S1,total,19.0,cantidad
12,Cantidad de NNA que egresan del Sistema de Protección Especial en el departamento según tiempos de permanencia en el Sistema,Colonia,2021-S2,total,21.0,cantidad
12,Cantidad de NNA que egresan del Sistema de Protección Especial en el departamento según tiempos de permanencia en el Sistema,Colonia,2022-S1,total,19.0,cantidad
12,Cantidad de NNA que egresan del Sistema de Protección Especial en el departamento según tiempos de permanencia en el Sistema,Colonia,2022-S2,total,28.0,cantidad
12,Cantidad de NNA que egresan del Sistema de Protección Especial en el departamento según tiempos de permanencia en el Sistema,Colonia,2023-S1,total,24.0,cantidad
12,Cantidad de NNA que egresan del Sistema de Protección Especial en el departamento según tiempos de permanencia en el Sistema,Colonia,2023-S2,total,30.0,cantidad
12,Cantidad de NNA que egresan del Sistema de Protección Especial en el departamento según tiempos de permanencia en el Sistema,Colonia,2024-S1,total,30.0,cantidad
12,Cantidad de NNA que egresan del Sistema de Protección Especial en el departamento según tiempos de permanencia en el Sistema,Colonia,2024-S2,total,34.0,cantidad
12,Cantidad de NNA que egresan del Sistema de Protección Especial en el departamento según tiempos de permanencia en el Sistema,Colonia,2025-S1,total,32.0,cantidad
12,Cantidad de NNA que egresan del Sistema de Protección Especial en el departamento según tiempos de permanencia en el Sistema,Colonia,2025-S2,total,50.0,cantidad
13,Cantidad de NNA que egresan del Sistema de Protección Especial en el departamento según tiempos de permanencia en la intervención,Colonia,2020-S1,total,30.0,cantidad
13,Cantidad de NNA que egresan del Sistema de Protección Especial en el departamento según tiempos de permanencia en la intervención,Colonia,2020-S2,total,21.0,cantidad
13,Cantidad de NNA que egresan del Sistema de Protección Especial en el departamento según tiempos de permanencia en la intervención,Colonia,2021-S1,total,19.0,cantidad
13,Cantidad de NNA que egresan del Sistema de Protección Especial en el departamento según tiempos de permanencia en la intervención,Colonia,2021-S2,total,21.0,cantidad
13,Cantidad de NNA que egresan del Sistema de Protección Especial en el departamento según tiempos de permanencia en la intervención,Colonia,2022-S1,total,19.0,cantidad
13,Cantidad de NNA que egresan del Sistema de Protección Especial en el departamento según tiempos de permanencia en la intervención,Colonia,2022-S2,total,28.0,cantidad
13,Cantidad de NNA que egresan del Sistema de Protección Especial en el departamento según tiempos de permanencia en la intervención,Colonia,2023-S1,total,24.0,cantidad
13,Cantidad de NNA que egresan del Sistema de Protección Especial en el departamento según tiempos de permanencia en la intervención,Colonia,2023-S2,total,30.0,cantidad
13,Cantidad de NNA que egresan del Sistema de Protección Especial en el departamento según tiempos de permanencia en la intervención,Colonia,2024-S1,total,30.0,cantidad
13,Cantidad de NNA que egresan del Sistema de Protección Especial en el departamento según tiempos de permanencia en la intervención,Colonia,2024-S2,total,34.0,cantidad
13,Cantidad de NNA que egresan del Sistema de Protección Especial en el departamento según tiempos de permanencia en la intervención,Colonia,2025-S1,total,32.0,cantidad
13,Cantidad de NNA que egresan del Sistema de Protección Especial en el departamento según tiempos de permanencia en la intervención,Colonia,2025-S2,total,50.0,cantidad
14,Cantidad de NNA que dejan de vivir en residencias en el departamento para vivir con una familia,Colonia,2020-S1,total,44.0,cantidad
14,Cantidad de NNA que dejan de vivir en residencias en el departamento para vivir con una familia,Colonia,2020-S2,total,26.0,cantidad
14,Cantidad de NNA que dejan de vivir en residencias en el departamento para vivir con una familia,Colonia,2021-S1,total,12.0,cantidad
14,Cantidad de NNA que dejan de vivir en residencias en el departamento para vivir con una familia,Colonia,2021-S2,total,35.0,cantidad
14,Cantidad de NNA que dejan de vivir en residencias en el departamento para vivir con una familia,Colonia,2022-S1,total,7.0,cantidad
14,Cantidad de NNA que dejan de vivir en residencias en el departamento para vivir con una familia,Colonia,2022-S2,total,37.0,cantidad
14,Cantidad de NNA que dejan de vivir en residencias en el departamento para vivir con una familia,Colonia,2023-S1,total,22.0,cantidad
14,Cantidad de NNA que dejan de vivir en residencias en el departamento para vivir con una familia,Colonia,2023-S2,total,37.0,cantidad
14,Cantidad de NNA que dejan de vivir en residencias en el departamento para vivir con una familia,Colonia,2024-S1,total,29.0,cantidad
14,Cantidad de NNA que dejan de vivir en residencias en el departamento para vivir con una familia,Colonia,2024-S2,total,20.0,cantidad
14,Cantidad de NNA que dejan de vivir en residencias en el departamento para vivir con una familia,Colonia,2025-S1,total,20.0,cantidad
14,Cantidad de NNA que dejan de vivir en residencias en el departamento para vivir con una familia,Colonia,2025-S2,total,24.0,cantidad
15,Cantidad de NNA con condición de adoptabilidad en el departamento,Colonia,2020-S1,total,9.0,cantidad
15,Cantidad de NNA con condición de adoptabilidad en el departamento,Colonia,2020-S2,total,11.0,cantidad
15,Cantidad de NNA con condición de adoptabilidad en el departamento,Colonia,2021-S1,total,11.0,cantidad
15,Cantidad de NNA con condición de adoptabilidad en el departamento,Colonia,2021-S2,total,12.0,cantidad
15,Cantidad de NNA con condición de adoptabilidad en el departamento,Colonia,2022-S1,total,12.0,cantidad
15,Cantidad de NNA con condición de adoptabilidad en el departamento,Colonia,2022-S2,total,15.0,cantidad
15,Cantidad de NNA con condición de adoptabilidad en el departamento,Colonia,2023-S1,total,14.0,cantidad
15,Cantidad de NNA con condición de adoptabilidad en el departamento,Colonia,2023-S2,total,15.0,cantidad
15,Cantidad de NNA con condición de adoptabilidad en el departamento,Colonia,2024-S1,total,15.0,cantidad
15,Cantidad de NNA con condición de adoptabilidad en el departamento,Colonia,2024-S2,total,21.0,cantidad
15,Cantidad de NNA con condición de adoptabilidad en el departamento,Colonia,2025-S1,total,22.0,cantidad
15,Cantidad de NNA con condición de adoptabilidad en el departamento,Colonia,2025-S2,total,21.0,cantidad
16,"Porcentaje de NNA con condición de adoptabilidad en el departamento, respecto al total de NNA atendidos por el Sistema de Protección Especial en el departamento",Colonia,2020-S1,total,4.2,porcentaje
16,"Porcentaje de NNA con condición de adoptabilidad en el departamento, respecto al total de NNA atendidos por el Sistema de Protección Especial en el departamento",Colonia,2020-S2,total,5.6,porcentaje
16,"Porcentaje de NNA con condición de adoptabilidad en el departamento, respecto al total de NNA atendidos por el Sistema de Protección Especial en el departamento",Colonia,2021-S1,total,5.9,porcentaje
16,"Porcentaje de NNA con condición de adoptabilidad en el departamento, respecto al total de NNA atendidos por el Sistema de Protección Especial en el departamento",Colonia,2021-S2,total,5.9,porcentaje
16,"Porcentaje de NNA con condición de adoptabilidad en el departamento, respecto al total de NNA atendidos por el Sistema de Protección Especial en el departamento",Colonia,2022-S1,total,5.9,porcentaje
16,"Porcentaje de NNA con condición de adoptabilidad en el departamento, respecto al total de NNA atendidos por el Sistema de Protección Especial en el departamento",Colonia,2022-S2,total,6.6,porcentaje
16,"Porcentaje de NNA con condición de adoptabilidad en el departamento, respecto al total de NNA atendidos por el Sistema de Protección Especial en el departamento",Colonia,2023-S1,total,6.0,porcentaje
16,"Porcentaje de NNA con condición de adoptabilidad en el departamento, respecto al total de NNA atendidos por el Sistema de Protección Especial en el departamento",Colonia,2023-S2,total,6.0,porcentaje
16,"Porcentaje de NNA con condición de adoptabilidad en el departamento, respecto al total de NNA atendidos por el Sistema de Protección Especial en el departamento",Colonia,2024-S1,total,5.9,porcentaje
16,"Porcentaje de NNA con condición de adoptabilidad en el departamento, respecto al total de NNA atendidos por el Sistema de Protección Especial en el departamento",Colonia,2024-S2,total,7.7,porcentaje
16,"Porcentaje de NNA con condición de adoptabilidad en el departamento, respecto al total de NNA atendidos por el Sistema de Protección Especial en el departamento",Colonia,2025-S1,total,7.9,porcentaje
16,"Porcentaje de NNA con condición de adoptabilidad en el departamento, respecto al total de NNA atendidos por el Sistema de Protección Especial en el departamento",Colonia,2025-S2,total,7.6,porcentaje
17,Cantidad de NNA con condición de adoptabilidad en el departamento que pasa a seguimiento de tenencia,Colonia,2020-S1,total,0.0,cantidad
17,Cantidad de NNA con condición de adoptabilidad en el departamento que pasa a seguimiento de tenencia,Colonia,2020-S2,total,0.0,cantidad
17,Cantidad de NNA con condición de adoptabilidad en el departamento que pasa a seguimiento de tenencia,Colonia,2021-S1,total,0.0,cantidad
17,Cantidad de NNA con condición de adoptabilidad en el departamento que pasa a seguimiento de tenencia,Colonia,2021-S2,total,1.0,cantidad
17,Cantidad de NNA con condición de adoptabilidad en el departamento que pasa a seguimiento de tenencia,Colonia,2022-S1,total,2.0,cantidad
17,Cantidad de NNA con condición de adoptabilidad en el departamento que pasa a seguimiento de tenencia,Colonia,2022-S2,total,1.0,cantidad
17,Cantidad de NNA con condición de adoptabilidad en el departamento que pasa a seguimiento de tenencia,Colonia,2023-S1,total,1.0,cantidad
17,Cantidad de NNA con condición de adoptabilidad en el departamento que pasa a seguimiento de tenencia,Colonia,2023-S2,total,1.0,cantidad
17,Cantidad de NNA con condición de adoptabilidad en el departamento que pasa a seguimiento de tenencia,Colonia,2024-S1,total,1.0,cantidad
17,Cantidad de NNA con condición de adoptabilidad en el departamento que pasa a seguimiento de tenencia,Colonia,2024-S2,total,1.0,cantidad
17,Cantidad de NNA con condición de adoptabilidad en el departamento que pasa a seguimiento de tenencia,Colonia,2025-S1,total,0.0,cantidad
17,Cantidad de NNA con condición de adoptabilidad en el departamento que pasa a seguimiento de tenencia,Colonia,2025-S2,total,4.0,cantidad
19,Cantidad de NNA atendidos por el Sistema de Protección Especial en el departamento que tiene Proyecto de Atención Integral (PAI),Colonia,2020-S1,total,0.0,cantidad
19,Cantidad de NNA atendidos por el Sistema de Protección Especial en el departamento que tiene Proyecto de Atención Integral (PAI),Colonia,2020-S2,total,0.0,cantidad
19,Cantidad de NNA atendidos por el Sistema de Protección Especial en el departamento que tiene Proyecto de Atención Integral (PAI),Colonia,2021-S1,total,2.0,cantidad
19,Cantidad de NNA atendidos por el Sistema de Protección Especial en el departamento que tiene Proyecto de Atención Integral (PAI),Colonia,2021-S2,total,2.0,cantidad
19,Cantidad de NNA atendidos por el Sistema de Protección Especial en el departamento que tiene Proyecto de Atención Integral (PAI),Colonia,2022-S1,total,0.0,cantidad
19,Cantidad de NNA atendidos por el Sistema de Protección Especial en el departamento que tiene Proyecto de Atención Integral (PAI),Colonia,2022-S2,total,0.0,cantidad
19,Cantidad de NNA atendidos por el Sistema de Protección Especial en el departamento que tiene Proyecto de Atención Integral (PAI),Colonia,2023-S1,total,0.0,cantidad
19,Cantidad de NNA atendidos por el Sistema de Protección Especial en el departamento que tiene Proyecto de Atención Integral (PAI),Colonia,2023-S2,total,0.0,cantidad
19,Cantidad de NNA atendidos por el Sistema de Protección Especial en el departamento que tiene Proyecto de Atención Integral (PAI),Colonia,2024-S1,total,0.0,cantidad
19,Cantidad de NNA atendidos por el Sistema de Protección Especial en el departamento que tiene Proyecto de Atención Integral (PAI),Colonia,2024-S2,total,0.0,cantidad
19,Cantidad de NNA atendidos por el Sistema de Protección Especial en el departamento que tiene Proyecto de Atención Integral (PAI),Colonia,2025-S1,total,0.0,cantidad
19,Cantidad de NNA atendidos por el Sistema de Protección Especial en el departamento que tiene Proyecto de Atención Integral (PAI),Colonia,2025-S2,total,0.0,cantidad
20,"Cantidad de NN de 0 a 5 años atendidos por el Sistema de Protección Especial en el departamento, inscriptos en centros de educación y cuidado",Colonia,2021-S1,total,26.0,cantidad
20,"Cantidad de NN de 0 a 5 años atendidos por el Sistema de Protección Especial en el departamento, inscriptos en centros de educación y cuidado",Colonia,2021-S2,total,23.0,cantidad
20,"Cantidad de NN de 0 a 5 años atendidos por el Sistema de Protección Especial en el departamento, inscriptos en centros de educación y cuidado",Colonia,2022-S1,total,18.0,cantidad
20,"Cantidad de NN de 0 a 5 años atendidos por el Sistema de Protección Especial en el departamento, inscriptos en centros de educación y cuidado",Colonia,2022-S2,total,18.0,cantidad
20,"Cantidad de NN de 0 a 5 años atendidos por el Sistema de Protección Especial en el departamento, inscriptos en centros de educación y cuidado",Colonia,2023-S1,total,21.0,cantidad
20,"Cantidad de NN de 0 a 5 años atendidos por el Sistema de Protección Especial en el departamento, inscriptos en centros de educación y cuidado",Colonia,2023-S2,total,24.0,cantidad
20,"Cantidad de NN de 0 a 5 años atendidos por el Sistema de Protección Especial en el departamento, inscriptos en centros de educación y cuidado",Colonia,2024-S1,total,28.0,cantidad
20,"Cantidad de NN de 0 a 5 años atendidos por el Sistema de Protección Especial en el departamento, inscriptos en centros de educación y cuidado",Colonia,2024-S2,total,26.0,cantidad
20,"Cantidad de NN de 0 a 5 años atendidos por el Sistema de Protección Especial en el departamento, inscriptos en centros de educación y cuidado",Colonia,2025-S1,total,28.0,cantidad
20,"Cantidad de NN de 0 a 5 años atendidos por el Sistema de Protección Especial en el departamento, inscriptos en centros de educación y cuidado",Colonia,2025-S2,total,26.0,cantidad
21,"Cantidad de NNA de 6 a 17 años atendidos por el Sistema de Protección Especial en el departamento, inscriptos en centros de educación formal",Colonia,2021-S1,total,124.0,cantidad
21,"Cantidad de NNA de 6 a 17 años atendidos por el Sistema de Protección Especial en el departamento, inscriptos en centros de educación formal",Colonia,2021-S2,total,154.0,cantidad
21,"Cantidad de NNA de 6 a 17 años atendidos por el Sistema de Protección Especial en el departamento, inscriptos en centros de educación formal",Colonia,2022-S1,total,145.0,cantidad
21,"Cantidad de NNA de 6 a 17 años atendidos por el Sistema de Protección Especial en el departamento, inscriptos en centros de educación formal",Colonia,2022-S2,total,165.0,cantidad
21,"Cantidad de NNA de 6 a 17 años atendidos por el Sistema de Protección Especial en el departamento, inscriptos en centros de educación formal",Colonia,2023-S1,total,163.0,cantidad
21,"Cantidad de NNA de 6 a 17 años atendidos por el Sistema de Protección Especial en el departamento, inscriptos en centros de educación formal",Colonia,2023-S2,total,177.0,cantidad
21,"Cantidad de NNA de 6 a 17 años atendidos por el Sistema de Protección Especial en el departamento, inscriptos en centros de educación formal",Colonia,2024-S1,total,172.0,cantidad
21,"Cantidad de NNA de 6 a 17 años atendidos por el Sistema de Protección Especial en el departamento, inscriptos en centros de educación formal",Colonia,2024-S2,total,174.0,cantidad
21,"Cantidad de NNA de 6 a 17 años atendidos por el Sistema de Protección Especial en el departamento, inscriptos en centros de educación formal",Colonia,2025-S1,total,180.0,cantidad
21,"Cantidad de NNA de 6 a 17 años atendidos por el Sistema de Protección Especial en el departamento, inscriptos en centros de educación formal",Colonia,2025-S2,total,165.0,cantidad
23,Cantidad de NNA atendidos por el Sistema de Protección Especial en el departamento con controles médicos al día,Colonia,2020-S1,total,96.0,cantidad
23,Cantidad de NNA atendidos por el Sistema de Protección Especial en el departamento con controles médicos al día,Colonia,2020-S2,total,41.0,cantidad
23,Cantidad de NNA atendidos por el Sistema de Protección Especial en el departamento con controles médicos al día,Colonia,2021-S1,total,100.0,cantidad
23,Cantidad de NNA atendidos por el Sistema de Protección Especial en el departamento con controles médicos al día,Colonia,2021-S2,total,99.0,cantidad
23,Cantidad de NNA atendidos por el Sistema de Protección Especial en el departamento con controles médicos al día,Colonia,2022-S1,total,96.0,cantidad
23,Cantidad de NNA atendidos por el Sistema de Protección Especial en el departamento con controles médicos al día,Colonia,2022-S2,total,109.0,cantidad
23,Cantidad de NNA atendidos por el Sistema de Protección Especial en el departamento con controles médicos al día,Colonia,2023-S1,total,122.0,cantidad
23,Cantidad de NNA atendidos por el Sistema de Protección Especial en el departamento con controles médicos al día,Colonia,2023-S2,total,119.0,cantidad
23,Cantidad de NNA atendidos por el Sistema de Protección Especial en el departamento con controles médicos al día,Colonia,2024-S1,total,181.0,cantidad
23,Cantidad de NNA atendidos por el Sistema de Protección Especial en el departamento con controles médicos al día,Colonia,2024-S2,total,126.0,cantidad
23,Cantidad de NNA atendidos por el Sistema de Protección Especial en el departamento con controles médicos al día,Colonia,2025-S1,total,138.0,cantidad
23,Cantidad de NNA atendidos por el Sistema de Protección Especial en el departamento con controles médicos al día,Colonia,2025-S2,total,119.0,cantidad
24,Cantidad de NNA atendidos por el Sistema de Protección Especial en el departamento con vacunas al día,Colonia,2020-S1,total,167.0,cantidad
24,Cantidad de NNA atendidos por el Sistema de Protección Especial en el departamento con vacunas al día,Colonia,2020-S2,total,129.0,cantidad
24,Cantidad de NNA atendidos por el Sistema de Protección Especial en el departamento con vacunas al día,Colonia,2021-S1,total,144.0,cantidad
24,Cantidad de NNA atendidos por el Sistema de Protección Especial en el departamento con vacunas al día,Colonia,2021-S2,total,141.0,cantidad
24,Cantidad de NNA atendidos por el Sistema de Protección Especial en el departamento con vacunas al día,Colonia,2022-S1,total,130.0,cantidad
24,Cantidad de NNA atendidos por el Sistema de Protección Especial en el departamento con vacunas al día,Colonia,2022-S2,total,167.0,cantidad
24,Cantidad de NNA atendidos por el Sistema de Protección Especial en el departamento con vacunas al día,Colonia,2023-S1,total,175.0,cantidad
24,Cantidad de NNA atendidos por el Sistema de Protección Especial en el departamento con vacunas al día,Colonia,2023-S2,total,170.0,cantidad
24,Cantidad de NNA atendidos por el Sistema de Protección Especial en el departamento con vacunas al día,Colonia,2024-S1,total,186.0,cantidad
24,Cantidad de NNA atendidos por el Sistema de Protección Especial en el departamento con vacunas al día,Colonia,2024-S2,total,164.0,cantidad
24,Cantidad de NNA atendidos por el Sistema de Protección Especial en el departamento con vacunas al día,Colonia,2025-S1,total,189.0,cantidad
24,Cantidad de NNA atendidos por el Sistema de Protección Especial en el departamento con vacunas al día,Colonia,2025-S2,total,174.0,cantidad
1,Cantidad de NNA atendidos en algún proyecto del Sistema de Protección Especial del departamento,Durazno,2020-S1,total,133.0,cantidad
1,Cantidad de NNA atendidos en algún proyecto del Sistema de Protección Especial del departamento,Durazno,2020-S2,total,138.0,cantidad
1,Cantidad de NNA atendidos en algún proyecto del Sistema de Protección Especial del departamento,Durazno,2021-S1,total,142.0,cantidad
1,Cantidad de NNA atendidos en algún proyecto del Sistema de Protección Especial del departamento,Durazno,2021-S2,total,153.0,cantidad
1,Cantidad de NNA atendidos en algún proyecto del Sistema de Protección Especial del departamento,Durazno,2022-S1,total,139.0,cantidad
1,Cantidad de NNA atendidos en algún proyecto del Sistema de Protección Especial del departamento,Durazno,2022-S2,total,148.0,cantidad
1,Cantidad de NNA atendidos en algún proyecto del Sistema de Protección Especial del departamento,Durazno,2023-S1,total,164.0,cantidad
1,Cantidad de NNA atendidos en algún proyecto del Sistema de Protección Especial del departamento,Durazno,2023-S2,total,171.0,cantidad
1,Cantidad de NNA atendidos en algún proyecto del Sistema de Protección Especial del departamento,Durazno,2024-S1,total,171.0,cantidad
1,Cantidad de NNA atendidos en algún proyecto del Sistema de Protección Especial del departamento,Durazno,2024-S2,total,178.0,cantidad
1,Cantidad de NNA atendidos en algún proyecto del Sistema de Protección Especial del departamento,Durazno,2025-S1,total,181.0,cantidad
1,Cantidad de NNA atendidos en algún proyecto del Sistema de Protección Especial del departamento,Durazno,2025-S2,total,178.0,cantidad
2,Porcentaje de NNA atendidos en algún proyecto del Sistema de Protección Especial del departamento respecto a la población total INAU del departamento,Durazno,2020-S1,total,4.7,porcentaje
2,Porcentaje de NNA atendidos en algún proyecto del Sistema de Protección Especial del departamento respecto a la población total INAU del departamento,Durazno,2020-S2,total,4.8,porcentaje
2,Porcentaje de NNA atendidos en algún proyecto del Sistema de Protección Especial del departamento respecto a la población total INAU del departamento,Durazno,2021-S1,total,5.2,porcentaje
2,Porcentaje de NNA atendidos en algún proyecto del Sistema de Protección Especial del departamento respecto a la población total INAU del departamento,Durazno,2021-S2,total,5.4,porcentaje
2,Porcentaje de NNA atendidos en algún proyecto del Sistema de Protección Especial del departamento respecto a la población total INAU del departamento,Durazno,2022-S1,total,4.9,porcentaje
2,Porcentaje de NNA atendidos en algún proyecto del Sistema de Protección Especial del departamento respecto a la población total INAU del departamento,Durazno,2022-S2,total,5.0,porcentaje
2,Porcentaje de NNA atendidos en algún proyecto del Sistema de Protección Especial del departamento respecto a la población total INAU del departamento,Durazno,2023-S1,total,5.7,porcentaje
2,Porcentaje de NNA atendidos en algún proyecto del Sistema de Protección Especial del departamento respecto a la población total INAU del departamento,Durazno,2023-S2,total,5.8,porcentaje
2,Porcentaje de NNA atendidos en algún proyecto del Sistema de Protección Especial del departamento respecto a la población total INAU del departamento,Durazno,2024-S1,total,6.0,porcentaje
2,Porcentaje de NNA atendidos en algún proyecto del Sistema de Protección Especial del departamento respecto a la población total INAU del departamento,Durazno,2024-S2,total,6.2,porcentaje
2,Porcentaje de NNA atendidos en algún proyecto del Sistema de Protección Especial del departamento respecto a la población total INAU del departamento,Durazno,2025-S1,total,6.5,porcentaje
2,Porcentaje de NNA atendidos en algún proyecto del Sistema de Protección Especial del departamento respecto a la población total INAU del departamento,Durazno,2025-S2,total,6.2,porcentaje
5,Cantidad de NNA en el Sistema de Protección Especial del departamento que viven en residencia,Durazno,2020-S1,total,23.0,cantidad
5,Cantidad de NNA en el Sistema de Protección Especial del departamento que viven en residencia,Durazno,2020-S2,total,20.0,cantidad
5,Cantidad de NNA en el Sistema de Protección Especial del departamento que viven en residencia,Durazno,2021-S1,total,19.0,cantidad
5,Cantidad de NNA en el Sistema de Protección Especial del departamento que viven en residencia,Durazno,2021-S2,total,20.0,cantidad
5,Cantidad de NNA en el Sistema de Protección Especial del departamento que viven en residencia,Durazno,2022-S1,total,16.0,cantidad
5,Cantidad de NNA en el Sistema de Protección Especial del departamento que viven en residencia,Durazno,2022-S2,total,15.0,cantidad
5,Cantidad de NNA en el Sistema de Protección Especial del departamento que viven en residencia,Durazno,2023-S1,total,11.0,cantidad
5,Cantidad de NNA en el Sistema de Protección Especial del departamento que viven en residencia,Durazno,2023-S2,total,12.0,cantidad
5,Cantidad de NNA en el Sistema de Protección Especial del departamento que viven en residencia,Durazno,2024-S1,total,6.0,cantidad
5,Cantidad de NNA en el Sistema de Protección Especial del departamento que viven en residencia,Durazno,2024-S2,total,9.0,cantidad
5,Cantidad de NNA en el Sistema de Protección Especial del departamento que viven en residencia,Durazno,2025-S1,total,8.0,cantidad
5,Cantidad de NNA en el Sistema de Protección Especial del departamento que viven en residencia,Durazno,2025-S2,total,10.0,cantidad
6,Cantidad de NNA en el Sistema de Protección Especial del departamento que viven en contexto familiar,Durazno,2020-S1,total,110.0,cantidad
6,Cantidad de NNA en el Sistema de Protección Especial del departamento que viven en contexto familiar,Durazno,2020-S2,total,118.0,cantidad
6,Cantidad de NNA en el Sistema de Protección Especial del departamento que viven en contexto familiar,Durazno,2021-S1,total,123.0,cantidad
6,Cantidad de NNA en el Sistema de Protección Especial del departamento que viven en contexto familiar,Durazno,2021-S2,total,133.0,cantidad
6,Cantidad de NNA en el Sistema de Protección Especial del departamento que viven en contexto familiar,Durazno,2022-S1,total,123.0,cantidad
6,Cantidad de NNA en el Sistema de Protección Especial del departamento que viven en contexto familiar,Durazno,2022-S2,total,133.0,cantidad
6,Cantidad de NNA en el Sistema de Protección Especial del departamento que viven en contexto familiar,Durazno,2023-S1,total,153.0,cantidad
6,Cantidad de NNA en el Sistema de Protección Especial del departamento que viven en contexto familiar,Durazno,2023-S2,total,159.0,cantidad
6,Cantidad de NNA en el Sistema de Protección Especial del departamento que viven en contexto familiar,Durazno,2024-S1,total,165.0,cantidad
6,Cantidad de NNA en el Sistema de Protección Especial del departamento que viven en contexto familiar,Durazno,2024-S2,total,169.0,cantidad
6,Cantidad de NNA en el Sistema de Protección Especial del departamento que viven en contexto familiar,Durazno,2025-S1,total,173.0,cantidad
6,Cantidad de NNA en el Sistema de Protección Especial del departamento que viven en contexto familiar,Durazno,2025-S2,total,168.0,cantidad
7,Cantidad de NNA en el departamento que ingresan por primera vez al Sistema de Protección Especial,Durazno,2020-S1,total,9.0,cantidad
7,Cantidad de NNA en el departamento que ingresan por primera vez al Sistema de Protección Especial,Durazno,2020-S2,total,22.0,cantidad
7,Cantidad de NNA en el departamento que ingresan por primera vez al Sistema de Protección Especial,Durazno,2021-S1,total,21.0,cantidad
7,Cantidad de NNA en el departamento que ingresan por primera vez al Sistema de Protección Especial,Durazno,2021-S2,total,24.0,cantidad
7,Cantidad de NNA en el departamento que ingresan por primera vez al Sistema de Protección Especial,Durazno,2022-S1,total,12.0,cantidad
7,Cantidad de NNA en el departamento que ingresan por primera vez al Sistema de Protección Especial,Durazno,2022-S2,total,19.0,cantidad
7,Cantidad de NNA en el departamento que ingresan por primera vez al Sistema de Protección Especial,Durazno,2023-S1,total,19.0,cantidad
7,Cantidad de NNA en el departamento que ingresan por primera vez al Sistema de Protección Especial,Durazno,2023-S2,total,33.0,cantidad
7,Cantidad de NNA en el departamento que ingresan por primera vez al Sistema de Protección Especial,Durazno,2024-S1,total,16.0,cantidad
7,Cantidad de NNA en el departamento que ingresan por primera vez al Sistema de Protección Especial,Durazno,2024-S2,total,30.0,cantidad
7,Cantidad de NNA en el departamento que ingresan por primera vez al Sistema de Protección Especial,Durazno,2025-S1,total,30.0,cantidad
7,Cantidad de NNA en el departamento que ingresan por primera vez al Sistema de Protección Especial,Durazno,2025-S2,total,16.0,cantidad
8,"Porcentaje de NNA que ingresan por primera vez al Sistema de Protección Especial en algún proyecto del departamento, respecto al total de atendidos por el Sistema en el departamento",Durazno,2020-S1,total,6.7,porcentaje
8,"Porcentaje de NNA que ingresan por primera vez al Sistema de Protección Especial en algún proyecto del departamento, respecto al total de atendidos por el Sistema en el departamento",Durazno,2020-S2,total,14.9,porcentaje
8,"Porcentaje de NNA que ingresan por primera vez al Sistema de Protección Especial en algún proyecto del departamento, respecto al total de atendidos por el Sistema en el departamento",Durazno,2021-S1,total,13.6,porcentaje
8,"Porcentaje de NNA que ingresan por primera vez al Sistema de Protección Especial en algún proyecto del departamento, respecto al total de atendidos por el Sistema en el departamento",Durazno,2021-S2,total,14.4,porcentaje
8,"Porcentaje de NNA que ingresan por primera vez al Sistema de Protección Especial en algún proyecto del departamento, respecto al total de atendidos por el Sistema en el departamento",Durazno,2022-S1,total,7.6,porcentaje
8,"Porcentaje de NNA que ingresan por primera vez al Sistema de Protección Especial en algún proyecto del departamento, respecto al total de atendidos por el Sistema en el departamento",Durazno,2022-S2,total,12.2,porcentaje
8,"Porcentaje de NNA que ingresan por primera vez al Sistema de Protección Especial en algún proyecto del departamento, respecto al total de atendidos por el Sistema en el departamento",Durazno,2023-S1,total,11.3,porcentaje
8,"Porcentaje de NNA que ingresan por primera vez al Sistema de Protección Especial en algún proyecto del departamento, respecto al total de atendidos por el Sistema en el departamento",Durazno,2023-S2,total,16.9,porcentaje
8,"Porcentaje de NNA que ingresan por primera vez al Sistema de Protección Especial en algún proyecto del departamento, respecto al total de atendidos por el Sistema en el departamento",Durazno,2024-S1,total,8.2,porcentaje
8,"Porcentaje de NNA que ingresan por primera vez al Sistema de Protección Especial en algún proyecto del departamento, respecto al total de atendidos por el Sistema en el departamento",Durazno,2024-S2,total,13.6,porcentaje
8,"Porcentaje de NNA que ingresan por primera vez al Sistema de Protección Especial en algún proyecto del departamento, respecto al total de atendidos por el Sistema en el departamento",Durazno,2025-S1,total,12.7,porcentaje
8,"Porcentaje de NNA que ingresan por primera vez al Sistema de Protección Especial en algún proyecto del departamento, respecto al total de atendidos por el Sistema en el departamento",Durazno,2025-S2,total,6.9,porcentaje
9,Cantidad de NNA que ingresan con trayectoria anterior al Sistema de Protección Especial en el departamento,Durazno,2020-S1,total,2.0,cantidad
9,Cantidad de NNA que ingresan con trayectoria anterior al Sistema de Protección Especial en el departamento,Durazno,2020-S2,total,1.0,cantidad
9,Cantidad de NNA que ingresan con trayectoria anterior al Sistema de Protección Especial en el departamento,Durazno,2021-S1,total,2.0,cantidad
9,Cantidad de NNA que ingresan con trayectoria anterior al Sistema de Protección Especial en el departamento,Durazno,2021-S2,total,7.0,cantidad
9,Cantidad de NNA que ingresan con trayectoria anterior al Sistema de Protección Especial en el departamento,Durazno,2022-S1,total,0.0,cantidad
9,Cantidad de NNA que ingresan con trayectoria anterior al Sistema de Protección Especial en el departamento,Durazno,2022-S2,total,2.0,cantidad
9,Cantidad de NNA que ingresan con trayectoria anterior al Sistema de Protección Especial en el departamento,Durazno,2023-S1,total,5.0,cantidad
9,Cantidad de NNA que ingresan con trayectoria anterior al Sistema de Protección Especial en el departamento,Durazno,2023-S2,total,0.0,cantidad
9,Cantidad de NNA que ingresan con trayectoria anterior al Sistema de Protección Especial en el departamento,Durazno,2024-S1,total,2.0,cantidad
9,Cantidad de NNA que ingresan con trayectoria anterior al Sistema de Protección Especial en el departamento,Durazno,2024-S2,total,5.0,cantidad
9,Cantidad de NNA que ingresan con trayectoria anterior al Sistema de Protección Especial en el departamento,Durazno,2025-S1,total,3.0,cantidad
9,Cantidad de NNA que ingresan con trayectoria anterior al Sistema de Protección Especial en el departamento,Durazno,2025-S2,total,8.0,cantidad
10,Porcentaje de NNA que ingresan con trayectoria anterior al Sistema de Protección Especial en algún proyecto del departamento respecto al total de atendidos por el Sistema en el departamento,Durazno,2020-S1,total,1.5,porcentaje
10,Porcentaje de NNA que ingresan con trayectoria anterior al Sistema de Protección Especial en algún proyecto del departamento respecto al total de atendidos por el Sistema en el departamento,Durazno,2020-S2,total,0.7,porcentaje
10,Porcentaje de NNA que ingresan con trayectoria anterior al Sistema de Protección Especial en algún proyecto del departamento respecto al total de atendidos por el Sistema en el departamento,Durazno,2021-S1,total,1.3,porcentaje
10,Porcentaje de NNA que ingresan con trayectoria anterior al Sistema de Protección Especial en algún proyecto del departamento respecto al total de atendidos por el Sistema en el departamento,Durazno,2021-S2,total,4.2,porcentaje
10,Porcentaje de NNA que ingresan con trayectoria anterior al Sistema de Protección Especial en algún proyecto del departamento respecto al total de atendidos por el Sistema en el departamento,Durazno,2022-S1,total,0.0,porcentaje
10,Porcentaje de NNA que ingresan con trayectoria anterior al Sistema de Protección Especial en algún proyecto del departamento respecto al total de atendidos por el Sistema en el departamento,Durazno,2022-S2,total,1.3,porcentaje
10,Porcentaje de NNA que ingresan con trayectoria anterior al Sistema de Protección Especial en algún proyecto del departamento respecto al total de atendidos por el Sistema en el departamento,Durazno,2023-S1,total,3.0,porcentaje
10,Porcentaje de NNA que ingresan con trayectoria anterior al Sistema de Protección Especial en algún proyecto del departamento respecto al total de atendidos por el Sistema en el departamento,Durazno,2023-S2,total,0.0,porcentaje
10,Porcentaje de NNA que ingresan con trayectoria anterior al Sistema de Protección Especial en algún proyecto del departamento respecto al total de atendidos por el Sistema en el departamento,Durazno,2024-S1,total,1.0,porcentaje
10,Porcentaje de NNA que ingresan con trayectoria anterior al Sistema de Protección Especial en algún proyecto del departamento respecto al total de atendidos por el Sistema en el departamento,Durazno,2024-S2,total,2.3,porcentaje
10,Porcentaje de NNA que ingresan con trayectoria anterior al Sistema de Protección Especial en algún proyecto del departamento respecto al total de atendidos por el Sistema en el departamento,Durazno,2025-S1,total,1.3,porcentaje
10,Porcentaje de NNA que ingresan con trayectoria anterior al Sistema de Protección Especial en algún proyecto del departamento respecto al total de atendidos por el Sistema en el departamento,Durazno,2025-S2,total,3.4,porcentaje
11,Cantidad de NNA que egresan del Sistema de Protección Especial en el departamento,Durazno,2020-S1,total,14.0,cantidad
11,Cantidad de NNA que egresan del Sistema de Protección Especial en el departamento,Durazno,2020-S2,total,18.0,cantidad
11,Cantidad de NNA que egresan del Sistema de Protección Especial en el departamento,Durazno,2021-S1,total,20.0,cantidad
11,Cantidad de NNA que egresan del Sistema de Protección Especial en el departamento,Durazno,2021-S2,total,24.0,cantidad
11,Cantidad de NNA que egresan del Sistema de Protección Especial en el departamento,Durazno,2022-S1,total,28.0,cantidad
11,Cantidad de NNA que egresan del Sistema de Protección Especial en el departamento,Durazno,2022-S2,total,10.0,cantidad
11,Cantidad de NNA que egresan del Sistema de Protección Especial en el departamento,Durazno,2023-S1,total,8.0,cantidad
11,Cantidad de NNA que egresan del Sistema de Protección Especial en el departamento,Durazno,2023-S2,total,28.0,cantidad
11,Cantidad de NNA que egresan del Sistema de Protección Especial en el departamento,Durazno,2024-S1,total,20.0,cantidad
11,Cantidad de NNA que egresan del Sistema de Protección Especial en el departamento,Durazno,2024-S2,total,28.0,cantidad
11,Cantidad de NNA que egresan del Sistema de Protección Especial en el departamento,Durazno,2025-S1,total,31.0,cantidad
11,Cantidad de NNA que egresan del Sistema de Protección Especial en el departamento,Durazno,2025-S2,total,34.0,cantidad
12,Cantidad de NNA que egresan del Sistema de Protección Especial en el departamento según tiempos de permanencia en el Sistema,Durazno,2020-S1,total,14.0,cantidad
12,Cantidad de NNA que egresan del Sistema de Protección Especial en el departamento según tiempos de permanencia en el Sistema,Durazno,2020-S2,total,18.0,cantidad
12,Cantidad de NNA que egresan del Sistema de Protección Especial en el departamento según tiempos de permanencia en el Sistema,Durazno,2021-S1,total,20.0,cantidad
12,Cantidad de NNA que egresan del Sistema de Protección Especial en el departamento según tiempos de permanencia en el Sistema,Durazno,2021-S2,total,24.0,cantidad
12,Cantidad de NNA que egresan del Sistema de Protección Especial en el departamento según tiempos de permanencia en el Sistema,Durazno,2022-S1,total,28.0,cantidad
12,Cantidad de NNA que egresan del Sistema de Protección Especial en el departamento según tiempos de permanencia en el Sistema,Durazno,2022-S2,total,10.0,cantidad
12,Cantidad de NNA que egresan del Sistema de Protección Especial en el departamento según tiempos de permanencia en el Sistema,Durazno,2023-S1,total,8.0,cantidad
12,Cantidad de NNA que egresan del Sistema de Protección Especial en el departamento según tiempos de permanencia en el Sistema,Durazno,2023-S2,total,28.0,cantidad
12,Cantidad de NNA que egresan del Sistema de Protección Especial en el departamento según tiempos de permanencia en el Sistema,Durazno,2024-S1,total,20.0,cantidad
12,Cantidad de NNA que egresan del Sistema de Protección Especial en el departamento según tiempos de permanencia en el Sistema,Durazno,2024-S2,total,28.0,cantidad
12,Cantidad de NNA que egresan del Sistema de Protección Especial en el departamento según tiempos de permanencia en el Sistema,Durazno,2025-S1,total,31.0,cantidad
12,Cantidad de NNA que egresan del Sistema de Protección Especial en el departamento según tiempos de permanencia en el Sistema,Durazno,2025-S2,total,34.0,cantidad
13,Cantidad de NNA que egresan del Sistema de Protección Especial en el departamento según tiempos de permanencia en la intervención,Durazno,2020-S1,total,14.0,cantidad
13,Cantidad de NNA que egresan del Sistema de Protección Especial en el departamento según tiempos de permanencia en la intervención,Durazno,2020-S2,total,18.0,cantidad
13,Cantidad de NNA que egresan del Sistema de Protección Especial en el departamento según tiempos de permanencia en la intervención,Durazno,2021-S1,total,20.0,cantidad
13,Cantidad de NNA que egresan del Sistema de Protección Especial en el departamento según tiempos de permanencia en la intervención,Durazno,2021-S2,total,24.0,cantidad
13,Cantidad de NNA que egresan del Sistema de Protección Especial en el departamento según tiempos de permanencia en la intervención,Durazno,2022-S1,total,28.0,cantidad
13,Cantidad de NNA que egresan del Sistema de Protección Especial en el departamento según tiempos de permanencia en la intervención,Durazno,2022-S2,total,10.0,cantidad
13,Cantidad de NNA que egresan del Sistema de Protección Especial en el departamento según tiempos de permanencia en la intervención,Durazno,2023-S1,total,8.0,cantidad
13,Cantidad de NNA que egresan del Sistema de Protección Especial en el departamento según tiempos de permanencia en la intervención,Durazno,2023-S2,total,28.0,cantidad
13,Cantidad de NNA que egresan del Sistema de Protección Especial en el departamento según tiempos de permanencia en la intervención,Durazno,2024-S1,total,20.0,cantidad
13,Cantidad de NNA que egresan del Sistema de Protección Especial en el departamento según tiempos de permanencia en la intervención,Durazno,2024-S2,total,28.0,cantidad
13,Cantidad de NNA que egresan del Sistema de Protección Especial en el departamento según tiempos de permanencia en la intervención,Durazno,2025-S1,total,31.0,cantidad
13,Cantidad de NNA que egresan del Sistema de Protección Especial en el departamento según tiempos de permanencia en la intervención,Durazno,2025-S2,total,34.0,cantidad
14,Cantidad de NNA que dejan de vivir en residencias en el departamento para vivir con una familia,Durazno,2020-S1,total,13.0,cantidad
14,Cantidad de NNA que dejan de vivir en residencias en el departamento para vivir con una familia,Durazno,2020-S2,total,6.0,cantidad
14,Cantidad de NNA que dejan de vivir en residencias en el departamento para vivir con una familia,Durazno,2021-S1,total,10.0,cantidad
14,Cantidad de NNA que dejan de vivir en residencias en el departamento para vivir con una familia,Durazno,2021-S2,total,17.0,cantidad
14,Cantidad de NNA que dejan de vivir en residencias en el departamento para vivir con una familia,Durazno,2022-S1,total,3.0,cantidad
14,Cantidad de NNA que dejan de vivir en residencias en el departamento para vivir con una familia,Durazno,2022-S2,total,9.0,cantidad
14,Cantidad de NNA que dejan de vivir en residencias en el departamento para vivir con una familia,Durazno,2023-S1,total,18.0,cantidad
14,Cantidad de NNA que dejan de vivir en residencias en el departamento para vivir con una familia,Durazno,2023-S2,total,19.0,cantidad
14,Cantidad de NNA que dejan de vivir en residencias en el departamento para vivir con una familia,Durazno,2024-S1,total,15.0,cantidad
14,Cantidad de NNA que dejan de vivir en residencias en el departamento para vivir con una familia,Durazno,2024-S2,total,14.0,cantidad
14,Cantidad de NNA que dejan de vivir en residencias en el departamento para vivir con una familia,Durazno,2025-S1,total,15.0,cantidad
14,Cantidad de NNA que dejan de vivir en residencias en el departamento para vivir con una familia,Durazno,2025-S2,total,18.0,cantidad
15,Cantidad de NNA con condición de adoptabilidad en el departamento,Durazno,2020-S1,total,0.0,cantidad
15,Cantidad de NNA con condición de adoptabilidad en el departamento,Durazno,2020-S2,total,1.0,cantidad
15,Cantidad de NNA con condición de adoptabilidad en el departamento,Durazno,2021-S1,total,7.0,cantidad
15,Cantidad de NNA con condición de adoptabilidad en el departamento,Durazno,2021-S2,total,10.0,cantidad
15,Cantidad de NNA con condición de adoptabilidad en el departamento,Durazno,2022-S1,total,9.0,cantidad
15,Cantidad de NNA con condición de adoptabilidad en el departamento,Durazno,2022-S2,total,10.0,cantidad
15,Cantidad de NNA con condición de adoptabilidad en el departamento,Durazno,2023-S1,total,9.0,cantidad
15,Cantidad de NNA con condición de adoptabilidad en el departamento,Durazno,2023-S2,total,10.0,cantidad
15,Cantidad de NNA con condición de adoptabilidad en el departamento,Durazno,2024-S1,total,9.0,cantidad
15,Cantidad de NNA con condición de adoptabilidad en el departamento,Durazno,2024-S2,total,9.0,cantidad
15,Cantidad de NNA con condición de adoptabilidad en el departamento,Durazno,2025-S1,total,8.0,cantidad
15,Cantidad de NNA con condición de adoptabilidad en el departamento,Durazno,2025-S2,total,9.0,cantidad
16,"Porcentaje de NNA con condición de adoptabilidad en el departamento, respecto al total de NNA atendidos por el Sistema de Protección Especial en el departamento",Durazno,2020-S1,total,0.0,porcentaje
16,"Porcentaje de NNA con condición de adoptabilidad en el departamento, respecto al total de NNA atendidos por el Sistema de Protección Especial en el departamento",Durazno,2020-S2,total,0.7,porcentaje
16,"Porcentaje de NNA con condición de adoptabilidad en el departamento, respecto al total de NNA atendidos por el Sistema de Protección Especial en el departamento",Durazno,2021-S1,total,4.5,porcentaje
16,"Porcentaje de NNA con condición de adoptabilidad en el departamento, respecto al total de NNA atendidos por el Sistema de Protección Especial en el departamento",Durazno,2021-S2,total,6.0,porcentaje
16,"Porcentaje de NNA con condición de adoptabilidad en el departamento, respecto al total de NNA atendidos por el Sistema de Protección Especial en el departamento",Durazno,2022-S1,total,5.7,porcentaje
16,"Porcentaje de NNA con condición de adoptabilidad en el departamento, respecto al total de NNA atendidos por el Sistema de Protección Especial en el departamento",Durazno,2022-S2,total,6.4,porcentaje
16,"Porcentaje de NNA con condición de adoptabilidad en el departamento, respecto al total de NNA atendidos por el Sistema de Protección Especial en el departamento",Durazno,2023-S1,total,5.4,porcentaje
16,"Porcentaje de NNA con condición de adoptabilidad en el departamento, respecto al total de NNA atendidos por el Sistema de Protección Especial en el departamento",Durazno,2023-S2,total,5.1,porcentaje
16,"Porcentaje de NNA con condición de adoptabilidad en el departamento, respecto al total de NNA atendidos por el Sistema de Protección Especial en el departamento",Durazno,2024-S1,total,4.6,porcentaje
16,"Porcentaje de NNA con condición de adoptabilidad en el departamento, respecto al total de NNA atendidos por el Sistema de Protección Especial en el departamento",Durazno,2024-S2,total,4.1,porcentaje
16,"Porcentaje de NNA con condición de adoptabilidad en el departamento, respecto al total de NNA atendidos por el Sistema de Protección Especial en el departamento",Durazno,2025-S1,total,3.4,porcentaje
16,"Porcentaje de NNA con condición de adoptabilidad en el departamento, respecto al total de NNA atendidos por el Sistema de Protección Especial en el departamento",Durazno,2025-S2,total,3.9,porcentaje
17,Cantidad de NNA con condición de adoptabilidad en el departamento que pasa a seguimiento de tenencia,Durazno,2020-S1,total,0.0,cantidad
17,Cantidad de NNA con condición de adoptabilidad en el departamento que pasa a seguimiento de tenencia,Durazno,2020-S2,total,0.0,cantidad
17,Cantidad de NNA con condición de adoptabilidad en el departamento que pasa a seguimiento de tenencia,Durazno,2021-S1,total,0.0,cantidad
17,Cantidad de NNA con condición de adoptabilidad en el departamento que pasa a seguimiento de tenencia,Durazno,2021-S2,total,3.0,cantidad
17,Cantidad de NNA con condición de adoptabilidad en el departamento que pasa a seguimiento de tenencia,Durazno,2022-S1,total,1.0,cantidad
17,Cantidad de NNA con condición de adoptabilidad en el departamento que pasa a seguimiento de tenencia,Durazno,2022-S2,total,1.0,cantidad
17,Cantidad de NNA con condición de adoptabilidad en el departamento que pasa a seguimiento de tenencia,Durazno,2023-S1,total,0.0,cantidad
17,Cantidad de NNA con condición de adoptabilidad en el departamento que pasa a seguimiento de tenencia,Durazno,2023-S2,total,1.0,cantidad
17,Cantidad de NNA con condición de adoptabilidad en el departamento que pasa a seguimiento de tenencia,Durazno,2024-S1,total,1.0,cantidad
17,Cantidad de NNA con condición de adoptabilidad en el departamento que pasa a seguimiento de tenencia,Durazno,2024-S2,total,1.0,cantidad
17,Cantidad de NNA con condición de adoptabilidad en el departamento que pasa a seguimiento de tenencia,Durazno,2025-S1,total,0.0,cantidad
17,Cantidad de NNA con condición de adoptabilidad en el departamento que pasa a seguimiento de tenencia,Durazno,2025-S2,total,2.0,cantidad
19,Cantidad de NNA atendidos por el Sistema de Protección Especial en el departamento que tiene Proyecto de Atención Integral (PAI),Durazno,2020-S1,total,0.0,cantidad
19,Cantidad de NNA atendidos por el Sistema de Protección Especial en el departamento que tiene Proyecto de Atención Integral (PAI),Durazno,2020-S2,total,0.0,cantidad
19,Cantidad de NNA atendidos por el Sistema de Protección Especial en el departamento que tiene Proyecto de Atención Integral (PAI),Durazno,2021-S1,total,4.0,cantidad
19,Cantidad de NNA atendidos por el Sistema de Protección Especial en el departamento que tiene Proyecto de Atención Integral (PAI),Durazno,2021-S2,total,3.0,cantidad
19,Cantidad de NNA atendidos por el Sistema de Protección Especial en el departamento que tiene Proyecto de Atención Integral (PAI),Durazno,2022-S1,total,0.0,cantidad
19,Cantidad de NNA atendidos por el Sistema de Protección Especial en el departamento que tiene Proyecto de Atención Integral (PAI),Durazno,2022-S2,total,1.0,cantidad
19,Cantidad de NNA atendidos por el Sistema de Protección Especial en el departamento que tiene Proyecto de Atención Integral (PAI),Durazno,2023-S1,total,0.0,cantidad
19,Cantidad de NNA atendidos por el Sistema de Protección Especial en el departamento que tiene Proyecto de Atención Integral (PAI),Durazno,2023-S2,total,0.0,cantidad
19,Cantidad de NNA atendidos por el Sistema de Protección Especial en el departamento que tiene Proyecto de Atención Integral (PAI),Durazno,2024-S1,total,1.0,cantidad
19,Cantidad de NNA atendidos por el Sistema de Protección Especial en el departamento que tiene Proyecto de Atención Integral (PAI),Durazno,2024-S2,total,1.0,cantidad
19,Cantidad de NNA atendidos por el Sistema de Protección Especial en el departamento que tiene Proyecto de Atención Integral (PAI),Durazno,2025-S1,total,0.0,cantidad
19,Cantidad de NNA atendidos por el Sistema de Protección Especial en el departamento que tiene Proyecto de Atención Integral (PAI),Durazno,2025-S2,total,0.0,cantidad
20,"Cantidad de NN de 0 a 5 años atendidos por el Sistema de Protección Especial en el departamento, inscriptos en centros de educación y cuidado",Durazno,2021-S1,total,18.0,cantidad
20,"Cantidad de NN de 0 a 5 años atendidos por el Sistema de Protección Especial en el departamento, inscriptos en centros de educación y cuidado",Durazno,2021-S2,total,17.0,cantidad
20,"Cantidad de NN de 0 a 5 años atendidos por el Sistema de Protección Especial en el departamento, inscriptos en centros de educación y cuidado",Durazno,2022-S1,total,16.0,cantidad
20,"Cantidad de NN de 0 a 5 años atendidos por el Sistema de Protección Especial en el departamento, inscriptos en centros de educación y cuidado",Durazno,2022-S2,total,15.0,cantidad
20,"Cantidad de NN de 0 a 5 años atendidos por el Sistema de Protección Especial en el departamento, inscriptos en centros de educación y cuidado",Durazno,2023-S1,total,20.0,cantidad
20,"Cantidad de NN de 0 a 5 años atendidos por el Sistema de Protección Especial en el departamento, inscriptos en centros de educación y cuidado",Durazno,2023-S2,total,18.0,cantidad
20,"Cantidad de NN de 0 a 5 años atendidos por el Sistema de Protección Especial en el departamento, inscriptos en centros de educación y cuidado",Durazno,2024-S1,total,14.0,cantidad
20,"Cantidad de NN de 0 a 5 años atendidos por el Sistema de Protección Especial en el departamento, inscriptos en centros de educación y cuidado",Durazno,2024-S2,total,18.0,cantidad
20,"Cantidad de NN de 0 a 5 años atendidos por el Sistema de Protección Especial en el departamento, inscriptos en centros de educación y cuidado",Durazno,2025-S1,total,20.0,cantidad
20,"Cantidad de NN de 0 a 5 años atendidos por el Sistema de Protección Especial en el departamento, inscriptos en centros de educación y cuidado",Durazno,2025-S2,total,16.0,cantidad
21,"Cantidad de NNA de 6 a 17 años atendidos por el Sistema de Protección Especial en el departamento, inscriptos en centros de educación formal",Durazno,2021-S1,total,111.0,cantidad
21,"Cantidad de NNA de 6 a 17 años atendidos por el Sistema de Protección Especial en el departamento, inscriptos en centros de educación formal",Durazno,2021-S2,total,124.0,cantidad
21,"Cantidad de NNA de 6 a 17 años atendidos por el Sistema de Protección Especial en el departamento, inscriptos en centros de educación formal",Durazno,2022-S1,total,114.0,cantidad
21,"Cantidad de NNA de 6 a 17 años atendidos por el Sistema de Protección Especial en el departamento, inscriptos en centros de educación formal",Durazno,2022-S2,total,125.0,cantidad
21,"Cantidad de NNA de 6 a 17 años atendidos por el Sistema de Protección Especial en el departamento, inscriptos en centros de educación formal",Durazno,2023-S1,total,126.0,cantidad
21,"Cantidad de NNA de 6 a 17 años atendidos por el Sistema de Protección Especial en el departamento, inscriptos en centros de educación formal",Durazno,2023-S2,total,138.0,cantidad
21,"Cantidad de NNA de 6 a 17 años atendidos por el Sistema de Protección Especial en el departamento, inscriptos en centros de educación formal",Durazno,2024-S1,total,143.0,cantidad
21,"Cantidad de NNA de 6 a 17 años atendidos por el Sistema de Protección Especial en el departamento, inscriptos en centros de educación formal",Durazno,2024-S2,total,150.0,cantidad
21,"Cantidad de NNA de 6 a 17 años atendidos por el Sistema de Protección Especial en el departamento, inscriptos en centros de educación formal",Durazno,2025-S1,total,143.0,cantidad
21,"Cantidad de NNA de 6 a 17 años atendidos por el Sistema de Protección Especial en el departamento, inscriptos en centros de educación formal",Durazno,2025-S2,total,147.0,cantidad
23,Cantidad de NNA atendidos por el Sistema de Protección Especial en el departamento con controles médicos al día,Durazno,2020-S1,total,128.0,cantidad
23,Cantidad de NNA atendidos por el Sistema de Protección Especial en el departamento con controles médicos al día,Durazno,2020-S2,total,123.0,cantidad
23,Cantidad de NNA atendidos por el Sistema de Protección Especial en el departamento con controles médicos al día,Durazno,2021-S1,total,127.0,cantidad
23,Cantidad de NNA atendidos por el Sistema de Protección Especial en el departamento con controles médicos al día,Durazno,2021-S2,total,138.0,cantidad
23,Cantidad de NNA atendidos por el Sistema de Protección Especial en el departamento con controles médicos al día,Durazno,2022-S1,total,127.0,cantidad
23,Cantidad de NNA atendidos por el Sistema de Protección Especial en el departamento con controles médicos al día,Durazno,2022-S2,total,133.0,cantidad
23,Cantidad de NNA atendidos por el Sistema de Protección Especial en el departamento con controles médicos al día,Durazno,2023-S1,total,150.0,cantidad
23,Cantidad de NNA atendidos por el Sistema de Protección Especial en el departamento con controles médicos al día,Durazno,2023-S2,total,116.0,cantidad
23,Cantidad de NNA atendidos por el Sistema de Protección Especial en el departamento con controles médicos al día,Durazno,2024-S1,total,153.0,cantidad
23,Cantidad de NNA atendidos por el Sistema de Protección Especial en el departamento con controles médicos al día,Durazno,2024-S2,total,145.0,cantidad
23,Cantidad de NNA atendidos por el Sistema de Protección Especial en el departamento con controles médicos al día,Durazno,2025-S1,total,137.0,cantidad
23,Cantidad de NNA atendidos por el Sistema de Protección Especial en el departamento con controles médicos al día,Durazno,2025-S2,total,128.0,cantidad
24,Cantidad de NNA atendidos por el Sistema de Protección Especial en el departamento con vacunas al día,Durazno,2020-S1,total,131.0,cantidad
24,Cantidad de NNA atendidos por el Sistema de Protección Especial en el departamento con vacunas al día,Durazno,2020-S2,total,130.0,cantidad
24,Cantidad de NNA atendidos por el Sistema de Protección Especial en el departamento con vacunas al día,Durazno,2021-S1,total,136.0,cantidad
24,Cantidad de NNA atendidos por el Sistema de Protección Especial en el departamento con vacunas al día,Durazno,2021-S2,total,144.0,cantidad
24,Cantidad de NNA atendidos por el Sistema de Protección Especial en el departamento con vacunas al día,Durazno,2022-S1,total,130.0,cantidad
24,Cantidad de NNA atendidos por el Sistema de Protección Especial en el departamento con vacunas al día,Durazno,2022-S2,total,132.0,cantidad
24,Cantidad de NNA atendidos por el Sistema de Protección Especial en el departamento con vacunas al día,Durazno,2023-S1,total,149.0,cantidad
24,Cantidad de NNA atendidos por el Sistema de Protección Especial en el departamento con vacunas al día,Durazno,2023-S2,total,150.0,cantidad
24,Cantidad de NNA atendidos por el Sistema de Protección Especial en el departamento con vacunas al día,Durazno,2024-S1,total,158.0,cantidad
24,Cantidad de NNA atendidos por el Sistema de Protección Especial en el departamento con vacunas al día,Durazno,2024-S2,total,160.0,cantidad
24,Cantidad de NNA atendidos por el Sistema de Protección Especial en el departamento con vacunas al día,Durazno,2025-S1,total,151.0,cantidad
24,Cantidad de NNA atendidos por el Sistema de Protección Especial en el departamento con vacunas al día,Durazno,2025-S2,total,155.0,cantidad
1,Cantidad de NNA atendidos en algún proyecto del Sistema de Protección Especial del departamento,Flores,2020-S1,total,50.0,cantidad
1,Cantidad de NNA atendidos en algún proyecto del Sistema de Protección Especial del departamento,Flores,2020-S2,total,51.0,cantidad
1,Cantidad de NNA atendidos en algún proyecto del Sistema de Protección Especial del departamento,Flores,2021-S1,total,56.0,cantidad
1,Cantidad de NNA atendidos en algún proyecto del Sistema de Protección Especial del departamento,Flores,2021-S2,total,53.0,cantidad
1,Cantidad de NNA atendidos en algún proyecto del Sistema de Protección Especial del departamento,Flores,2022-S1,total,58.0,cantidad
1,Cantidad de NNA atendidos en algún proyecto del Sistema de Protección Especial del departamento,Flores,2022-S2,total,70.0,cantidad
1,Cantidad de NNA atendidos en algún proyecto del Sistema de Protección Especial del departamento,Flores,2023-S1,total,92.0,cantidad
1,Cantidad de NNA atendidos en algún proyecto del Sistema de Protección Especial del departamento,Flores,2023-S2,total,88.0,cantidad
1,Cantidad de NNA atendidos en algún proyecto del Sistema de Protección Especial del departamento,Flores,2024-S1,total,92.0,cantidad
1,Cantidad de NNA atendidos en algún proyecto del Sistema de Protección Especial del departamento,Flores,2024-S2,total,105.0,cantidad
1,Cantidad de NNA atendidos en algún proyecto del Sistema de Protección Especial del departamento,Flores,2025-S1,total,104.0,cantidad
1,Cantidad de NNA atendidos en algún proyecto del Sistema de Protección Especial del departamento,Flores,2025-S2,total,111.0,cantidad
2,Porcentaje de NNA atendidos en algún proyecto del Sistema de Protección Especial del departamento respecto a la población total INAU del departamento,Flores,2020-S1,total,3.8,porcentaje
2,Porcentaje de NNA atendidos en algún proyecto del Sistema de Protección Especial del departamento respecto a la población total INAU del departamento,Flores,2020-S2,total,3.9,porcentaje
2,Porcentaje de NNA atendidos en algún proyecto del Sistema de Protección Especial del departamento respecto a la población total INAU del departamento,Flores,2021-S1,total,4.3,porcentaje
2,Porcentaje de NNA atendidos en algún proyecto del Sistema de Protección Especial del departamento respecto a la población total INAU del departamento,Flores,2021-S2,total,4.1,porcentaje
2,Porcentaje de NNA atendidos en algún proyecto del Sistema de Protección Especial del departamento respecto a la población total INAU del departamento,Flores,2022-S1,total,4.6,porcentaje
2,Porcentaje de NNA atendidos en algún proyecto del Sistema de Protección Especial del departamento respecto a la población total INAU del departamento,Flores,2022-S2,total,5.4,porcentaje
2,Porcentaje de NNA atendidos en algún proyecto del Sistema de Protección Especial del departamento respecto a la población total INAU del departamento,Flores,2023-S1,total,7.2,porcentaje
2,Porcentaje de NNA atendidos en algún proyecto del Sistema de Protección Especial del departamento respecto a la población total INAU del departamento,Flores,2023-S2,total,6.9,porcentaje
2,Porcentaje de NNA atendidos en algún proyecto del Sistema de Protección Especial del departamento respecto a la población total INAU del departamento,Flores,2024-S1,total,7.3,porcentaje
2,Porcentaje de NNA atendidos en algún proyecto del Sistema de Protección Especial del departamento respecto a la población total INAU del departamento,Flores,2024-S2,total,8.1,porcentaje
2,Porcentaje de NNA atendidos en algún proyecto del Sistema de Protección Especial del departamento respecto a la población total INAU del departamento,Flores,2025-S1,total,8.6,porcentaje
2,Porcentaje de NNA atendidos en algún proyecto del Sistema de Protección Especial del departamento respecto a la población total INAU del departamento,Flores,2025-S2,total,8.7,porcentaje
5,Cantidad de NNA en el Sistema de Protección Especial del departamento que viven en residencia,Flores,2020-S1,total,20.0,cantidad
5,Cantidad de NNA en el Sistema de Protección Especial del departamento que viven en residencia,Flores,2020-S2,total,19.0,cantidad
5,Cantidad de NNA en el Sistema de Protección Especial del departamento que viven en residencia,Flores,2021-S1,total,14.0,cantidad
5,Cantidad de NNA en el Sistema de Protección Especial del departamento que viven en residencia,Flores,2021-S2,total,8.0,cantidad
5,Cantidad de NNA en el Sistema de Protección Especial del departamento que viven en residencia,Flores,2022-S1,total,8.0,cantidad
5,Cantidad de NNA en el Sistema de Protección Especial del departamento que viven en residencia,Flores,2022-S2,total,12.0,cantidad
5,Cantidad de NNA en el Sistema de Protección Especial del departamento que viven en residencia,Flores,2023-S1,total,20.0,cantidad
5,Cantidad de NNA en el Sistema de Protección Especial del departamento que viven en residencia,Flores,2023-S2,total,15.0,cantidad
5,Cantidad de NNA en el Sistema de Protección Especial del departamento que viven en residencia,Flores,2024-S1,total,11.0,cantidad
5,Cantidad de NNA en el Sistema de Protección Especial del departamento que viven en residencia,Flores,2024-S2,total,17.0,cantidad
5,Cantidad de NNA en el Sistema de Protección Especial del departamento que viven en residencia,Flores,2025-S1,total,14.0,cantidad
5,Cantidad de NNA en el Sistema de Protección Especial del departamento que viven en residencia,Flores,2025-S2,total,19.0,cantidad
6,Cantidad de NNA en el Sistema de Protección Especial del departamento que viven en contexto familiar,Flores,2020-S1,total,30.0,cantidad
6,Cantidad de NNA en el Sistema de Protección Especial del departamento que viven en contexto familiar,Flores,2020-S2,total,32.0,cantidad
6,Cantidad de NNA en el Sistema de Protección Especial del departamento que viven en contexto familiar,Flores,2021-S1,total,42.0,cantidad
6,Cantidad de NNA en el Sistema de Protección Especial del departamento que viven en contexto familiar,Flores,2021-S2,total,45.0,cantidad
6,Cantidad de NNA en el Sistema de Protección Especial del departamento que viven en contexto familiar,Flores,2022-S1,total,50.0,cantidad
6,Cantidad de NNA en el Sistema de Protección Especial del departamento que viven en contexto familiar,Flores,2022-S2,total,58.0,cantidad
6,Cantidad de NNA en el Sistema de Protección Especial del departamento que viven en contexto familiar,Flores,2023-S1,total,72.0,cantidad
6,Cantidad de NNA en el Sistema de Protección Especial del departamento que viven en contexto familiar,Flores,2023-S2,total,73.0,cantidad
6,Cantidad de NNA en el Sistema de Protección Especial del departamento que viven en contexto familiar,Flores,2024-S1,total,81.0,cantidad
6,Cantidad de NNA en el Sistema de Protección Especial del departamento que viven en contexto familiar,Flores,2024-S2,total,88.0,cantidad
6,Cantidad de NNA en el Sistema de Protección Especial del departamento que viven en contexto familiar,Flores,2025-S1,total,90.0,cantidad
6,Cantidad de NNA en el Sistema de Protección Especial del departamento que viven en contexto familiar,Flores,2025-S2,total,92.0,cantidad
7,Cantidad de NNA en el departamento que ingresan por primera vez al Sistema de Protección Especial,Flores,2020-S1,total,10.0,cantidad
7,Cantidad de NNA en el departamento que ingresan por primera vez al Sistema de Protección Especial,Flores,2020-S2,total,9.0,cantidad
7,Cantidad de NNA en el departamento que ingresan por primera vez al Sistema de Protección Especial,Flores,2021-S1,total,17.0,cantidad
7,Cantidad de NNA en el departamento que ingresan por primera vez al Sistema de Protección Especial,Flores,2021-S2,total,9.0,cantidad
7,Cantidad de NNA en el departamento que ingresan por primera vez al Sistema de Protección Especial,Flores,2022-S1,total,12.0,cantidad
7,Cantidad de NNA en el departamento que ingresan por primera vez al Sistema de Protección Especial,Flores,2022-S2,total,23.0,cantidad
7,Cantidad de NNA en el departamento que ingresan por primera vez al Sistema de Protección Especial,Flores,2023-S1,total,26.0,cantidad
7,Cantidad de NNA en el departamento que ingresan por primera vez al Sistema de Protección Especial,Flores,2023-S2,total,13.0,cantidad
7,Cantidad de NNA en el departamento que ingresan por primera vez al Sistema de Protección Especial,Flores,2024-S1,total,17.0,cantidad
7,Cantidad de NNA en el departamento que ingresan por primera vez al Sistema de Protección Especial,Flores,2024-S2,total,20.0,cantidad
7,Cantidad de NNA en el departamento que ingresan por primera vez al Sistema de Protección Especial,Flores,2025-S1,total,18.0,cantidad
7,Cantidad de NNA en el departamento que ingresan por primera vez al Sistema de Protección Especial,Flores,2025-S2,total,18.0,cantidad
8,"Porcentaje de NNA que ingresan por primera vez al Sistema de Protección Especial en algún proyecto del departamento, respecto al total de atendidos por el Sistema en el departamento",Flores,2020-S1,total,16.1,porcentaje
8,"Porcentaje de NNA que ingresan por primera vez al Sistema de Protección Especial en algún proyecto del departamento, respecto al total de atendidos por el Sistema en el departamento",Flores,2020-S2,total,13.6,porcentaje
8,"Porcentaje de NNA que ingresan por primera vez al Sistema de Protección Especial en algún proyecto del departamento, respecto al total de atendidos por el Sistema en el departamento",Flores,2021-S1,total,22.1,porcentaje
8,"Porcentaje de NNA que ingresan por primera vez al Sistema de Protección Especial en algún proyecto del departamento, respecto al total de atendidos por el Sistema en el departamento",Flores,2021-S2,total,12.7,porcentaje
8,"Porcentaje de NNA que ingresan por primera vez al Sistema de Protección Especial en algún proyecto del departamento, respecto al total de atendidos por el Sistema en el departamento",Flores,2022-S1,total,16.9,porcentaje
8,"Porcentaje de NNA que ingresan por primera vez al Sistema de Protección Especial en algún proyecto del departamento, respecto al total de atendidos por el Sistema en el departamento",Flores,2022-S2,total,25.6,porcentaje
8,"Porcentaje de NNA que ingresan por primera vez al Sistema de Protección Especial en algún proyecto del departamento, respecto al total de atendidos por el Sistema en el departamento",Flores,2023-S1,total,24.8,porcentaje
8,"Porcentaje de NNA que ingresan por primera vez al Sistema de Protección Especial en algún proyecto del departamento, respecto al total de atendidos por el Sistema en el departamento",Flores,2023-S2,total,11.6,porcentaje
8,"Porcentaje de NNA que ingresan por primera vez al Sistema de Protección Especial en algún proyecto del departamento, respecto al total de atendidos por el Sistema en el departamento",Flores,2024-S1,total,14.5,porcentaje
8,"Porcentaje de NNA que ingresan por primera vez al Sistema de Protección Especial en algún proyecto del departamento, respecto al total de atendidos por el Sistema en el departamento",Flores,2024-S2,total,15.0,porcentaje
8,"Porcentaje de NNA que ingresan por primera vez al Sistema de Protección Especial en algún proyecto del departamento, respecto al total de atendidos por el Sistema en el departamento",Flores,2025-S1,total,12.9,porcentaje
8,"Porcentaje de NNA que ingresan por primera vez al Sistema de Protección Especial en algún proyecto del departamento, respecto al total de atendidos por el Sistema en el departamento",Flores,2025-S2,total,11.5,porcentaje
9,Cantidad de NNA que ingresan con trayectoria anterior al Sistema de Protección Especial en el departamento,Flores,2020-S1,total,6.0,cantidad
9,Cantidad de NNA que ingresan con trayectoria anterior al Sistema de Protección Especial en el departamento,Flores,2020-S2,total,5.0,cantidad
9,Cantidad de NNA que ingresan con trayectoria anterior al Sistema de Protección Especial en el departamento,Flores,2021-S1,total,9.0,cantidad
9,Cantidad de NNA que ingresan con trayectoria anterior al Sistema de Protección Especial en el departamento,Flores,2021-S2,total,5.0,cantidad
9,Cantidad de NNA que ingresan con trayectoria anterior al Sistema de Protección Especial en el departamento,Flores,2022-S1,total,7.0,cantidad
9,Cantidad de NNA que ingresan con trayectoria anterior al Sistema de Protección Especial en el departamento,Flores,2022-S2,total,6.0,cantidad
9,Cantidad de NNA que ingresan con trayectoria anterior al Sistema de Protección Especial en el departamento,Flores,2023-S1,total,3.0,cantidad
9,Cantidad de NNA que ingresan con trayectoria anterior al Sistema de Protección Especial en el departamento,Flores,2023-S2,total,1.0,cantidad
9,Cantidad de NNA que ingresan con trayectoria anterior al Sistema de Protección Especial en el departamento,Flores,2024-S1,total,2.0,cantidad
9,Cantidad de NNA que ingresan con trayectoria anterior al Sistema de Protección Especial en el departamento,Flores,2024-S2,total,9.0,cantidad
9,Cantidad de NNA que ingresan con trayectoria anterior al Sistema de Protección Especial en el departamento,Flores,2025-S1,total,3.0,cantidad
9,Cantidad de NNA que ingresan con trayectoria anterior al Sistema de Protección Especial en el departamento,Flores,2025-S2,total,4.0,cantidad
10,Porcentaje de NNA que ingresan con trayectoria anterior al Sistema de Protección Especial en algún proyecto del departamento respecto al total de atendidos por el Sistema en el departamento,Flores,2020-S1,total,9.7,porcentaje
10,Porcentaje de NNA que ingresan con trayectoria anterior al Sistema de Protección Especial en algún proyecto del departamento respecto al total de atendidos por el Sistema en el departamento,Flores,2020-S2,total,7.6,porcentaje
10,Porcentaje de NNA que ingresan con trayectoria anterior al Sistema de Protección Especial en algún proyecto del departamento respecto al total de atendidos por el Sistema en el departamento,Flores,2021-S1,total,11.7,porcentaje
10,Porcentaje de NNA que ingresan con trayectoria anterior al Sistema de Protección Especial en algún proyecto del departamento respecto al total de atendidos por el Sistema en el departamento,Flores,2021-S2,total,7.0,porcentaje
10,Porcentaje de NNA que ingresan con trayectoria anterior al Sistema de Protección Especial en algún proyecto del departamento respecto al total de atendidos por el Sistema en el departamento,Flores,2022-S1,total,9.9,porcentaje
10,Porcentaje de NNA que ingresan con trayectoria anterior al Sistema de Protección Especial en algún proyecto del departamento respecto al total de atendidos por el Sistema en el departamento,Flores,2022-S2,total,6.7,porcentaje
10,Porcentaje de NNA que ingresan con trayectoria anterior al Sistema de Protección Especial en algún proyecto del departamento respecto al total de atendidos por el Sistema en el departamento,Flores,2023-S1,total,2.9,porcentaje
10,Porcentaje de NNA que ingresan con trayectoria anterior al Sistema de Protección Especial en algún proyecto del departamento respecto al total de atendidos por el Sistema en el departamento,Flores,2023-S2,total,0.9,porcentaje
10,Porcentaje de NNA que ingresan con trayectoria anterior al Sistema de Protección Especial en algún proyecto del departamento respecto al total de atendidos por el Sistema en el departamento,Flores,2024-S1,total,1.7,porcentaje
10,Porcentaje de NNA que ingresan con trayectoria anterior al Sistema de Protección Especial en algún proyecto del departamento respecto al total de atendidos por el Sistema en el departamento,Flores,2024-S2,total,6.8,porcentaje
10,Porcentaje de NNA que ingresan con trayectoria anterior al Sistema de Protección Especial en algún proyecto del departamento respecto al total de atendidos por el Sistema en el departamento,Flores,2025-S1,total,2.2,porcentaje
10,Porcentaje de NNA que ingresan con trayectoria anterior al Sistema de Protección Especial en algún proyecto del departamento respecto al total de atendidos por el Sistema en el departamento,Flores,2025-S2,total,2.6,porcentaje
11,Cantidad de NNA que egresan del Sistema de Protección Especial en el departamento,Flores,2020-S1,total,13.0,cantidad
11,Cantidad de NNA que egresan del Sistema de Protección Especial en el departamento,Flores,2020-S2,total,21.0,cantidad
11,Cantidad de NNA que egresan del Sistema de Protección Especial en el departamento,Flores,2021-S1,total,25.0,cantidad
11,Cantidad de NNA que egresan del Sistema de Protección Especial en el departamento,Flores,2021-S2,total,19.0,cantidad
11,Cantidad de NNA que egresan del Sistema de Protección Especial en el departamento,Flores,2022-S1,total,14.0,cantidad
11,Cantidad de NNA que egresan del Sistema de Protección Especial en el departamento,Flores,2022-S2,total,21.0,cantidad
11,Cantidad de NNA que egresan del Sistema de Protección Especial en el departamento,Flores,2023-S1,total,16.0,cantidad
11,Cantidad de NNA que egresan del Sistema de Protección Especial en el departamento,Flores,2023-S2,total,20.0,cantidad
11,Cantidad de NNA que egresan del Sistema de Protección Especial en el departamento,Flores,2024-S1,total,47.0,cantidad
11,Cantidad de NNA que egresan del Sistema de Protección Especial en el departamento,Flores,2024-S2,total,20.0,cantidad
11,Cantidad de NNA que egresan del Sistema de Protección Especial en el departamento,Flores,2025-S1,total,28.0,cantidad
11,Cantidad de NNA que egresan del Sistema de Protección Especial en el departamento,Flores,2025-S2,total,51.0,cantidad
12,Cantidad de NNA que egresan del Sistema de Protección Especial en el departamento según tiempos de permanencia en el Sistema,Flores,2020-S1,total,13.0,cantidad
12,Cantidad de NNA que egresan del Sistema de Protección Especial en el departamento según tiempos de permanencia en el Sistema,Flores,2020-S2,total,21.0,cantidad
12,Cantidad de NNA que egresan del Sistema de Protección Especial en el departamento según tiempos de permanencia en el Sistema,Flores,2021-S1,total,25.0,cantidad
12,Cantidad de NNA que egresan del Sistema de Protección Especial en el departamento según tiempos de permanencia en el Sistema,Flores,2021-S2,total,19.0,cantidad
12,Cantidad de NNA que egresan del Sistema de Protección Especial en el departamento según tiempos de permanencia en el Sistema,Flores,2022-S1,total,14.0,cantidad
12,Cantidad de NNA que egresan del Sistema de Protección Especial en el departamento según tiempos de permanencia en el Sistema,Flores,2022-S2,total,21.0,cantidad
12,Cantidad de NNA que egresan del Sistema de Protección Especial en el departamento según tiempos de permanencia en el Sistema,Flores,2023-S1,total,16.0,cantidad
12,Cantidad de NNA que egresan del Sistema de Protección Especial en el departamento según tiempos de permanencia en el Sistema,Flores,2023-S2,total,20.0,cantidad
12,Cantidad de NNA que egresan del Sistema de Protección Especial en el departamento según tiempos de permanencia en el Sistema,Flores,2024-S1,total,47.0,cantidad
12,Cantidad de NNA que egresan del Sistema de Protección Especial en el departamento según tiempos de permanencia en el Sistema,Flores,2024-S2,total,20.0,cantidad
12,Cantidad de NNA que egresan del Sistema de Protección Especial en el departamento según tiempos de permanencia en el Sistema,Flores,2025-S1,total,28.0,cantidad
12,Cantidad de NNA que egresan del Sistema de Protección Especial en el departamento según tiempos de permanencia en el Sistema,Flores,2025-S2,total,51.0,cantidad
13,Cantidad de NNA que egresan del Sistema de Protección Especial en el departamento según tiempos de permanencia en la intervención,Flores,2020-S1,total,13.0,cantidad
13,Cantidad de NNA que egresan del Sistema de Protección Especial en el departamento según tiempos de permanencia en la intervención,Flores,2020-S2,total,21.0,cantidad
13,Cantidad de NNA que egresan del Sistema de Protección Especial en el departamento según tiempos de permanencia en la intervención,Flores,2021-S1,total,25.0,cantidad
13,Cantidad de NNA que egresan del Sistema de Protección Especial en el departamento según tiempos de permanencia en la intervención,Flores,2021-S2,total,19.0,cantidad
13,Cantidad de NNA que egresan del Sistema de Protección Especial en el departamento según tiempos de permanencia en la intervención,Flores,2022-S1,total,14.0,cantidad
13,Cantidad de NNA que egresan del Sistema de Protección Especial en el departamento según tiempos de permanencia en la intervención,Flores,2022-S2,total,21.0,cantidad
13,Cantidad de NNA que egresan del Sistema de Protección Especial en el departamento según tiempos de permanencia en la intervención,Flores,2023-S1,total,16.0,cantidad
13,Cantidad de NNA que egresan del Sistema de Protección Especial en el departamento según tiempos de permanencia en la intervención,Flores,2023-S2,total,20.0,cantidad
13,Cantidad de NNA que egresan del Sistema de Protección Especial en el departamento según tiempos de permanencia en la intervención,Flores,2024-S1,total,47.0,cantidad
13,Cantidad de NNA que egresan del Sistema de Protección Especial en el departamento según tiempos de permanencia en la intervención,Flores,2024-S2,total,20.0,cantidad
13,Cantidad de NNA que egresan del Sistema de Protección Especial en el departamento según tiempos de permanencia en la intervención,Flores,2025-S1,total,28.0,cantidad
13,Cantidad de NNA que egresan del Sistema de Protección Especial en el departamento según tiempos de permanencia en la intervención,Flores,2025-S2,total,51.0,cantidad
14,Cantidad de NNA que dejan de vivir en residencias en el departamento para vivir con una familia,Flores,2020-S1,total,11.0,cantidad
14,Cantidad de NNA que dejan de vivir en residencias en el departamento para vivir con una familia,Flores,2020-S2,total,10.0,cantidad
14,Cantidad de NNA que dejan de vivir en residencias en el departamento para vivir con una familia,Flores,2021-S1,total,10.0,cantidad
14,Cantidad de NNA que dejan de vivir en residencias en el departamento para vivir con una familia,Flores,2021-S2,total,10.0,cantidad
14,Cantidad de NNA que dejan de vivir en residencias en el departamento para vivir con una familia,Flores,2022-S1,total,17.0,cantidad
14,Cantidad de NNA que dejan de vivir en residencias en el departamento para vivir con una familia,Flores,2022-S2,total,15.0,cantidad
14,Cantidad de NNA que dejan de vivir en residencias en el departamento para vivir con una familia,Flores,2023-S1,total,24.0,cantidad
14,Cantidad de NNA que dejan de vivir en residencias en el departamento para vivir con una familia,Flores,2023-S2,total,25.0,cantidad
14,Cantidad de NNA que dejan de vivir en residencias en el departamento para vivir con una familia,Flores,2024-S1,total,16.0,cantidad
14,Cantidad de NNA que dejan de vivir en residencias en el departamento para vivir con una familia,Flores,2024-S2,total,19.0,cantidad
14,Cantidad de NNA que dejan de vivir en residencias en el departamento para vivir con una familia,Flores,2025-S1,total,19.0,cantidad
14,Cantidad de NNA que dejan de vivir en residencias en el departamento para vivir con una familia,Flores,2025-S2,total,36.0,cantidad
15,Cantidad de NNA con condición de adoptabilidad en el departamento,Flores,2020-S1,total,2.0,cantidad
15,Cantidad de NNA con condición de adoptabilidad en el departamento,Flores,2020-S2,total,2.0,cantidad
15,Cantidad de NNA con condición de adoptabilidad en el departamento,Flores,2021-S1,total,2.0,cantidad
15,Cantidad de NNA con condición de adoptabilidad en el departamento,Flores,2021-S2,total,2.0,cantidad
15,Cantidad de NNA con condición de adoptabilidad en el departamento,Flores,2022-S1,total,2.0,cantidad
15,Cantidad de NNA con condición de adoptabilidad en el departamento,Flores,2022-S2,total,1.0,cantidad
15,Cantidad de NNA con condición de adoptabilidad en el departamento,Flores,2023-S1,total,3.0,cantidad
15,Cantidad de NNA con condición de adoptabilidad en el departamento,Flores,2023-S2,total,3.0,cantidad
15,Cantidad de NNA con condición de adoptabilidad en el departamento,Flores,2024-S1,total,4.0,cantidad
15,Cantidad de NNA con condición de adoptabilidad en el departamento,Flores,2024-S2,total,8.0,cantidad
15,Cantidad de NNA con condición de adoptabilidad en el departamento,Flores,2025-S1,total,8.0,cantidad
15,Cantidad de NNA con condición de adoptabilidad en el departamento,Flores,2025-S2,total,9.0,cantidad
16,"Porcentaje de NNA con condición de adoptabilidad en el departamento, respecto al total de NNA atendidos por el Sistema de Protección Especial en el departamento",Flores,2020-S1,total,3.2,porcentaje
16,"Porcentaje de NNA con condición de adoptabilidad en el departamento, respecto al total de NNA atendidos por el Sistema de Protección Especial en el departamento",Flores,2020-S2,total,3.0,porcentaje
16,"Porcentaje de NNA con condición de adoptabilidad en el departamento, respecto al total de NNA atendidos por el Sistema de Protección Especial en el departamento",Flores,2021-S1,total,2.6,porcentaje
16,"Porcentaje de NNA con condición de adoptabilidad en el departamento, respecto al total de NNA atendidos por el Sistema de Protección Especial en el departamento",Flores,2021-S2,total,2.8,porcentaje
16,"Porcentaje de NNA con condición de adoptabilidad en el departamento, respecto al total de NNA atendidos por el Sistema de Protección Especial en el departamento",Flores,2022-S1,total,2.8,porcentaje
16,"Porcentaje de NNA con condición de adoptabilidad en el departamento, respecto al total de NNA atendidos por el Sistema de Protección Especial en el departamento",Flores,2022-S2,total,1.1,porcentaje
16,"Porcentaje de NNA con condición de adoptabilidad en el departamento, respecto al total de NNA atendidos por el Sistema de Protección Especial en el departamento",Flores,2023-S1,total,2.9,porcentaje
16,"Porcentaje de NNA con condición de adoptabilidad en el departamento, respecto al total de NNA atendidos por el Sistema de Protección Especial en el departamento",Flores,2023-S2,total,2.7,porcentaje
16,"Porcentaje de NNA con condición de adoptabilidad en el departamento, respecto al total de NNA atendidos por el Sistema de Protección Especial en el departamento",Flores,2024-S1,total,3.4,porcentaje
16,"Porcentaje de NNA con condición de adoptabilidad en el departamento, respecto al total de NNA atendidos por el Sistema de Protección Especial en el departamento",Flores,2024-S2,total,6.0,porcentaje
16,"Porcentaje de NNA con condición de adoptabilidad en el departamento, respecto al total de NNA atendidos por el Sistema de Protección Especial en el departamento",Flores,2025-S1,total,5.8,porcentaje
16,"Porcentaje de NNA con condición de adoptabilidad en el departamento, respecto al total de NNA atendidos por el Sistema de Protección Especial en el departamento",Flores,2025-S2,total,5.8,porcentaje
17,Cantidad de NNA con condición de adoptabilidad en el departamento que pasa a seguimiento de tenencia,Flores,2020-S1,total,0.0,cantidad
17,Cantidad de NNA con condición de adoptabilidad en el departamento que pasa a seguimiento de tenencia,Flores,2020-S2,total,0.0,cantidad
17,Cantidad de NNA con condición de adoptabilidad en el departamento que pasa a seguimiento de tenencia,Flores,2021-S1,total,0.0,cantidad
17,Cantidad de NNA con condición de adoptabilidad en el departamento que pasa a seguimiento de tenencia,Flores,2021-S2,total,0.0,cantidad
17,Cantidad de NNA con condición de adoptabilidad en el departamento que pasa a seguimiento de tenencia,Flores,2022-S1,total,0.0,cantidad
17,Cantidad de NNA con condición de adoptabilidad en el departamento que pasa a seguimiento de tenencia,Flores,2022-S2,total,0.0,cantidad
17,Cantidad de NNA con condición de adoptabilidad en el departamento que pasa a seguimiento de tenencia,Flores,2023-S1,total,1.0,cantidad
17,Cantidad de NNA con condición de adoptabilidad en el departamento que pasa a seguimiento de tenencia,Flores,2023-S2,total,2.0,cantidad
17,Cantidad de NNA con condición de adoptabilidad en el departamento que pasa a seguimiento de tenencia,Flores,2024-S1,total,0.0,cantidad
17,Cantidad de NNA con condición de adoptabilidad en el departamento que pasa a seguimiento de tenencia,Flores,2024-S2,total,1.0,cantidad
17,Cantidad de NNA con condición de adoptabilidad en el departamento que pasa a seguimiento de tenencia,Flores,2025-S1,total,0.0,cantidad
17,Cantidad de NNA con condición de adoptabilidad en el departamento que pasa a seguimiento de tenencia,Flores,2025-S2,total,0.0,cantidad
19,Cantidad de NNA atendidos por el Sistema de Protección Especial en el departamento que tiene Proyecto de Atención Integral (PAI),Flores,2020-S1,total,0.0,cantidad
19,Cantidad de NNA atendidos por el Sistema de Protección Especial en el departamento que tiene Proyecto de Atención Integral (PAI),Flores,2020-S2,total,0.0,cantidad
19,Cantidad de NNA atendidos por el Sistema de Protección Especial en el departamento que tiene Proyecto de Atención Integral (PAI),Flores,2021-S1,total,0.0,cantidad
19,Cantidad de NNA atendidos por el Sistema de Protección Especial en el departamento que tiene Proyecto de Atención Integral (PAI),Flores,2021-S2,total,0.0,cantidad
19,Cantidad de NNA atendidos por el Sistema de Protección Especial en el departamento que tiene Proyecto de Atención Integral (PAI),Flores,2022-S1,total,0.0,cantidad
19,Cantidad de NNA atendidos por el Sistema de Protección Especial en el departamento que tiene Proyecto de Atención Integral (PAI),Flores,2022-S2,total,0.0,cantidad
19,Cantidad de NNA atendidos por el Sistema de Protección Especial en el departamento que tiene Proyecto de Atención Integral (PAI),Flores,2023-S1,total,0.0,cantidad
19,Cantidad de NNA atendidos por el Sistema de Protección Especial en el departamento que tiene Proyecto de Atención Integral (PAI),Flores,2023-S2,total,0.0,cantidad
19,Cantidad de NNA atendidos por el Sistema de Protección Especial en el departamento que tiene Proyecto de Atención Integral (PAI),Flores,2024-S1,total,0.0,cantidad
19,Cantidad de NNA atendidos por el Sistema de Protección Especial en el departamento que tiene Proyecto de Atención Integral (PAI),Flores,2024-S2,total,0.0,cantidad
19,Cantidad de NNA atendidos por el Sistema de Protección Especial en el departamento que tiene Proyecto de Atención Integral (PAI),Flores,2025-S1,total,0.0,cantidad
19,Cantidad de NNA atendidos por el Sistema de Protección Especial en el departamento que tiene Proyecto de Atención Integral (PAI),Flores,2025-S2,total,0.0,cantidad
20,"Cantidad de NN de 0 a 5 años atendidos por el Sistema de Protección Especial en el departamento, inscriptos en centros de educación y cuidado",Flores,2021-S1,total,9.0,cantidad
20,"Cantidad de NN de 0 a 5 años atendidos por el Sistema de Protección Especial en el departamento, inscriptos en centros de educación y cuidado",Flores,2021-S2,total,9.0,cantidad
20,"Cantidad de NN de 0 a 5 años atendidos por el Sistema de Protección Especial en el departamento, inscriptos en centros de educación y cuidado",Flores,2022-S1,total,12.0,cantidad
20,"Cantidad de NN de 0 a 5 años atendidos por el Sistema de Protección Especial en el departamento, inscriptos en centros de educación y cuidado",Flores,2022-S2,total,9.0,cantidad
20,"Cantidad de NN de 0 a 5 años atendidos por el Sistema de Protección Especial en el departamento, inscriptos en centros de educación y cuidado",Flores,2023-S1,total,12.0,cantidad
20,"Cantidad de NN de 0 a 5 años atendidos por el Sistema de Protección Especial en el departamento, inscriptos en centros de educación y cuidado",Flores,2023-S2,total,11.0,cantidad
20,"Cantidad de NN de 0 a 5 años atendidos por el Sistema de Protección Especial en el departamento, inscriptos en centros de educación y cuidado",Flores,2024-S1,total,13.0,cantidad
20,"Cantidad de NN de 0 a 5 años atendidos por el Sistema de Protección Especial en el departamento, inscriptos en centros de educación y cuidado",Flores,2024-S2,total,11.0,cantidad
20,"Cantidad de NN de 0 a 5 años atendidos por el Sistema de Protección Especial en el departamento, inscriptos en centros de educación y cuidado",Flores,2025-S1,total,9.0,cantidad
20,"Cantidad de NN de 0 a 5 años atendidos por el Sistema de Protección Especial en el departamento, inscriptos en centros de educación y cuidado",Flores,2025-S2,total,15.0,cantidad
21,"Cantidad de NNA de 6 a 17 años atendidos por el Sistema de Protección Especial en el departamento, inscriptos en centros de educación formal",Flores,2021-S1,total,47.0,cantidad
21,"Cantidad de NNA de 6 a 17 años atendidos por el Sistema de Protección Especial en el departamento, inscriptos en centros de educación formal",Flores,2021-S2,total,43.0,cantidad
21,"Cantidad de NNA de 6 a 17 años atendidos por el Sistema de Protección Especial en el departamento, inscriptos en centros de educación formal",Flores,2022-S1,total,45.0,cantidad
21,"Cantidad de NNA de 6 a 17 años atendidos por el Sistema de Protección Especial en el departamento, inscriptos en centros de educación formal",Flores,2022-S2,total,58.0,cantidad
21,"Cantidad de NNA de 6 a 17 años atendidos por el Sistema de Protección Especial en el departamento, inscriptos en centros de educación formal",Flores,2023-S1,total,77.0,cantidad
21,"Cantidad de NNA de 6 a 17 años atendidos por el Sistema de Protección Especial en el departamento, inscriptos en centros de educación formal",Flores,2023-S2,total,75.0,cantidad
21,"Cantidad de NNA de 6 a 17 años atendidos por el Sistema de Protección Especial en el departamento, inscriptos en centros de educación formal",Flores,2024-S1,total,75.0,cantidad
21,"Cantidad de NNA de 6 a 17 años atendidos por el Sistema de Protección Especial en el departamento, inscriptos en centros de educación formal",Flores,2024-S2,total,88.0,cantidad
21,"Cantidad de NNA de 6 a 17 años atendidos por el Sistema de Protección Especial en el departamento, inscriptos en centros de educación formal",Flores,2025-S1,total,87.0,cantidad
21,"Cantidad de NNA de 6 a 17 años atendidos por el Sistema de Protección Especial en el departamento, inscriptos en centros de educación formal",Flores,2025-S2,total,85.0,cantidad
23,Cantidad de NNA atendidos por el Sistema de Protección Especial en el departamento con controles médicos al día,Flores,2020-S1,total,46.0,cantidad
23,Cantidad de NNA atendidos por el Sistema de Protección Especial en el departamento con controles médicos al día,Flores,2020-S2,total,45.0,cantidad
23,Cantidad de NNA atendidos por el Sistema de Protección Especial en el departamento con controles médicos al día,Flores,2021-S1,total,54.0,cantidad
23,Cantidad de NNA atendidos por el Sistema de Protección Especial en el departamento con controles médicos al día,Flores,2021-S2,total,47.0,cantidad
23,Cantidad de NNA atendidos por el Sistema de Protección Especial en el departamento con controles médicos al día,Flores,2022-S1,total,47.0,cantidad
23,Cantidad de NNA atendidos por el Sistema de Protección Especial en el departamento con controles médicos al día,Flores,2022-S2,total,65.0,cantidad
23,Cantidad de NNA atendidos por el Sistema de Protección Especial en el departamento con controles médicos al día,Flores,2023-S1,total,80.0,cantidad
23,Cantidad de NNA atendidos por el Sistema de Protección Especial en el departamento con controles médicos al día,Flores,2023-S2,total,76.0,cantidad
23,Cantidad de NNA atendidos por el Sistema de Protección Especial en el departamento con controles médicos al día,Flores,2024-S1,total,86.0,cantidad
23,Cantidad de NNA atendidos por el Sistema de Protección Especial en el departamento con controles médicos al día,Flores,2024-S2,total,94.0,cantidad
23,Cantidad de NNA atendidos por el Sistema de Protección Especial en el departamento con controles médicos al día,Flores,2025-S1,total,90.0,cantidad
23,Cantidad de NNA atendidos por el Sistema de Protección Especial en el departamento con controles médicos al día,Flores,2025-S2,total,93.0,cantidad
24,Cantidad de NNA atendidos por el Sistema de Protección Especial en el departamento con vacunas al día,Flores,2020-S1,total,50.0,cantidad
24,Cantidad de NNA atendidos por el Sistema de Protección Especial en el departamento con vacunas al día,Flores,2020-S2,total,49.0,cantidad
24,Cantidad de NNA atendidos por el Sistema de Protección Especial en el departamento con vacunas al día,Flores,2021-S1,total,54.0,cantidad
24,Cantidad de NNA atendidos por el Sistema de Protección Especial en el departamento con vacunas al día,Flores,2021-S2,total,49.0,cantidad
24,Cantidad de NNA atendidos por el Sistema de Protección Especial en el departamento con vacunas al día,Flores,2022-S1,total,52.0,cantidad
24,Cantidad de NNA atendidos por el Sistema de Protección Especial en el departamento con vacunas al día,Flores,2022-S2,total,65.0,cantidad
24,Cantidad de NNA atendidos por el Sistema de Protección Especial en el departamento con vacunas al día,Flores,2023-S1,total,82.0,cantidad
24,Cantidad de NNA atendidos por el Sistema de Protección Especial en el departamento con vacunas al día,Flores,2023-S2,total,78.0,cantidad
24,Cantidad de NNA atendidos por el Sistema de Protección Especial en el departamento con vacunas al día,Flores,2024-S1,total,87.0,cantidad
24,Cantidad de NNA atendidos por el Sistema de Protección Especial en el departamento con vacunas al día,Flores,2024-S2,total,97.0,cantidad
24,Cantidad de NNA atendidos por el Sistema de Protección Especial en el departamento con vacunas al día,Flores,2025-S1,total,95.0,cantidad
24,Cantidad de NNA atendidos por el Sistema de Protección Especial en el departamento con vacunas al día,Flores,2025-S2,total,95.0,cantidad
1,Cantidad de NNA atendidos en algún proyecto del Sistema de Protección Especial del departamento,Florida,2020-S1,total,249.0,cantidad
1,Cantidad de NNA atendidos en algún proyecto del Sistema de Protección Especial del departamento,Florida,2020-S2,total,255.0,cantidad
1,Cantidad de NNA atendidos en algún proyecto del Sistema de Protección Especial del departamento,Florida,2021-S1,total,249.0,cantidad
1,Cantidad de NNA atendidos en algún proyecto del Sistema de Protección Especial del departamento,Florida,2021-S2,total,272.0,cantidad
1,Cantidad de NNA atendidos en algún proyecto del Sistema de Protección Especial del departamento,Florida,2022-S1,total,272.0,cantidad
1,Cantidad de NNA atendidos en algún proyecto del Sistema de Protección Especial del departamento,Florida,2022-S2,total,271.0,cantidad
1,Cantidad de NNA atendidos en algún proyecto del Sistema de Protección Especial del departamento,Florida,2023-S1,total,275.0,cantidad
1,Cantidad de NNA atendidos en algún proyecto del Sistema de Protección Especial del departamento,Florida,2023-S2,total,290.0,cantidad
1,Cantidad de NNA atendidos en algún proyecto del Sistema de Protección Especial del departamento,Florida,2024-S1,total,302.0,cantidad
1,Cantidad de NNA atendidos en algún proyecto del Sistema de Protección Especial del departamento,Florida,2024-S2,total,309.0,cantidad
1,Cantidad de NNA atendidos en algún proyecto del Sistema de Protección Especial del departamento,Florida,2025-S1,total,316.0,cantidad
1,Cantidad de NNA atendidos en algún proyecto del Sistema de Protección Especial del departamento,Florida,2025-S2,total,303.0,cantidad
2,Porcentaje de NNA atendidos en algún proyecto del Sistema de Protección Especial del departamento respecto a la población total INAU del departamento,Florida,2020-S1,total,11.0,porcentaje
2,Porcentaje de NNA atendidos en algún proyecto del Sistema de Protección Especial del departamento respecto a la población total INAU del departamento,Florida,2020-S2,total,10.6,porcentaje
2,Porcentaje de NNA atendidos en algún proyecto del Sistema de Protección Especial del departamento respecto a la población total INAU del departamento,Florida,2021-S1,total,10.7,porcentaje
2,Porcentaje de NNA atendidos en algún proyecto del Sistema de Protección Especial del departamento respecto a la población total INAU del departamento,Florida,2021-S2,total,11.2,porcentaje
2,Porcentaje de NNA atendidos en algún proyecto del Sistema de Protección Especial del departamento respecto a la población total INAU del departamento,Florida,2022-S1,total,11.5,porcentaje
2,Porcentaje de NNA atendidos en algún proyecto del Sistema de Protección Especial del departamento respecto a la población total INAU del departamento,Florida,2022-S2,total,10.7,porcentaje
2,Porcentaje de NNA atendidos en algún proyecto del Sistema de Protección Especial del departamento respecto a la población total INAU del departamento,Florida,2023-S1,total,11.1,porcentaje
2,Porcentaje de NNA atendidos en algún proyecto del Sistema de Protección Especial del departamento respecto a la población total INAU del departamento,Florida,2023-S2,total,11.3,porcentaje
2,Porcentaje de NNA atendidos en algún proyecto del Sistema de Protección Especial del departamento respecto a la población total INAU del departamento,Florida,2024-S1,total,11.6,porcentaje
2,Porcentaje de NNA atendidos en algún proyecto del Sistema de Protección Especial del departamento respecto a la población total INAU del departamento,Florida,2024-S2,total,11.2,porcentaje
2,Porcentaje de NNA atendidos en algún proyecto del Sistema de Protección Especial del departamento respecto a la población total INAU del departamento,Florida,2025-S1,total,11.9,porcentaje
2,Porcentaje de NNA atendidos en algún proyecto del Sistema de Protección Especial del departamento respecto a la población total INAU del departamento,Florida,2025-S2,total,11.4,porcentaje
5,Cantidad de NNA en el Sistema de Protección Especial del departamento que viven en residencia,Florida,2020-S1,total,103.0,cantidad
5,Cantidad de NNA en el Sistema de Protección Especial del departamento que viven en residencia,Florida,2020-S2,total,114.0,cantidad
5,Cantidad de NNA en el Sistema de Protección Especial del departamento que viven en residencia,Florida,2021-S1,total,88.0,cantidad
5,Cantidad de NNA en el Sistema de Protección Especial del departamento que viven en residencia,Florida,2021-S2,total,93.0,cantidad
5,Cantidad de NNA en el Sistema de Protección Especial del departamento que viven en residencia,Florida,2022-S1,total,91.0,cantidad
5,Cantidad de NNA en el Sistema de Protección Especial del departamento que viven en residencia,Florida,2022-S2,total,94.0,cantidad
5,Cantidad de NNA en el Sistema de Protección Especial del departamento que viven en residencia,Florida,2023-S1,total,90.0,cantidad
5,Cantidad de NNA en el Sistema de Protección Especial del departamento que viven en residencia,Florida,2023-S2,total,79.0,cantidad
5,Cantidad de NNA en el Sistema de Protección Especial del departamento que viven en residencia,Florida,2024-S1,total,87.0,cantidad
5,Cantidad de NNA en el Sistema de Protección Especial del departamento que viven en residencia,Florida,2024-S2,total,96.0,cantidad
5,Cantidad de NNA en el Sistema de Protección Especial del departamento que viven en residencia,Florida,2025-S1,total,80.0,cantidad
5,Cantidad de NNA en el Sistema de Protección Especial del departamento que viven en residencia,Florida,2025-S2,total,66.0,cantidad
6,Cantidad de NNA en el Sistema de Protección Especial del departamento que viven en contexto familiar,Florida,2020-S1,total,146.0,cantidad
6,Cantidad de NNA en el Sistema de Protección Especial del departamento que viven en contexto familiar,Florida,2020-S2,total,141.0,cantidad
6,Cantidad de NNA en el Sistema de Protección Especial del departamento que viven en contexto familiar,Florida,2021-S1,total,161.0,cantidad
6,Cantidad de NNA en el Sistema de Protección Especial del departamento que viven en contexto familiar,Florida,2021-S2,total,179.0,cantidad
6,Cantidad de NNA en el Sistema de Protección Especial del departamento que viven en contexto familiar,Florida,2022-S1,total,181.0,cantidad
6,Cantidad de NNA en el Sistema de Protección Especial del departamento que viven en contexto familiar,Florida,2022-S2,total,177.0,cantidad
6,Cantidad de NNA en el Sistema de Protección Especial del departamento que viven en contexto familiar,Florida,2023-S1,total,185.0,cantidad
6,Cantidad de NNA en el Sistema de Protección Especial del departamento que viven en contexto familiar,Florida,2023-S2,total,211.0,cantidad
6,Cantidad de NNA en el Sistema de Protección Especial del departamento que viven en contexto familiar,Florida,2024-S1,total,215.0,cantidad
6,Cantidad de NNA en el Sistema de Protección Especial del departamento que viven en contexto familiar,Florida,2024-S2,total,213.0,cantidad
6,Cantidad de NNA en el Sistema de Protección Especial del departamento que viven en contexto familiar,Florida,2025-S1,total,236.0,cantidad
6,Cantidad de NNA en el Sistema de Protección Especial del departamento que viven en contexto familiar,Florida,2025-S2,total,237.0,cantidad
7,Cantidad de NNA en el departamento que ingresan por primera vez al Sistema de Protección Especial,Florida,2020-S1,total,35.0,cantidad
7,Cantidad de NNA en el departamento que ingresan por primera vez al Sistema de Protección Especial,Florida,2020-S2,total,34.0,cantidad
7,Cantidad de NNA en el departamento que ingresan por primera vez al Sistema de Protección Especial,Florida,2021-S1,total,18.0,cantidad
7,Cantidad de NNA en el departamento que ingresan por primera vez al Sistema de Protección Especial,Florida,2021-S2,total,34.0,cantidad
7,Cantidad de NNA en el departamento que ingresan por primera vez al Sistema de Protección Especial,Florida,2022-S1,total,36.0,cantidad
7,Cantidad de NNA en el departamento que ingresan por primera vez al Sistema de Protección Especial,Florida,2022-S2,total,30.0,cantidad
7,Cantidad de NNA en el departamento que ingresan por primera vez al Sistema de Protección Especial,Florida,2023-S1,total,30.0,cantidad
7,Cantidad de NNA en el departamento que ingresan por primera vez al Sistema de Protección Especial,Florida,2023-S2,total,39.0,cantidad
7,Cantidad de NNA en el departamento que ingresan por primera vez al Sistema de Protección Especial,Florida,2024-S1,total,28.0,cantidad
7,Cantidad de NNA en el departamento que ingresan por primera vez al Sistema de Protección Especial,Florida,2024-S2,total,36.0,cantidad
7,Cantidad de NNA en el departamento que ingresan por primera vez al Sistema de Protección Especial,Florida,2025-S1,total,33.0,cantidad
7,Cantidad de NNA en el departamento que ingresan por primera vez al Sistema de Protección Especial,Florida,2025-S2,total,27.0,cantidad
8,"Porcentaje de NNA que ingresan por primera vez al Sistema de Protección Especial en algún proyecto del departamento, respecto al total de atendidos por el Sistema en el departamento",Florida,2020-S1,total,13.7,porcentaje
8,"Porcentaje de NNA que ingresan por primera vez al Sistema de Protección Especial en algún proyecto del departamento, respecto al total de atendidos por el Sistema en el departamento",Florida,2020-S2,total,12.4,porcentaje
8,"Porcentaje de NNA que ingresan por primera vez al Sistema de Protección Especial en algún proyecto del departamento, respecto al total de atendidos por el Sistema en el departamento",Florida,2021-S1,total,6.9,porcentaje
8,"Porcentaje de NNA que ingresan por primera vez al Sistema de Protección Especial en algún proyecto del departamento, respecto al total de atendidos por el Sistema en el departamento",Florida,2021-S2,total,12.3,porcentaje
8,"Porcentaje de NNA que ingresan por primera vez al Sistema de Protección Especial en algún proyecto del departamento, respecto al total de atendidos por el Sistema en el departamento",Florida,2022-S1,total,12.3,porcentaje
8,"Porcentaje de NNA que ingresan por primera vez al Sistema de Protección Especial en algún proyecto del departamento, respecto al total de atendidos por el Sistema en el departamento",Florida,2022-S2,total,10.0,porcentaje
8,"Porcentaje de NNA que ingresan por primera vez al Sistema de Protección Especial en algún proyecto del departamento, respecto al total de atendidos por el Sistema en el departamento",Florida,2023-S1,total,9.8,porcentaje
8,"Porcentaje de NNA que ingresan por primera vez al Sistema de Protección Especial en algún proyecto del departamento, respecto al total de atendidos por el Sistema en el departamento",Florida,2023-S2,total,12.1,porcentaje
8,"Porcentaje de NNA que ingresan por primera vez al Sistema de Protección Especial en algún proyecto del departamento, respecto al total de atendidos por el Sistema en el departamento",Florida,2024-S1,total,8.0,porcentaje
8,"Porcentaje de NNA que ingresan por primera vez al Sistema de Protección Especial en algún proyecto del departamento, respecto al total de atendidos por el Sistema en el departamento",Florida,2024-S2,total,9.5,porcentaje
8,"Porcentaje de NNA que ingresan por primera vez al Sistema de Protección Especial en algún proyecto del departamento, respecto al total de atendidos por el Sistema en el departamento",Florida,2025-S1,total,8.4,porcentaje
8,"Porcentaje de NNA que ingresan por primera vez al Sistema de Protección Especial en algún proyecto del departamento, respecto al total de atendidos por el Sistema en el departamento",Florida,2025-S2,total,6.4,porcentaje
9,Cantidad de NNA que ingresan con trayectoria anterior al Sistema de Protección Especial en el departamento,Florida,2020-S1,total,5.0,cantidad
9,Cantidad de NNA que ingresan con trayectoria anterior al Sistema de Protección Especial en el departamento,Florida,2020-S2,total,2.0,cantidad
9,Cantidad de NNA que ingresan con trayectoria anterior al Sistema de Protección Especial en el departamento,Florida,2021-S1,total,1.0,cantidad
9,Cantidad de NNA que ingresan con trayectoria anterior al Sistema de Protección Especial en el departamento,Florida,2021-S2,total,2.0,cantidad
9,Cantidad de NNA que ingresan con trayectoria anterior al Sistema de Protección Especial en el departamento,Florida,2022-S1,total,3.0,cantidad
9,Cantidad de NNA que ingresan con trayectoria anterior al Sistema de Protección Especial en el departamento,Florida,2022-S2,total,5.0,cantidad
9,Cantidad de NNA que ingresan con trayectoria anterior al Sistema de Protección Especial en el departamento,Florida,2023-S1,total,5.0,cantidad
9,Cantidad de NNA que ingresan con trayectoria anterior al Sistema de Protección Especial en el departamento,Florida,2023-S2,total,6.0,cantidad
9,Cantidad de NNA que ingresan con trayectoria anterior al Sistema de Protección Especial en el departamento,Florida,2024-S1,total,4.0,cantidad
9,Cantidad de NNA que ingresan con trayectoria anterior al Sistema de Protección Especial en el departamento,Florida,2024-S2,total,6.0,cantidad
9,Cantidad de NNA que ingresan con trayectoria anterior al Sistema de Protección Especial en el departamento,Florida,2025-S1,total,3.0,cantidad
9,Cantidad de NNA que ingresan con trayectoria anterior al Sistema de Protección Especial en el departamento,Florida,2025-S2,total,5.0,cantidad
10,Porcentaje de NNA que ingresan con trayectoria anterior al Sistema de Protección Especial en algún proyecto del departamento respecto al total de atendidos por el Sistema en el departamento,Florida,2020-S1,total,2.0,porcentaje
10,Porcentaje de NNA que ingresan con trayectoria anterior al Sistema de Protección Especial en algún proyecto del departamento respecto al total de atendidos por el Sistema en el departamento,Florida,2020-S2,total,0.7,porcentaje
10,Porcentaje de NNA que ingresan con trayectoria anterior al Sistema de Protección Especial en algún proyecto del departamento respecto al total de atendidos por el Sistema en el departamento,Florida,2021-S1,total,0.4,porcentaje
10,Porcentaje de NNA que ingresan con trayectoria anterior al Sistema de Protección Especial en algún proyecto del departamento respecto al total de atendidos por el Sistema en el departamento,Florida,2021-S2,total,0.7,porcentaje
10,Porcentaje de NNA que ingresan con trayectoria anterior al Sistema de Protección Especial en algún proyecto del departamento respecto al total de atendidos por el Sistema en el departamento,Florida,2022-S1,total,1.0,porcentaje
10,Porcentaje de NNA que ingresan con trayectoria anterior al Sistema de Protección Especial en algún proyecto del departamento respecto al total de atendidos por el Sistema en el departamento,Florida,2022-S2,total,1.7,porcentaje
10,Porcentaje de NNA que ingresan con trayectoria anterior al Sistema de Protección Especial en algún proyecto del departamento respecto al total de atendidos por el Sistema en el departamento,Florida,2023-S1,total,1.6,porcentaje
10,Porcentaje de NNA que ingresan con trayectoria anterior al Sistema de Protección Especial en algún proyecto del departamento respecto al total de atendidos por el Sistema en el departamento,Florida,2023-S2,total,1.9,porcentaje
10,Porcentaje de NNA que ingresan con trayectoria anterior al Sistema de Protección Especial en algún proyecto del departamento respecto al total de atendidos por el Sistema en el departamento,Florida,2024-S1,total,1.1,porcentaje
10,Porcentaje de NNA que ingresan con trayectoria anterior al Sistema de Protección Especial en algún proyecto del departamento respecto al total de atendidos por el Sistema en el departamento,Florida,2024-S2,total,1.6,porcentaje
10,Porcentaje de NNA que ingresan con trayectoria anterior al Sistema de Protección Especial en algún proyecto del departamento respecto al total de atendidos por el Sistema en el departamento,Florida,2025-S1,total,0.8,porcentaje
10,Porcentaje de NNA que ingresan con trayectoria anterior al Sistema de Protección Especial en algún proyecto del departamento respecto al total de atendidos por el Sistema en el departamento,Florida,2025-S2,total,1.2,porcentaje
11,Cantidad de NNA que egresan del Sistema de Protección Especial en el departamento,Florida,2020-S1,total,26.0,cantidad
11,Cantidad de NNA que egresan del Sistema de Protección Especial en el departamento,Florida,2020-S2,total,36.0,cantidad
11,Cantidad de NNA que egresan del Sistema de Protección Especial en el departamento,Florida,2021-S1,total,20.0,cantidad
11,Cantidad de NNA que egresan del Sistema de Protección Especial en el departamento,Florida,2021-S2,total,21.0,cantidad
11,Cantidad de NNA que egresan del Sistema de Protección Especial en el departamento,Florida,2022-S1,total,37.0,cantidad
11,Cantidad de NNA que egresan del Sistema de Protección Especial en el departamento,Florida,2022-S2,total,38.0,cantidad
11,Cantidad de NNA que egresan del Sistema de Protección Especial en el departamento,Florida,2023-S1,total,34.0,cantidad
11,Cantidad de NNA que egresan del Sistema de Protección Especial en el departamento,Florida,2023-S2,total,40.0,cantidad
11,Cantidad de NNA que egresan del Sistema de Protección Especial en el departamento,Florida,2024-S1,total,34.0,cantidad
11,Cantidad de NNA que egresan del Sistema de Protección Especial en el departamento,Florida,2024-S2,total,42.0,cantidad
11,Cantidad de NNA que egresan del Sistema de Protección Especial en el departamento,Florida,2025-S1,total,36.0,cantidad
11,Cantidad de NNA que egresan del Sistema de Protección Especial en el departamento,Florida,2025-S2,total,45.0,cantidad
12,Cantidad de NNA que egresan del Sistema de Protección Especial en el departamento según tiempos de permanencia en el Sistema,Florida,2020-S1,total,26.0,cantidad
12,Cantidad de NNA que egresan del Sistema de Protección Especial en el departamento según tiempos de permanencia en el Sistema,Florida,2020-S2,total,36.0,cantidad
12,Cantidad de NNA que egresan del Sistema de Protección Especial en el departamento según tiempos de permanencia en el Sistema,Florida,2021-S1,total,20.0,cantidad
12,Cantidad de NNA que egresan del Sistema de Protección Especial en el departamento según tiempos de permanencia en el Sistema,Florida,2021-S2,total,21.0,cantidad
12,Cantidad de NNA que egresan del Sistema de Protección Especial en el departamento según tiempos de permanencia en el Sistema,Florida,2022-S1,total,37.0,cantidad
12,Cantidad de NNA que egresan del Sistema de Protección Especial en el departamento según tiempos de permanencia en el Sistema,Florida,2022-S2,total,38.0,cantidad
12,Cantidad de NNA que egresan del Sistema de Protección Especial en el departamento según tiempos de permanencia en el Sistema,Florida,2023-S1,total,34.0,cantidad
12,Cantidad de NNA que egresan del Sistema de Protección Especial en el departamento según tiempos de permanencia en el Sistema,Florida,2023-S2,total,40.0,cantidad
12,Cantidad de NNA que egresan del Sistema de Protección Especial en el departamento según tiempos de permanencia en el Sistema,Florida,2024-S1,total,34.0,cantidad
12,Cantidad de NNA que egresan del Sistema de Protección Especial en el departamento según tiempos de permanencia en el Sistema,Florida,2024-S2,total,42.0,cantidad
12,Cantidad de NNA que egresan del Sistema de Protección Especial en el departamento según tiempos de permanencia en el Sistema,Florida,2025-S1,total,36.0,cantidad
12,Cantidad de NNA que egresan del Sistema de Protección Especial en el departamento según tiempos de permanencia en el Sistema,Florida,2025-S2,total,45.0,cantidad
13,Cantidad de NNA que egresan del Sistema de Protección Especial en el departamento según tiempos de permanencia en la intervención,Florida,2020-S1,total,26.0,cantidad
13,Cantidad de NNA que egresan del Sistema de Protección Especial en el departamento según tiempos de permanencia en la intervención,Florida,2020-S2,total,36.0,cantidad
13,Cantidad de NNA que egresan del Sistema de Protección Especial en el departamento según tiempos de permanencia en la intervención,Florida,2021-S1,total,20.0,cantidad
13,Cantidad de NNA que egresan del Sistema de Protección Especial en el departamento según tiempos de permanencia en la intervención,Florida,2021-S2,total,21.0,cantidad
13,Cantidad de NNA que egresan del Sistema de Protección Especial en el departamento según tiempos de permanencia en la intervención,Florida,2022-S1,total,37.0,cantidad
13,Cantidad de NNA que egresan del Sistema de Protección Especial en el departamento según tiempos de permanencia en la intervención,Florida,2022-S2,total,38.0,cantidad
13,Cantidad de NNA que egresan del Sistema de Protección Especial en el departamento según tiempos de permanencia en la intervención,Florida,2023-S1,total,34.0,cantidad
13,Cantidad de NNA que egresan del Sistema de Protección Especial en el departamento según tiempos de permanencia en la intervención,Florida,2023-S2,total,40.0,cantidad
13,Cantidad de NNA que egresan del Sistema de Protección Especial en el departamento según tiempos de permanencia en la intervención,Florida,2024-S1,total,34.0,cantidad
13,Cantidad de NNA que egresan del Sistema de Protección Especial en el departamento según tiempos de permanencia en la intervención,Florida,2024-S2,total,42.0,cantidad
13,Cantidad de NNA que egresan del Sistema de Protección Especial en el departamento según tiempos de permanencia en la intervención,Florida,2025-S1,total,36.0,cantidad
13,Cantidad de NNA que egresan del Sistema de Protección Especial en el departamento según tiempos de permanencia en la intervención,Florida,2025-S2,total,45.0,cantidad
14,Cantidad de NNA que dejan de vivir en residencias en el departamento para vivir con una familia,Florida,2020-S1,total,27.0,cantidad
14,Cantidad de NNA que dejan de vivir en residencias en el departamento para vivir con una familia,Florida,2020-S2,total,36.0,cantidad
14,Cantidad de NNA que dejan de vivir en residencias en el departamento para vivir con una familia,Florida,2021-S1,total,25.0,cantidad
14,Cantidad de NNA que dejan de vivir en residencias en el departamento para vivir con una familia,Florida,2021-S2,total,29.0,cantidad
14,Cantidad de NNA que dejan de vivir en residencias en el departamento para vivir con una familia,Florida,2022-S1,total,30.0,cantidad
14,Cantidad de NNA que dejan de vivir en residencias en el departamento para vivir con una familia,Florida,2022-S2,total,40.0,cantidad
14,Cantidad de NNA que dejan de vivir en residencias en el departamento para vivir con una familia,Florida,2023-S1,total,30.0,cantidad
14,Cantidad de NNA que dejan de vivir en residencias en el departamento para vivir con una familia,Florida,2023-S2,total,35.0,cantidad
14,Cantidad de NNA que dejan de vivir en residencias en el departamento para vivir con una familia,Florida,2024-S1,total,26.0,cantidad
14,Cantidad de NNA que dejan de vivir en residencias en el departamento para vivir con una familia,Florida,2024-S2,total,30.0,cantidad
14,Cantidad de NNA que dejan de vivir en residencias en el departamento para vivir con una familia,Florida,2025-S1,total,40.0,cantidad
14,Cantidad de NNA que dejan de vivir en residencias en el departamento para vivir con una familia,Florida,2025-S2,total,38.0,cantidad
15,Cantidad de NNA con condición de adoptabilidad en el departamento,Florida,2020-S1,total,20.0,cantidad
15,Cantidad de NNA con condición de adoptabilidad en el departamento,Florida,2020-S2,total,21.0,cantidad
15,Cantidad de NNA con condición de adoptabilidad en el departamento,Florida,2021-S1,total,26.0,cantidad
15,Cantidad de NNA con condición de adoptabilidad en el departamento,Florida,2021-S2,total,27.0,cantidad
15,Cantidad de NNA con condición de adoptabilidad en el departamento,Florida,2022-S1,total,25.0,cantidad
15,Cantidad de NNA con condición de adoptabilidad en el departamento,Florida,2022-S2,total,22.0,cantidad
15,Cantidad de NNA con condición de adoptabilidad en el departamento,Florida,2023-S1,total,27.0,cantidad
15,Cantidad de NNA con condición de adoptabilidad en el departamento,Florida,2023-S2,total,30.0,cantidad
15,Cantidad de NNA con condición de adoptabilidad en el departamento,Florida,2024-S1,total,32.0,cantidad
15,Cantidad de NNA con condición de adoptabilidad en el departamento,Florida,2024-S2,total,42.0,cantidad
15,Cantidad de NNA con condición de adoptabilidad en el departamento,Florida,2025-S1,total,35.0,cantidad
15,Cantidad de NNA con condición de adoptabilidad en el departamento,Florida,2025-S2,total,37.0,cantidad
16,"Porcentaje de NNA con condición de adoptabilidad en el departamento, respecto al total de NNA atendidos por el Sistema de Protección Especial en el departamento",Florida,2020-S1,total,7.8,porcentaje
16,"Porcentaje de NNA con condición de adoptabilidad en el departamento, respecto al total de NNA atendidos por el Sistema de Protección Especial en el departamento",Florida,2020-S2,total,7.7,porcentaje
16,"Porcentaje de NNA con condición de adoptabilidad en el departamento, respecto al total de NNA atendidos por el Sistema de Protección Especial en el departamento",Florida,2021-S1,total,9.9,porcentaje
16,"Porcentaje de NNA con condición de adoptabilidad en el departamento, respecto al total de NNA atendidos por el Sistema de Protección Especial en el departamento",Florida,2021-S2,total,9.7,porcentaje
16,"Porcentaje de NNA con condición de adoptabilidad en el departamento, respecto al total de NNA atendidos por el Sistema de Protección Especial en el departamento",Florida,2022-S1,total,8.6,porcentaje
16,"Porcentaje de NNA con condición de adoptabilidad en el departamento, respecto al total de NNA atendidos por el Sistema de Protección Especial en el departamento",Florida,2022-S2,total,7.4,porcentaje
16,"Porcentaje de NNA con condición de adoptabilidad en el departamento, respecto al total de NNA atendidos por el Sistema de Protección Especial en el departamento",Florida,2023-S1,total,8.8,porcentaje
16,"Porcentaje de NNA con condición de adoptabilidad en el departamento, respecto al total de NNA atendidos por el Sistema de Protección Especial en el departamento",Florida,2023-S2,total,9.3,porcentaje
16,"Porcentaje de NNA con condición de adoptabilidad en el departamento, respecto al total de NNA atendidos por el Sistema de Protección Especial en el departamento",Florida,2024-S1,total,9.2,porcentaje
16,"Porcentaje de NNA con condición de adoptabilidad en el departamento, respecto al total de NNA atendidos por el Sistema de Protección Especial en el departamento",Florida,2024-S2,total,11.1,porcentaje
16,"Porcentaje de NNA con condición de adoptabilidad en el departamento, respecto al total de NNA atendidos por el Sistema de Protección Especial en el departamento",Florida,2025-S1,total,8.9,porcentaje
16,"Porcentaje de NNA con condición de adoptabilidad en el departamento, respecto al total de NNA atendidos por el Sistema de Protección Especial en el departamento",Florida,2025-S2,total,8.8,porcentaje
17,Cantidad de NNA con condición de adoptabilidad en el departamento que pasa a seguimiento de tenencia,Florida,2020-S1,total,0.0,cantidad
17,Cantidad de NNA con condición de adoptabilidad en el departamento que pasa a seguimiento de tenencia,Florida,2020-S2,total,0.0,cantidad
17,Cantidad de NNA con condición de adoptabilidad en el departamento que pasa a seguimiento de tenencia,Florida,2021-S1,total,0.0,cantidad
17,Cantidad de NNA con condición de adoptabilidad en el departamento que pasa a seguimiento de tenencia,Florida,2021-S2,total,3.0,cantidad
17,Cantidad de NNA con condición de adoptabilidad en el departamento que pasa a seguimiento de tenencia,Florida,2022-S1,total,4.0,cantidad
17,Cantidad de NNA con condición de adoptabilidad en el departamento que pasa a seguimiento de tenencia,Florida,2022-S2,total,3.0,cantidad
17,Cantidad de NNA con condición de adoptabilidad en el departamento que pasa a seguimiento de tenencia,Florida,2023-S1,total,1.0,cantidad
17,Cantidad de NNA con condición de adoptabilidad en el departamento que pasa a seguimiento de tenencia,Florida,2023-S2,total,3.0,cantidad
17,Cantidad de NNA con condición de adoptabilidad en el departamento que pasa a seguimiento de tenencia,Florida,2024-S1,total,2.0,cantidad
17,Cantidad de NNA con condición de adoptabilidad en el departamento que pasa a seguimiento de tenencia,Florida,2024-S2,total,9.0,cantidad
17,Cantidad de NNA con condición de adoptabilidad en el departamento que pasa a seguimiento de tenencia,Florida,2025-S1,total,3.0,cantidad
17,Cantidad de NNA con condición de adoptabilidad en el departamento que pasa a seguimiento de tenencia,Florida,2025-S2,total,6.0,cantidad
19,Cantidad de NNA atendidos por el Sistema de Protección Especial en el departamento que tiene Proyecto de Atención Integral (PAI),Florida,2020-S1,total,1.0,cantidad
19,Cantidad de NNA atendidos por el Sistema de Protección Especial en el departamento que tiene Proyecto de Atención Integral (PAI),Florida,2020-S2,total,0.0,cantidad
19,Cantidad de NNA atendidos por el Sistema de Protección Especial en el departamento que tiene Proyecto de Atención Integral (PAI),Florida,2021-S1,total,1.0,cantidad
19,Cantidad de NNA atendidos por el Sistema de Protección Especial en el departamento que tiene Proyecto de Atención Integral (PAI),Florida,2021-S2,total,2.0,cantidad
19,Cantidad de NNA atendidos por el Sistema de Protección Especial en el departamento que tiene Proyecto de Atención Integral (PAI),Florida,2022-S1,total,0.0,cantidad
19,Cantidad de NNA atendidos por el Sistema de Protección Especial en el departamento que tiene Proyecto de Atención Integral (PAI),Florida,2022-S2,total,0.0,cantidad
19,Cantidad de NNA atendidos por el Sistema de Protección Especial en el departamento que tiene Proyecto de Atención Integral (PAI),Florida,2023-S1,total,0.0,cantidad
19,Cantidad de NNA atendidos por el Sistema de Protección Especial en el departamento que tiene Proyecto de Atención Integral (PAI),Florida,2023-S2,total,0.0,cantidad
19,Cantidad de NNA atendidos por el Sistema de Protección Especial en el departamento que tiene Proyecto de Atención Integral (PAI),Florida,2024-S1,total,0.0,cantidad
19,Cantidad de NNA atendidos por el Sistema de Protección Especial en el departamento que tiene Proyecto de Atención Integral (PAI),Florida,2024-S2,total,0.0,cantidad
19,Cantidad de NNA atendidos por el Sistema de Protección Especial en el departamento que tiene Proyecto de Atención Integral (PAI),Florida,2025-S1,total,1.0,cantidad
19,Cantidad de NNA atendidos por el Sistema de Protección Especial en el departamento que tiene Proyecto de Atención Integral (PAI),Florida,2025-S2,total,0.0,cantidad
20,"Cantidad de NN de 0 a 5 años atendidos por el Sistema de Protección Especial en el departamento, inscriptos en centros de educación y cuidado",Florida,2021-S1,total,35.0,cantidad
20,"Cantidad de NN de 0 a 5 años atendidos por el Sistema de Protección Especial en el departamento, inscriptos en centros de educación y cuidado",Florida,2021-S2,total,32.0,cantidad
20,"Cantidad de NN de 0 a 5 años atendidos por el Sistema de Protección Especial en el departamento, inscriptos en centros de educación y cuidado",Florida,2022-S1,total,29.0,cantidad
20,"Cantidad de NN de 0 a 5 años atendidos por el Sistema de Protección Especial en el departamento, inscriptos en centros de educación y cuidado",Florida,2022-S2,total,36.0,cantidad
20,"Cantidad de NN de 0 a 5 años atendidos por el Sistema de Protección Especial en el departamento, inscriptos en centros de educación y cuidado",Florida,2023-S1,total,51.0,cantidad
20,"Cantidad de NN de 0 a 5 años atendidos por el Sistema de Protección Especial en el departamento, inscriptos en centros de educación y cuidado",Florida,2023-S2,total,49.0,cantidad
20,"Cantidad de NN de 0 a 5 años atendidos por el Sistema de Protección Especial en el departamento, inscriptos en centros de educación y cuidado",Florida,2024-S1,total,47.0,cantidad
20,"Cantidad de NN de 0 a 5 años atendidos por el Sistema de Protección Especial en el departamento, inscriptos en centros de educación y cuidado",Florida,2024-S2,total,45.0,cantidad
20,"Cantidad de NN de 0 a 5 años atendidos por el Sistema de Protección Especial en el departamento, inscriptos en centros de educación y cuidado",Florida,2025-S1,total,51.0,cantidad
20,"Cantidad de NN de 0 a 5 años atendidos por el Sistema de Protección Especial en el departamento, inscriptos en centros de educación y cuidado",Florida,2025-S2,total,46.0,cantidad
21,"Cantidad de NNA de 6 a 17 años atendidos por el Sistema de Protección Especial en el departamento, inscriptos en centros de educación formal",Florida,2021-S1,total,182.0,cantidad
21,"Cantidad de NNA de 6 a 17 años atendidos por el Sistema de Protección Especial en el departamento, inscriptos en centros de educación formal",Florida,2021-S2,total,206.0,cantidad
21,"Cantidad de NNA de 6 a 17 años atendidos por el Sistema de Protección Especial en el departamento, inscriptos en centros de educación formal",Florida,2022-S1,total,208.0,cantidad
21,"Cantidad de NNA de 6 a 17 años atendidos por el Sistema de Protección Especial en el departamento, inscriptos en centros de educación formal",Florida,2022-S2,total,210.0,cantidad
21,"Cantidad de NNA de 6 a 17 años atendidos por el Sistema de Protección Especial en el departamento, inscriptos en centros de educación formal",Florida,2023-S1,total,190.0,cantidad
21,"Cantidad de NNA de 6 a 17 años atendidos por el Sistema de Protección Especial en el departamento, inscriptos en centros de educación formal",Florida,2023-S2,total,216.0,cantidad
21,"Cantidad de NNA de 6 a 17 años atendidos por el Sistema de Protección Especial en el departamento, inscriptos en centros de educación formal",Florida,2024-S1,total,215.0,cantidad
21,"Cantidad de NNA de 6 a 17 años atendidos por el Sistema de Protección Especial en el departamento, inscriptos en centros de educación formal",Florida,2024-S2,total,231.0,cantidad
21,"Cantidad de NNA de 6 a 17 años atendidos por el Sistema de Protección Especial en el departamento, inscriptos en centros de educación formal",Florida,2025-S1,total,230.0,cantidad
21,"Cantidad de NNA de 6 a 17 años atendidos por el Sistema de Protección Especial en el departamento, inscriptos en centros de educación formal",Florida,2025-S2,total,234.0,cantidad
23,Cantidad de NNA atendidos por el Sistema de Protección Especial en el departamento con controles médicos al día,Florida,2020-S1,total,206.0,cantidad
23,Cantidad de NNA atendidos por el Sistema de Protección Especial en el departamento con controles médicos al día,Florida,2020-S2,total,179.0,cantidad
23,Cantidad de NNA atendidos por el Sistema de Protección Especial en el departamento con controles médicos al día,Florida,2021-S1,total,231.0,cantidad
23,Cantidad de NNA atendidos por el Sistema de Protección Especial en el departamento con controles médicos al día,Florida,2021-S2,total,241.0,cantidad
23,Cantidad de NNA atendidos por el Sistema de Protección Especial en el departamento con controles médicos al día,Florida,2022-S1,total,238.0,cantidad
23,Cantidad de NNA atendidos por el Sistema de Protección Especial en el departamento con controles médicos al día,Florida,2022-S2,total,217.0,cantidad
23,Cantidad de NNA atendidos por el Sistema de Protección Especial en el departamento con controles médicos al día,Florida,2023-S1,total,231.0,cantidad
23,Cantidad de NNA atendidos por el Sistema de Protección Especial en el departamento con controles médicos al día,Florida,2023-S2,total,157.0,cantidad
23,Cantidad de NNA atendidos por el Sistema de Protección Especial en el departamento con controles médicos al día,Florida,2024-S1,total,229.0,cantidad
23,Cantidad de NNA atendidos por el Sistema de Protección Especial en el departamento con controles médicos al día,Florida,2024-S2,total,199.0,cantidad
23,Cantidad de NNA atendidos por el Sistema de Protección Especial en el departamento con controles médicos al día,Florida,2025-S1,total,237.0,cantidad
23,Cantidad de NNA atendidos por el Sistema de Protección Especial en el departamento con controles médicos al día,Florida,2025-S2,total,198.0,cantidad
24,Cantidad de NNA atendidos por el Sistema de Protección Especial en el departamento con vacunas al día,Florida,2020-S1,total,228.0,cantidad
24,Cantidad de NNA atendidos por el Sistema de Protección Especial en el departamento con vacunas al día,Florida,2020-S2,total,220.0,cantidad
24,Cantidad de NNA atendidos por el Sistema de Protección Especial en el departamento con vacunas al día,Florida,2021-S1,total,244.0,cantidad
24,Cantidad de NNA atendidos por el Sistema de Protección Especial en el departamento con vacunas al día,Florida,2021-S2,total,249.0,cantidad
24,Cantidad de NNA atendidos por el Sistema de Protección Especial en el departamento con vacunas al día,Florida,2022-S1,total,246.0,cantidad
24,Cantidad de NNA atendidos por el Sistema de Protección Especial en el departamento con vacunas al día,Florida,2022-S2,total,254.0,cantidad
24,Cantidad de NNA atendidos por el Sistema de Protección Especial en el departamento con vacunas al día,Florida,2023-S1,total,259.0,cantidad
24,Cantidad de NNA atendidos por el Sistema de Protección Especial en el departamento con vacunas al día,Florida,2023-S2,total,252.0,cantidad
24,Cantidad de NNA atendidos por el Sistema de Protección Especial en el departamento con vacunas al día,Florida,2024-S1,total,279.0,cantidad
24,Cantidad de NNA atendidos por el Sistema de Protección Especial en el departamento con vacunas al día,Florida,2024-S2,total,276.0,cantidad
24,Cantidad de NNA atendidos por el Sistema de Protección Especial en el departamento con vacunas al día,Florida,2025-S1,total,277.0,cantidad
24,Cantidad de NNA atendidos por el Sistema de Protección Especial en el departamento con vacunas al día,Florida,2025-S2,total,261.0,cantidad
1,Cantidad de NNA atendidos en algún proyecto del Sistema de Protección Especial del departamento,Lavalleja,2020-S1,total,98.0,cantidad
1,Cantidad de NNA atendidos en algún proyecto del Sistema de Protección Especial del departamento,Lavalleja,2020-S2,total,97.0,cantidad
1,Cantidad de NNA atendidos en algún proyecto del Sistema de Protección Especial del departamento,Lavalleja,2021-S1,total,91.0,cantidad
1,Cantidad de NNA atendidos en algún proyecto del Sistema de Protección Especial del departamento,Lavalleja,2021-S2,total,81.0,cantidad
1,Cantidad de NNA atendidos en algún proyecto del Sistema de Protección Especial del departamento,Lavalleja,2022-S1,total,85.0,cantidad
1,Cantidad de NNA atendidos en algún proyecto del Sistema de Protección Especial del departamento,Lavalleja,2022-S2,total,83.0,cantidad
1,Cantidad de NNA atendidos en algún proyecto del Sistema de Protección Especial del departamento,Lavalleja,2023-S1,total,94.0,cantidad
1,Cantidad de NNA atendidos en algún proyecto del Sistema de Protección Especial del departamento,Lavalleja,2023-S2,total,108.0,cantidad
1,Cantidad de NNA atendidos en algún proyecto del Sistema de Protección Especial del departamento,Lavalleja,2024-S1,total,105.0,cantidad
1,Cantidad de NNA atendidos en algún proyecto del Sistema de Protección Especial del departamento,Lavalleja,2024-S2,total,99.0,cantidad
1,Cantidad de NNA atendidos en algún proyecto del Sistema de Protección Especial del departamento,Lavalleja,2025-S1,total,107.0,cantidad
1,Cantidad de NNA atendidos en algún proyecto del Sistema de Protección Especial del departamento,Lavalleja,2025-S2,total,101.0,cantidad
2,Porcentaje de NNA atendidos en algún proyecto del Sistema de Protección Especial del departamento respecto a la población total INAU del departamento,Lavalleja,2020-S1,total,6.4,porcentaje
2,Porcentaje de NNA atendidos en algún proyecto del Sistema de Protección Especial del departamento respecto a la población total INAU del departamento,Lavalleja,2020-S2,total,6.3,porcentaje
2,Porcentaje de NNA atendidos en algún proyecto del Sistema de Protección Especial del departamento respecto a la población total INAU del departamento,Lavalleja,2021-S1,total,6.0,porcentaje
2,Porcentaje de NNA atendidos en algún proyecto del Sistema de Protección Especial del departamento respecto a la población total INAU del departamento,Lavalleja,2021-S2,total,5.3,porcentaje
2,Porcentaje de NNA atendidos en algún proyecto del Sistema de Protección Especial del departamento respecto a la población total INAU del departamento,Lavalleja,2022-S1,total,5.7,porcentaje
2,Porcentaje de NNA atendidos en algún proyecto del Sistema de Protección Especial del departamento respecto a la población total INAU del departamento,Lavalleja,2022-S2,total,5.3,porcentaje
2,Porcentaje de NNA atendidos en algún proyecto del Sistema de Protección Especial del departamento respecto a la población total INAU del departamento,Lavalleja,2023-S1,total,5.9,porcentaje
2,Porcentaje de NNA atendidos en algún proyecto del Sistema de Protección Especial del departamento respecto a la población total INAU del departamento,Lavalleja,2023-S2,total,6.7,porcentaje
2,Porcentaje de NNA atendidos en algún proyecto del Sistema de Protección Especial del departamento respecto a la población total INAU del departamento,Lavalleja,2024-S1,total,6.7,porcentaje
2,Porcentaje de NNA atendidos en algún proyecto del Sistema de Protección Especial del departamento respecto a la población total INAU del departamento,Lavalleja,2024-S2,total,6.3,porcentaje
2,Porcentaje de NNA atendidos en algún proyecto del Sistema de Protección Especial del departamento respecto a la población total INAU del departamento,Lavalleja,2025-S1,total,6.6,porcentaje
2,Porcentaje de NNA atendidos en algún proyecto del Sistema de Protección Especial del departamento respecto a la población total INAU del departamento,Lavalleja,2025-S2,total,6.2,porcentaje
5,Cantidad de NNA en el Sistema de Protección Especial del departamento que viven en residencia,Lavalleja,2020-S1,total,39.0,cantidad
5,Cantidad de NNA en el Sistema de Protección Especial del departamento que viven en residencia,Lavalleja,2020-S2,total,39.0,cantidad
5,Cantidad de NNA en el Sistema de Protección Especial del departamento que viven en residencia,Lavalleja,2021-S1,total,38.0,cantidad
5,Cantidad de NNA en el Sistema de Protección Especial del departamento que viven en residencia,Lavalleja,2021-S2,total,31.0,cantidad
5,Cantidad de NNA en el Sistema de Protección Especial del departamento que viven en residencia,Lavalleja,2022-S1,total,38.0,cantidad
5,Cantidad de NNA en el Sistema de Protección Especial del departamento que viven en residencia,Lavalleja,2022-S2,total,39.0,cantidad
5,Cantidad de NNA en el Sistema de Protección Especial del departamento que viven en residencia,Lavalleja,2023-S1,total,42.0,cantidad
5,Cantidad de NNA en el Sistema de Protección Especial del departamento que viven en residencia,Lavalleja,2023-S2,total,53.0,cantidad
5,Cantidad de NNA en el Sistema de Protección Especial del departamento que viven en residencia,Lavalleja,2024-S1,total,59.0,cantidad
5,Cantidad de NNA en el Sistema de Protección Especial del departamento que viven en residencia,Lavalleja,2024-S2,total,51.0,cantidad
5,Cantidad de NNA en el Sistema de Protección Especial del departamento que viven en residencia,Lavalleja,2025-S1,total,57.0,cantidad
5,Cantidad de NNA en el Sistema de Protección Especial del departamento que viven en residencia,Lavalleja,2025-S2,total,54.0,cantidad
6,Cantidad de NNA en el Sistema de Protección Especial del departamento que viven en contexto familiar,Lavalleja,2020-S1,total,59.0,cantidad
6,Cantidad de NNA en el Sistema de Protección Especial del departamento que viven en contexto familiar,Lavalleja,2020-S2,total,58.0,cantidad
6,Cantidad de NNA en el Sistema de Protección Especial del departamento que viven en contexto familiar,Lavalleja,2021-S1,total,53.0,cantidad
6,Cantidad de NNA en el Sistema de Protección Especial del departamento que viven en contexto familiar,Lavalleja,2021-S2,total,50.0,cantidad
6,Cantidad de NNA en el Sistema de Protección Especial del departamento que viven en contexto familiar,Lavalleja,2022-S1,total,47.0,cantidad
6,Cantidad de NNA en el Sistema de Protección Especial del departamento que viven en contexto familiar,Lavalleja,2022-S2,total,44.0,cantidad
6,Cantidad de NNA en el Sistema de Protección Especial del departamento que viven en contexto familiar,Lavalleja,2023-S1,total,52.0,cantidad
6,Cantidad de NNA en el Sistema de Protección Especial del departamento que viven en contexto familiar,Lavalleja,2023-S2,total,55.0,cantidad
6,Cantidad de NNA en el Sistema de Protección Especial del departamento que viven en contexto familiar,Lavalleja,2024-S1,total,46.0,cantidad
6,Cantidad de NNA en el Sistema de Protección Especial del departamento que viven en contexto familiar,Lavalleja,2024-S2,total,48.0,cantidad
6,Cantidad de NNA en el Sistema de Protección Especial del departamento que viven en contexto familiar,Lavalleja,2025-S1,total,50.0,cantidad
6,Cantidad de NNA en el Sistema de Protección Especial del departamento que viven en contexto familiar,Lavalleja,2025-S2,total,47.0,cantidad
7,Cantidad de NNA en el departamento que ingresan por primera vez al Sistema de Protección Especial,Lavalleja,2020-S1,total,17.0,cantidad
7,Cantidad de NNA en el departamento que ingresan por primera vez al Sistema de Protección Especial,Lavalleja,2020-S2,total,13.0,cantidad
7,Cantidad de NNA en el departamento que ingresan por primera vez al Sistema de Protección Especial,Lavalleja,2021-S1,total,14.0,cantidad
7,Cantidad de NNA en el departamento que ingresan por primera vez al Sistema de Protección Especial,Lavalleja,2021-S2,total,9.0,cantidad
7,Cantidad de NNA en el departamento que ingresan por primera vez al Sistema de Protección Especial,Lavalleja,2022-S1,total,13.0,cantidad
7,Cantidad de NNA en el departamento que ingresan por primera vez al Sistema de Protección Especial,Lavalleja,2022-S2,total,17.0,cantidad
7,Cantidad de NNA en el departamento que ingresan por primera vez al Sistema de Protección Especial,Lavalleja,2023-S1,total,20.0,cantidad
7,Cantidad de NNA en el departamento que ingresan por primera vez al Sistema de Protección Especial,Lavalleja,2023-S2,total,17.0,cantidad
7,Cantidad de NNA en el departamento que ingresan por primera vez al Sistema de Protección Especial,Lavalleja,2024-S1,total,20.0,cantidad
7,Cantidad de NNA en el departamento que ingresan por primera vez al Sistema de Protección Especial,Lavalleja,2024-S2,total,13.0,cantidad
7,Cantidad de NNA en el departamento que ingresan por primera vez al Sistema de Protección Especial,Lavalleja,2025-S1,total,14.0,cantidad
7,Cantidad de NNA en el departamento que ingresan por primera vez al Sistema de Protección Especial,Lavalleja,2025-S2,total,6.0,cantidad
8,"Porcentaje de NNA que ingresan por primera vez al Sistema de Protección Especial en algún proyecto del departamento, respecto al total de atendidos por el Sistema en el departamento",Lavalleja,2020-S1,total,16.5,porcentaje
8,"Porcentaje de NNA que ingresan por primera vez al Sistema de Protección Especial en algún proyecto del departamento, respecto al total de atendidos por el Sistema en el departamento",Lavalleja,2020-S2,total,11.9,porcentaje
8,"Porcentaje de NNA que ingresan por primera vez al Sistema de Protección Especial en algún proyecto del departamento, respecto al total de atendidos por el Sistema en el departamento",Lavalleja,2021-S1,total,13.2,porcentaje
8,"Porcentaje de NNA que ingresan por primera vez al Sistema de Protección Especial en algún proyecto del departamento, respecto al total de atendidos por el Sistema en el departamento",Lavalleja,2021-S2,total,8.8,porcentaje
8,"Porcentaje de NNA que ingresan por primera vez al Sistema de Protección Especial en algún proyecto del departamento, respecto al total de atendidos por el Sistema en el departamento",Lavalleja,2022-S1,total,13.4,porcentaje
8,"Porcentaje de NNA que ingresan por primera vez al Sistema de Protección Especial en algún proyecto del departamento, respecto al total de atendidos por el Sistema en el departamento",Lavalleja,2022-S2,total,17.2,porcentaje
8,"Porcentaje de NNA que ingresan por primera vez al Sistema de Protección Especial en algún proyecto del departamento, respecto al total de atendidos por el Sistema en el departamento",Lavalleja,2023-S1,total,18.3,porcentaje
8,"Porcentaje de NNA que ingresan por primera vez al Sistema de Protección Especial en algún proyecto del departamento, respecto al total de atendidos por el Sistema en el departamento",Lavalleja,2023-S2,total,14.5,porcentaje
8,"Porcentaje de NNA que ingresan por primera vez al Sistema de Protección Especial en algún proyecto del departamento, respecto al total de atendidos por el Sistema en el departamento",Lavalleja,2024-S1,total,14.6,porcentaje
8,"Porcentaje de NNA que ingresan por primera vez al Sistema de Protección Especial en algún proyecto del departamento, respecto al total de atendidos por el Sistema en el departamento",Lavalleja,2024-S2,total,10.6,porcentaje
8,"Porcentaje de NNA que ingresan por primera vez al Sistema de Protección Especial en algún proyecto del departamento, respecto al total de atendidos por el Sistema en el departamento",Lavalleja,2025-S1,total,11.3,porcentaje
8,"Porcentaje de NNA que ingresan por primera vez al Sistema de Protección Especial en algún proyecto del departamento, respecto al total de atendidos por el Sistema en el departamento",Lavalleja,2025-S2,total,5.2,porcentaje
9,Cantidad de NNA que ingresan con trayectoria anterior al Sistema de Protección Especial en el departamento,Lavalleja,2020-S1,total,3.0,cantidad
9,Cantidad de NNA que ingresan con trayectoria anterior al Sistema de Protección Especial en el departamento,Lavalleja,2020-S2,total,1.0,cantidad
9,Cantidad de NNA que ingresan con trayectoria anterior al Sistema de Protección Especial en el departamento,Lavalleja,2021-S1,total,0.0,cantidad
9,Cantidad de NNA que ingresan con trayectoria anterior al Sistema de Protección Especial en el departamento,Lavalleja,2021-S2,total,1.0,cantidad
9,Cantidad de NNA que ingresan con trayectoria anterior al Sistema de Protección Especial en el departamento,Lavalleja,2022-S1,total,3.0,cantidad
9,Cantidad de NNA que ingresan con trayectoria anterior al Sistema de Protección Especial en el departamento,Lavalleja,2022-S2,total,1.0,cantidad
9,Cantidad de NNA que ingresan con trayectoria anterior al Sistema de Protección Especial en el departamento,Lavalleja,2023-S1,total,3.0,cantidad
9,Cantidad de NNA que ingresan con trayectoria anterior al Sistema de Protección Especial en el departamento,Lavalleja,2023-S2,total,1.0,cantidad
9,Cantidad de NNA que ingresan con trayectoria anterior al Sistema de Protección Especial en el departamento,Lavalleja,2024-S1,total,4.0,cantidad
9,Cantidad de NNA que ingresan con trayectoria anterior al Sistema de Protección Especial en el departamento,Lavalleja,2024-S2,total,1.0,cantidad
9,Cantidad de NNA que ingresan con trayectoria anterior al Sistema de Protección Especial en el departamento,Lavalleja,2025-S1,total,0.0,cantidad
9,Cantidad de NNA que ingresan con trayectoria anterior al Sistema de Protección Especial en el departamento,Lavalleja,2025-S2,total,6.0,cantidad
10,Porcentaje de NNA que ingresan con trayectoria anterior al Sistema de Protección Especial en algún proyecto del departamento respecto al total de atendidos por el Sistema en el departamento,Lavalleja,2020-S1,total,2.9,porcentaje
10,Porcentaje de NNA que ingresan con trayectoria anterior al Sistema de Protección Especial en algún proyecto del departamento respecto al total de atendidos por el Sistema en el departamento,Lavalleja,2020-S2,total,0.9,porcentaje
10,Porcentaje de NNA que ingresan con trayectoria anterior al Sistema de Protección Especial en algún proyecto del departamento respecto al total de atendidos por el Sistema en el departamento,Lavalleja,2021-S1,total,0.0,porcentaje
10,Porcentaje de NNA que ingresan con trayectoria anterior al Sistema de Protección Especial en algún proyecto del departamento respecto al total de atendidos por el Sistema en el departamento,Lavalleja,2021-S2,total,1.0,porcentaje
10,Porcentaje de NNA que ingresan con trayectoria anterior al Sistema de Protección Especial en algún proyecto del departamento respecto al total de atendidos por el Sistema en el departamento,Lavalleja,2022-S1,total,3.1,porcentaje
10,Porcentaje de NNA que ingresan con trayectoria anterior al Sistema de Protección Especial en algún proyecto del departamento respecto al total de atendidos por el Sistema en el departamento,Lavalleja,2022-S2,total,1.0,porcentaje
10,Porcentaje de NNA que ingresan con trayectoria anterior al Sistema de Protección Especial en algún proyecto del departamento respecto al total de atendidos por el Sistema en el departamento,Lavalleja,2023-S1,total,2.8,porcentaje
10,Porcentaje de NNA que ingresan con trayectoria anterior al Sistema de Protección Especial en algún proyecto del departamento respecto al total de atendidos por el Sistema en el departamento,Lavalleja,2023-S2,total,0.9,porcentaje
10,Porcentaje de NNA que ingresan con trayectoria anterior al Sistema de Protección Especial en algún proyecto del departamento respecto al total de atendidos por el Sistema en el departamento,Lavalleja,2024-S1,total,2.9,porcentaje
10,Porcentaje de NNA que ingresan con trayectoria anterior al Sistema de Protección Especial en algún proyecto del departamento respecto al total de atendidos por el Sistema en el departamento,Lavalleja,2024-S2,total,0.8,porcentaje
10,Porcentaje de NNA que ingresan con trayectoria anterior al Sistema de Protección Especial en algún proyecto del departamento respecto al total de atendidos por el Sistema en el departamento,Lavalleja,2025-S1,total,0.0,porcentaje
10,Porcentaje de NNA que ingresan con trayectoria anterior al Sistema de Protección Especial en algún proyecto del departamento respecto al total de atendidos por el Sistema en el departamento,Lavalleja,2025-S2,total,5.2,porcentaje
11,Cantidad de NNA que egresan del Sistema de Protección Especial en el departamento,Lavalleja,2020-S1,total,5.0,cantidad
11,Cantidad de NNA que egresan del Sistema de Protección Especial en el departamento,Lavalleja,2020-S2,total,18.0,cantidad
11,Cantidad de NNA que egresan del Sistema de Protección Especial en el departamento,Lavalleja,2021-S1,total,13.0,cantidad
11,Cantidad de NNA que egresan del Sistema de Protección Especial en el departamento,Lavalleja,2021-S2,total,19.0,cantidad
11,Cantidad de NNA que egresan del Sistema de Protección Especial en el departamento,Lavalleja,2022-S1,total,13.0,cantidad
11,Cantidad de NNA que egresan del Sistema de Protección Especial en el departamento,Lavalleja,2022-S2,total,19.0,cantidad
11,Cantidad de NNA que egresan del Sistema de Protección Especial en el departamento,Lavalleja,2023-S1,total,11.0,cantidad
11,Cantidad de NNA que egresan del Sistema de Protección Especial en el departamento,Lavalleja,2023-S2,total,7.0,cantidad
11,Cantidad de NNA que egresan del Sistema de Protección Especial en el departamento,Lavalleja,2024-S1,total,26.0,cantidad
11,Cantidad de NNA que egresan del Sistema de Protección Especial en el departamento,Lavalleja,2024-S2,total,17.0,cantidad
11,Cantidad de NNA que egresan del Sistema de Protección Especial en el departamento,Lavalleja,2025-S1,total,16.0,cantidad
11,Cantidad de NNA que egresan del Sistema de Protección Especial en el departamento,Lavalleja,2025-S2,total,20.0,cantidad
12,Cantidad de NNA que egresan del Sistema de Protección Especial en el departamento según tiempos de permanencia en el Sistema,Lavalleja,2020-S1,total,5.0,cantidad
12,Cantidad de NNA que egresan del Sistema de Protección Especial en el departamento según tiempos de permanencia en el Sistema,Lavalleja,2020-S2,total,18.0,cantidad
12,Cantidad de NNA que egresan del Sistema de Protección Especial en el departamento según tiempos de permanencia en el Sistema,Lavalleja,2021-S1,total,13.0,cantidad
12,Cantidad de NNA que egresan del Sistema de Protección Especial en el departamento según tiempos de permanencia en el Sistema,Lavalleja,2021-S2,total,19.0,cantidad
12,Cantidad de NNA que egresan del Sistema de Protección Especial en el departamento según tiempos de permanencia en el Sistema,Lavalleja,2022-S1,total,13.0,cantidad
12,Cantidad de NNA que egresan del Sistema de Protección Especial en el departamento según tiempos de permanencia en el Sistema,Lavalleja,2022-S2,total,19.0,cantidad
12,Cantidad de NNA que egresan del Sistema de Protección Especial en el departamento según tiempos de permanencia en el Sistema,Lavalleja,2023-S1,total,11.0,cantidad
12,Cantidad de NNA que egresan del Sistema de Protección Especial en el departamento según tiempos de permanencia en el Sistema,Lavalleja,2023-S2,total,7.0,cantidad
12,Cantidad de NNA que egresan del Sistema de Protección Especial en el departamento según tiempos de permanencia en el Sistema,Lavalleja,2024-S1,total,26.0,cantidad
12,Cantidad de NNA que egresan del Sistema de Protección Especial en el departamento según tiempos de permanencia en el Sistema,Lavalleja,2024-S2,total,17.0,cantidad
12,Cantidad de NNA que egresan del Sistema de Protección Especial en el departamento según tiempos de permanencia en el Sistema,Lavalleja,2025-S1,total,16.0,cantidad
12,Cantidad de NNA que egresan del Sistema de Protección Especial en el departamento según tiempos de permanencia en el Sistema,Lavalleja,2025-S2,total,20.0,cantidad
13,Cantidad de NNA que egresan del Sistema de Protección Especial en el departamento según tiempos de permanencia en la intervención,Lavalleja,2020-S1,total,5.0,cantidad
13,Cantidad de NNA que egresan del Sistema de Protección Especial en el departamento según tiempos de permanencia en la intervención,Lavalleja,2020-S2,total,18.0,cantidad
13,Cantidad de NNA que egresan del Sistema de Protección Especial en el departamento según tiempos de permanencia en la intervención,Lavalleja,2021-S1,total,13.0,cantidad
13,Cantidad de NNA que egresan del Sistema de Protección Especial en el departamento según tiempos de permanencia en la intervención,Lavalleja,2021-S2,total,19.0,cantidad
13,Cantidad de NNA que egresan del Sistema de Protección Especial en el departamento según tiempos de permanencia en la intervención,Lavalleja,2022-S1,total,13.0,cantidad
13,Cantidad de NNA que egresan del Sistema de Protección Especial en el departamento según tiempos de permanencia en la intervención,Lavalleja,2022-S2,total,19.0,cantidad
13,Cantidad de NNA que egresan del Sistema de Protección Especial en el departamento según tiempos de permanencia en la intervención,Lavalleja,2023-S1,total,11.0,cantidad
13,Cantidad de NNA que egresan del Sistema de Protección Especial en el departamento según tiempos de permanencia en la intervención,Lavalleja,2023-S2,total,7.0,cantidad
13,Cantidad de NNA que egresan del Sistema de Protección Especial en el departamento según tiempos de permanencia en la intervención,Lavalleja,2024-S1,total,26.0,cantidad
13,Cantidad de NNA que egresan del Sistema de Protección Especial en el departamento según tiempos de permanencia en la intervención,Lavalleja,2024-S2,total,17.0,cantidad
13,Cantidad de NNA que egresan del Sistema de Protección Especial en el departamento según tiempos de permanencia en la intervención,Lavalleja,2025-S1,total,16.0,cantidad
13,Cantidad de NNA que egresan del Sistema de Protección Especial en el departamento según tiempos de permanencia en la intervención,Lavalleja,2025-S2,total,20.0,cantidad
14,Cantidad de NNA que dejan de vivir en residencias en el departamento para vivir con una familia,Lavalleja,2020-S1,total,8.0,cantidad
14,Cantidad de NNA que dejan de vivir en residencias en el departamento para vivir con una familia,Lavalleja,2020-S2,total,17.0,cantidad
14,Cantidad de NNA que dejan de vivir en residencias en el departamento para vivir con una familia,Lavalleja,2021-S1,total,5.0,cantidad
14,Cantidad de NNA que dejan de vivir en residencias en el departamento para vivir con una familia,Lavalleja,2021-S2,total,10.0,cantidad
14,Cantidad de NNA que dejan de vivir en residencias en el departamento para vivir con una familia,Lavalleja,2022-S1,total,5.0,cantidad
14,Cantidad de NNA que dejan de vivir en residencias en el departamento para vivir con una familia,Lavalleja,2022-S2,total,10.0,cantidad
14,Cantidad de NNA que dejan de vivir en residencias en el departamento para vivir con una familia,Lavalleja,2023-S1,total,16.0,cantidad
14,Cantidad de NNA que dejan de vivir en residencias en el departamento para vivir con una familia,Lavalleja,2023-S2,total,5.0,cantidad
14,Cantidad de NNA que dejan de vivir en residencias en el departamento para vivir con una familia,Lavalleja,2024-S1,total,17.0,cantidad
14,Cantidad de NNA que dejan de vivir en residencias en el departamento para vivir con una familia,Lavalleja,2024-S2,total,16.0,cantidad
14,Cantidad de NNA que dejan de vivir en residencias en el departamento para vivir con una familia,Lavalleja,2025-S1,total,11.0,cantidad
14,Cantidad de NNA que dejan de vivir en residencias en el departamento para vivir con una familia,Lavalleja,2025-S2,total,8.0,cantidad
15,Cantidad de NNA con condición de adoptabilidad en el departamento,Lavalleja,2020-S1,total,9.0,cantidad
15,Cantidad de NNA con condición de adoptabilidad en el departamento,Lavalleja,2020-S2,total,15.0,cantidad
15,Cantidad de NNA con condición de adoptabilidad en el departamento,Lavalleja,2021-S1,total,9.0,cantidad
15,Cantidad de NNA con condición de adoptabilidad en el departamento,Lavalleja,2021-S2,total,10.0,cantidad
15,Cantidad de NNA con condición de adoptabilidad en el departamento,Lavalleja,2022-S1,total,13.0,cantidad
15,Cantidad de NNA con condición de adoptabilidad en el departamento,Lavalleja,2022-S2,total,12.0,cantidad
15,Cantidad de NNA con condición de adoptabilidad en el departamento,Lavalleja,2023-S1,total,12.0,cantidad
15,Cantidad de NNA con condición de adoptabilidad en el departamento,Lavalleja,2023-S2,total,13.0,cantidad
15,Cantidad de NNA con condición de adoptabilidad en el departamento,Lavalleja,2024-S1,total,14.0,cantidad
15,Cantidad de NNA con condición de adoptabilidad en el departamento,Lavalleja,2024-S2,total,17.0,cantidad
15,Cantidad de NNA con condición de adoptabilidad en el departamento,Lavalleja,2025-S1,total,23.0,cantidad
15,Cantidad de NNA con condición de adoptabilidad en el departamento,Lavalleja,2025-S2,total,22.0,cantidad
16,"Porcentaje de NNA con condición de adoptabilidad en el departamento, respecto al total de NNA atendidos por el Sistema de Protección Especial en el departamento",Lavalleja,2020-S1,total,8.7,porcentaje
16,"Porcentaje de NNA con condición de adoptabilidad en el departamento, respecto al total de NNA atendidos por el Sistema de Protección Especial en el departamento",Lavalleja,2020-S2,total,13.8,porcentaje
16,"Porcentaje de NNA con condición de adoptabilidad en el departamento, respecto al total de NNA atendidos por el Sistema de Protección Especial en el departamento",Lavalleja,2021-S1,total,8.5,porcentaje
16,"Porcentaje de NNA con condición de adoptabilidad en el departamento, respecto al total de NNA atendidos por el Sistema de Protección Especial en el departamento",Lavalleja,2021-S2,total,9.8,porcentaje
16,"Porcentaje de NNA con condición de adoptabilidad en el departamento, respecto al total de NNA atendidos por el Sistema de Protección Especial en el departamento",Lavalleja,2022-S1,total,13.4,porcentaje
16,"Porcentaje de NNA con condición de adoptabilidad en el departamento, respecto al total de NNA atendidos por el Sistema de Protección Especial en el departamento",Lavalleja,2022-S2,total,12.1,porcentaje
16,"Porcentaje de NNA con condición de adoptabilidad en el departamento, respecto al total de NNA atendidos por el Sistema de Protección Especial en el departamento",Lavalleja,2023-S1,total,11.0,porcentaje
16,"Porcentaje de NNA con condición de adoptabilidad en el departamento, respecto al total de NNA atendidos por el Sistema de Protección Especial en el departamento",Lavalleja,2023-S2,total,11.1,porcentaje
16,"Porcentaje de NNA con condición de adoptabilidad en el departamento, respecto al total de NNA atendidos por el Sistema de Protección Especial en el departamento",Lavalleja,2024-S1,total,10.2,porcentaje
16,"Porcentaje de NNA con condición de adoptabilidad en el departamento, respecto al total de NNA atendidos por el Sistema de Protección Especial en el departamento",Lavalleja,2024-S2,total,13.8,porcentaje
16,"Porcentaje de NNA con condición de adoptabilidad en el departamento, respecto al total de NNA atendidos por el Sistema de Protección Especial en el departamento",Lavalleja,2025-S1,total,18.5,porcentaje
16,"Porcentaje de NNA con condición de adoptabilidad en el departamento, respecto al total de NNA atendidos por el Sistema de Protección Especial en el departamento",Lavalleja,2025-S2,total,19.1,porcentaje
17,Cantidad de NNA con condición de adoptabilidad en el departamento que pasa a seguimiento de tenencia,Lavalleja,2020-S1,total,0.0,cantidad
17,Cantidad de NNA con condición de adoptabilidad en el departamento que pasa a seguimiento de tenencia,Lavalleja,2020-S2,total,4.0,cantidad
17,Cantidad de NNA con condición de adoptabilidad en el departamento que pasa a seguimiento de tenencia,Lavalleja,2021-S1,total,2.0,cantidad
17,Cantidad de NNA con condición de adoptabilidad en el departamento que pasa a seguimiento de tenencia,Lavalleja,2021-S2,total,1.0,cantidad
17,Cantidad de NNA con condición de adoptabilidad en el departamento que pasa a seguimiento de tenencia,Lavalleja,2022-S1,total,1.0,cantidad
17,Cantidad de NNA con condición de adoptabilidad en el departamento que pasa a seguimiento de tenencia,Lavalleja,2022-S2,total,2.0,cantidad
17,Cantidad de NNA con condición de adoptabilidad en el departamento que pasa a seguimiento de tenencia,Lavalleja,2023-S1,total,0.0,cantidad
17,Cantidad de NNA con condición de adoptabilidad en el departamento que pasa a seguimiento de tenencia,Lavalleja,2023-S2,total,0.0,cantidad
17,Cantidad de NNA con condición de adoptabilidad en el departamento que pasa a seguimiento de tenencia,Lavalleja,2024-S1,total,1.0,cantidad
17,Cantidad de NNA con condición de adoptabilidad en el departamento que pasa a seguimiento de tenencia,Lavalleja,2024-S2,total,1.0,cantidad
17,Cantidad de NNA con condición de adoptabilidad en el departamento que pasa a seguimiento de tenencia,Lavalleja,2025-S1,total,3.0,cantidad
17,Cantidad de NNA con condición de adoptabilidad en el departamento que pasa a seguimiento de tenencia,Lavalleja,2025-S2,total,2.0,cantidad
19,Cantidad de NNA atendidos por el Sistema de Protección Especial en el departamento que tiene Proyecto de Atención Integral (PAI),Lavalleja,2020-S1,total,1.0,cantidad
19,Cantidad de NNA atendidos por el Sistema de Protección Especial en el departamento que tiene Proyecto de Atención Integral (PAI),Lavalleja,2020-S2,total,0.0,cantidad
19,Cantidad de NNA atendidos por el Sistema de Protección Especial en el departamento que tiene Proyecto de Atención Integral (PAI),Lavalleja,2021-S1,total,0.0,cantidad
19,Cantidad de NNA atendidos por el Sistema de Protección Especial en el departamento que tiene Proyecto de Atención Integral (PAI),Lavalleja,2021-S2,total,0.0,cantidad
19,Cantidad de NNA atendidos por el Sistema de Protección Especial en el departamento que tiene Proyecto de Atención Integral (PAI),Lavalleja,2022-S1,total,0.0,cantidad
19,Cantidad de NNA atendidos por el Sistema de Protección Especial en el departamento que tiene Proyecto de Atención Integral (PAI),Lavalleja,2022-S2,total,0.0,cantidad
19,Cantidad de NNA atendidos por el Sistema de Protección Especial en el departamento que tiene Proyecto de Atención Integral (PAI),Lavalleja,2023-S1,total,0.0,cantidad
19,Cantidad de NNA atendidos por el Sistema de Protección Especial en el departamento que tiene Proyecto de Atención Integral (PAI),Lavalleja,2023-S2,total,0.0,cantidad
19,Cantidad de NNA atendidos por el Sistema de Protección Especial en el departamento que tiene Proyecto de Atención Integral (PAI),Lavalleja,2024-S1,total,0.0,cantidad
19,Cantidad de NNA atendidos por el Sistema de Protección Especial en el departamento que tiene Proyecto de Atención Integral (PAI),Lavalleja,2024-S2,total,0.0,cantidad
19,Cantidad de NNA atendidos por el Sistema de Protección Especial en el departamento que tiene Proyecto de Atención Integral (PAI),Lavalleja,2025-S1,total,0.0,cantidad
19,Cantidad de NNA atendidos por el Sistema de Protección Especial en el departamento que tiene Proyecto de Atención Integral (PAI),Lavalleja,2025-S2,total,0.0,cantidad
20,"Cantidad de NN de 0 a 5 años atendidos por el Sistema de Protección Especial en el departamento, inscriptos en centros de educación y cuidado",Lavalleja,2021-S1,total,12.0,cantidad
20,"Cantidad de NN de 0 a 5 años atendidos por el Sistema de Protección Especial en el departamento, inscriptos en centros de educación y cuidado",Lavalleja,2021-S2,total,12.0,cantidad
20,"Cantidad de NN de 0 a 5 años atendidos por el Sistema de Protección Especial en el departamento, inscriptos en centros de educación y cuidado",Lavalleja,2022-S1,total,15.0,cantidad
20,"Cantidad de NN de 0 a 5 años atendidos por el Sistema de Protección Especial en el departamento, inscriptos en centros de educación y cuidado",Lavalleja,2022-S2,total,11.0,cantidad
20,"Cantidad de NN de 0 a 5 años atendidos por el Sistema de Protección Especial en el departamento, inscriptos en centros de educación y cuidado",Lavalleja,2023-S1,total,12.0,cantidad
20,"Cantidad de NN de 0 a 5 años atendidos por el Sistema de Protección Especial en el departamento, inscriptos en centros de educación y cuidado",Lavalleja,2023-S2,total,11.0,cantidad
20,"Cantidad de NN de 0 a 5 años atendidos por el Sistema de Protección Especial en el departamento, inscriptos en centros de educación y cuidado",Lavalleja,2024-S1,total,12.0,cantidad
20,"Cantidad de NN de 0 a 5 años atendidos por el Sistema de Protección Especial en el departamento, inscriptos en centros de educación y cuidado",Lavalleja,2024-S2,total,8.0,cantidad
20,"Cantidad de NN de 0 a 5 años atendidos por el Sistema de Protección Especial en el departamento, inscriptos en centros de educación y cuidado",Lavalleja,2025-S1,total,11.0,cantidad
20,"Cantidad de NN de 0 a 5 años atendidos por el Sistema de Protección Especial en el departamento, inscriptos en centros de educación y cuidado",Lavalleja,2025-S2,total,6.0,cantidad
21,"Cantidad de NNA de 6 a 17 años atendidos por el Sistema de Protección Especial en el departamento, inscriptos en centros de educación formal",Lavalleja,2021-S1,total,66.0,cantidad
21,"Cantidad de NNA de 6 a 17 años atendidos por el Sistema de Protección Especial en el departamento, inscriptos en centros de educación formal",Lavalleja,2021-S2,total,61.0,cantidad
21,"Cantidad de NNA de 6 a 17 años atendidos por el Sistema de Protección Especial en el departamento, inscriptos en centros de educación formal",Lavalleja,2022-S1,total,60.0,cantidad
21,"Cantidad de NNA de 6 a 17 años atendidos por el Sistema de Protección Especial en el departamento, inscriptos en centros de educación formal",Lavalleja,2022-S2,total,66.0,cantidad
21,"Cantidad de NNA de 6 a 17 años atendidos por el Sistema de Protección Especial en el departamento, inscriptos en centros de educación formal",Lavalleja,2023-S1,total,77.0,cantidad
21,"Cantidad de NNA de 6 a 17 años atendidos por el Sistema de Protección Especial en el departamento, inscriptos en centros de educación formal",Lavalleja,2023-S2,total,90.0,cantidad
21,"Cantidad de NNA de 6 a 17 años atendidos por el Sistema de Protección Especial en el departamento, inscriptos en centros de educación formal",Lavalleja,2024-S1,total,85.0,cantidad
21,"Cantidad de NNA de 6 a 17 años atendidos por el Sistema de Protección Especial en el departamento, inscriptos en centros de educación formal",Lavalleja,2024-S2,total,86.0,cantidad
21,"Cantidad de NNA de 6 a 17 años atendidos por el Sistema de Protección Especial en el departamento, inscriptos en centros de educación formal",Lavalleja,2025-S1,total,88.0,cantidad
21,"Cantidad de NNA de 6 a 17 años atendidos por el Sistema de Protección Especial en el departamento, inscriptos en centros de educación formal",Lavalleja,2025-S2,total,89.0,cantidad
23,Cantidad de NNA atendidos por el Sistema de Protección Especial en el departamento con controles médicos al día,Lavalleja,2020-S1,total,64.0,cantidad
23,Cantidad de NNA atendidos por el Sistema de Protección Especial en el departamento con controles médicos al día,Lavalleja,2020-S2,total,57.0,cantidad
23,Cantidad de NNA atendidos por el Sistema de Protección Especial en el departamento con controles médicos al día,Lavalleja,2021-S1,total,47.0,cantidad
23,Cantidad de NNA atendidos por el Sistema de Protección Especial en el departamento con controles médicos al día,Lavalleja,2021-S2,total,23.0,cantidad
23,Cantidad de NNA atendidos por el Sistema de Protección Especial en el departamento con controles médicos al día,Lavalleja,2022-S1,total,44.0,cantidad
23,Cantidad de NNA atendidos por el Sistema de Protección Especial en el departamento con controles médicos al día,Lavalleja,2022-S2,total,62.0,cantidad
23,Cantidad de NNA atendidos por el Sistema de Protección Especial en el departamento con controles médicos al día,Lavalleja,2023-S1,total,50.0,cantidad
23,Cantidad de NNA atendidos por el Sistema de Protección Especial en el departamento con controles médicos al día,Lavalleja,2023-S2,total,47.0,cantidad
23,Cantidad de NNA atendidos por el Sistema de Protección Especial en el departamento con controles médicos al día,Lavalleja,2024-S1,total,84.0,cantidad
23,Cantidad de NNA atendidos por el Sistema de Protección Especial en el departamento con controles médicos al día,Lavalleja,2024-S2,total,72.0,cantidad
23,Cantidad de NNA atendidos por el Sistema de Protección Especial en el departamento con controles médicos al día,Lavalleja,2025-S1,total,70.0,cantidad
23,Cantidad de NNA atendidos por el Sistema de Protección Especial en el departamento con controles médicos al día,Lavalleja,2025-S2,total,57.0,cantidad
24,Cantidad de NNA atendidos por el Sistema de Protección Especial en el departamento con vacunas al día,Lavalleja,2020-S1,total,82.0,cantidad
24,Cantidad de NNA atendidos por el Sistema de Protección Especial en el departamento con vacunas al día,Lavalleja,2020-S2,total,80.0,cantidad
24,Cantidad de NNA atendidos por el Sistema de Protección Especial en el departamento con vacunas al día,Lavalleja,2021-S1,total,80.0,cantidad
24,Cantidad de NNA atendidos por el Sistema de Protección Especial en el departamento con vacunas al día,Lavalleja,2021-S2,total,64.0,cantidad
24,Cantidad de NNA atendidos por el Sistema de Protección Especial en el departamento con vacunas al día,Lavalleja,2022-S1,total,66.0,cantidad
24,Cantidad de NNA atendidos por el Sistema de Protección Especial en el departamento con vacunas al día,Lavalleja,2022-S2,total,76.0,cantidad
24,Cantidad de NNA atendidos por el Sistema de Protección Especial en el departamento con vacunas al día,Lavalleja,2023-S1,total,85.0,cantidad
24,Cantidad de NNA atendidos por el Sistema de Protección Especial en el departamento con vacunas al día,Lavalleja,2023-S2,total,85.0,cantidad
24,Cantidad de NNA atendidos por el Sistema de Protección Especial en el departamento con vacunas al día,Lavalleja,2024-S1,total,95.0,cantidad
24,Cantidad de NNA atendidos por el Sistema de Protección Especial en el departamento con vacunas al día,Lavalleja,2024-S2,total,83.0,cantidad
24,Cantidad de NNA atendidos por el Sistema de Protección Especial en el departamento con vacunas al día,Lavalleja,2025-S1,total,92.0,cantidad
24,Cantidad de NNA atendidos por el Sistema de Protección Especial en el departamento con vacunas al día,Lavalleja,2025-S2,total,86.0,cantidad
1,Cantidad de NNA atendidos en algún proyecto del Sistema de Protección Especial del departamento,Maldonado,2020-S1,total,317.0,cantidad
1,Cantidad de NNA atendidos en algún proyecto del Sistema de Protección Especial del departamento,Maldonado,2020-S2,total,307.0,cantidad
1,Cantidad de NNA atendidos en algún proyecto del Sistema de Protección Especial del departamento,Maldonado,2021-S1,total,329.0,cantidad
1,Cantidad de NNA atendidos en algún proyecto del Sistema de Protección Especial del departamento,Maldonado,2021-S2,total,332.0,cantidad
1,Cantidad de NNA atendidos en algún proyecto del Sistema de Protección Especial del departamento,Maldonado,2022-S1,total,358.0,cantidad
1,Cantidad de NNA atendidos en algún proyecto del Sistema de Protección Especial del departamento,Maldonado,2022-S2,total,353.0,cantidad
1,Cantidad de NNA atendidos en algún proyecto del Sistema de Protección Especial del departamento,Maldonado,2023-S1,total,345.0,cantidad
1,Cantidad de NNA atendidos en algún proyecto del Sistema de Protección Especial del departamento,Maldonado,2023-S2,total,371.0,cantidad
1,Cantidad de NNA atendidos en algún proyecto del Sistema de Protección Especial del departamento,Maldonado,2024-S1,total,387.0,cantidad
1,Cantidad de NNA atendidos en algún proyecto del Sistema de Protección Especial del departamento,Maldonado,2024-S2,total,397.0,cantidad
1,Cantidad de NNA atendidos en algún proyecto del Sistema de Protección Especial del departamento,Maldonado,2025-S1,total,401.0,cantidad
1,Cantidad de NNA atendidos en algún proyecto del Sistema de Protección Especial del departamento,Maldonado,2025-S2,total,410.0,cantidad
2,Porcentaje de NNA atendidos en algún proyecto del Sistema de Protección Especial del departamento respecto a la población total INAU del departamento,Maldonado,2020-S1,total,8.9,porcentaje
2,Porcentaje de NNA atendidos en algún proyecto del Sistema de Protección Especial del departamento respecto a la población total INAU del departamento,Maldonado,2020-S2,total,8.7,porcentaje
2,Porcentaje de NNA atendidos en algún proyecto del Sistema de Protección Especial del departamento respecto a la población total INAU del departamento,Maldonado,2021-S1,total,9.4,porcentaje
2,Porcentaje de NNA atendidos en algún proyecto del Sistema de Protección Especial del departamento respecto a la población total INAU del departamento,Maldonado,2021-S2,total,9.8,porcentaje
2,Porcentaje de NNA atendidos en algún proyecto del Sistema de Protección Especial del departamento respecto a la población total INAU del departamento,Maldonado,2022-S1,total,10.3,porcentaje
2,Porcentaje de NNA atendidos en algún proyecto del Sistema de Protección Especial del departamento respecto a la población total INAU del departamento,Maldonado,2022-S2,total,9.9,porcentaje
2,Porcentaje de NNA atendidos en algún proyecto del Sistema de Protección Especial del departamento respecto a la población total INAU del departamento,Maldonado,2023-S1,total,9.7,porcentaje
2,Porcentaje de NNA atendidos en algún proyecto del Sistema de Protección Especial del departamento respecto a la población total INAU del departamento,Maldonado,2023-S2,total,9.7,porcentaje
2,Porcentaje de NNA atendidos en algún proyecto del Sistema de Protección Especial del departamento respecto a la población total INAU del departamento,Maldonado,2024-S1,total,10.1,porcentaje
2,Porcentaje de NNA atendidos en algún proyecto del Sistema de Protección Especial del departamento respecto a la población total INAU del departamento,Maldonado,2024-S2,total,10.0,porcentaje
2,Porcentaje de NNA atendidos en algún proyecto del Sistema de Protección Especial del departamento respecto a la población total INAU del departamento,Maldonado,2025-S1,total,10.5,porcentaje
2,Porcentaje de NNA atendidos en algún proyecto del Sistema de Protección Especial del departamento respecto a la población total INAU del departamento,Maldonado,2025-S2,total,10.4,porcentaje
5,Cantidad de NNA en el Sistema de Protección Especial del departamento que viven en residencia,Maldonado,2020-S1,total,84.0,cantidad
5,Cantidad de NNA en el Sistema de Protección Especial del departamento que viven en residencia,Maldonado,2020-S2,total,110.0,cantidad
5,Cantidad de NNA en el Sistema de Protección Especial del departamento que viven en residencia,Maldonado,2021-S1,total,100.0,cantidad
5,Cantidad de NNA en el Sistema de Protección Especial del departamento que viven en residencia,Maldonado,2021-S2,total,85.0,cantidad
5,Cantidad de NNA en el Sistema de Protección Especial del departamento que viven en residencia,Maldonado,2022-S1,total,86.0,cantidad
5,Cantidad de NNA en el Sistema de Protección Especial del departamento que viven en residencia,Maldonado,2022-S2,total,70.0,cantidad
5,Cantidad de NNA en el Sistema de Protección Especial del departamento que viven en residencia,Maldonado,2023-S1,total,51.0,cantidad
5,Cantidad de NNA en el Sistema de Protección Especial del departamento que viven en residencia,Maldonado,2023-S2,total,72.0,cantidad
5,Cantidad de NNA en el Sistema de Protección Especial del departamento que viven en residencia,Maldonado,2024-S1,total,71.0,cantidad
5,Cantidad de NNA en el Sistema de Protección Especial del departamento que viven en residencia,Maldonado,2024-S2,total,65.0,cantidad
5,Cantidad de NNA en el Sistema de Protección Especial del departamento que viven en residencia,Maldonado,2025-S1,total,61.0,cantidad
5,Cantidad de NNA en el Sistema de Protección Especial del departamento que viven en residencia,Maldonado,2025-S2,total,69.0,cantidad
6,Cantidad de NNA en el Sistema de Protección Especial del departamento que viven en contexto familiar,Maldonado,2020-S1,total,233.0,cantidad
6,Cantidad de NNA en el Sistema de Protección Especial del departamento que viven en contexto familiar,Maldonado,2020-S2,total,197.0,cantidad
6,Cantidad de NNA en el Sistema de Protección Especial del departamento que viven en contexto familiar,Maldonado,2021-S1,total,229.0,cantidad
6,Cantidad de NNA en el Sistema de Protección Especial del departamento que viven en contexto familiar,Maldonado,2021-S2,total,247.0,cantidad
6,Cantidad de NNA en el Sistema de Protección Especial del departamento que viven en contexto familiar,Maldonado,2022-S1,total,272.0,cantidad
6,Cantidad de NNA en el Sistema de Protección Especial del departamento que viven en contexto familiar,Maldonado,2022-S2,total,283.0,cantidad
6,Cantidad de NNA en el Sistema de Protección Especial del departamento que viven en contexto familiar,Maldonado,2023-S1,total,294.0,cantidad
6,Cantidad de NNA en el Sistema de Protección Especial del departamento que viven en contexto familiar,Maldonado,2023-S2,total,299.0,cantidad
6,Cantidad de NNA en el Sistema de Protección Especial del departamento que viven en contexto familiar,Maldonado,2024-S1,total,316.0,cantidad
6,Cantidad de NNA en el Sistema de Protección Especial del departamento que viven en contexto familiar,Maldonado,2024-S2,total,332.0,cantidad
6,Cantidad de NNA en el Sistema de Protección Especial del departamento que viven en contexto familiar,Maldonado,2025-S1,total,340.0,cantidad
6,Cantidad de NNA en el Sistema de Protección Especial del departamento que viven en contexto familiar,Maldonado,2025-S2,total,341.0,cantidad
7,Cantidad de NNA en el departamento que ingresan por primera vez al Sistema de Protección Especial,Maldonado,2020-S1,total,31.0,cantidad
7,Cantidad de NNA en el departamento que ingresan por primera vez al Sistema de Protección Especial,Maldonado,2020-S2,total,34.0,cantidad
7,Cantidad de NNA en el departamento que ingresan por primera vez al Sistema de Protección Especial,Maldonado,2021-S1,total,48.0,cantidad
7,Cantidad de NNA en el departamento que ingresan por primera vez al Sistema de Protección Especial,Maldonado,2021-S2,total,35.0,cantidad
7,Cantidad de NNA en el departamento que ingresan por primera vez al Sistema de Protección Especial,Maldonado,2022-S1,total,35.0,cantidad
7,Cantidad de NNA en el departamento que ingresan por primera vez al Sistema de Protección Especial,Maldonado,2022-S2,total,47.0,cantidad
7,Cantidad de NNA en el departamento que ingresan por primera vez al Sistema de Protección Especial,Maldonado,2023-S1,total,54.0,cantidad
7,Cantidad de NNA en el departamento que ingresan por primera vez al Sistema de Protección Especial,Maldonado,2023-S2,total,86.0,cantidad
7,Cantidad de NNA en el departamento que ingresan por primera vez al Sistema de Protección Especial,Maldonado,2024-S1,total,58.0,cantidad
7,Cantidad de NNA en el departamento que ingresan por primera vez al Sistema de Protección Especial,Maldonado,2024-S2,total,66.0,cantidad
7,Cantidad de NNA en el departamento que ingresan por primera vez al Sistema de Protección Especial,Maldonado,2025-S1,total,52.0,cantidad
7,Cantidad de NNA en el departamento que ingresan por primera vez al Sistema de Protección Especial,Maldonado,2025-S2,total,70.0,cantidad
8,"Porcentaje de NNA que ingresan por primera vez al Sistema de Protección Especial en algún proyecto del departamento, respecto al total de atendidos por el Sistema en el departamento",Maldonado,2020-S1,total,8.8,porcentaje
8,"Porcentaje de NNA que ingresan por primera vez al Sistema de Protección Especial en algún proyecto del departamento, respecto al total de atendidos por el Sistema en el departamento",Maldonado,2020-S2,total,9.4,porcentaje
8,"Porcentaje de NNA que ingresan por primera vez al Sistema de Protección Especial en algún proyecto del departamento, respecto al total de atendidos por el Sistema en el departamento",Maldonado,2021-S1,total,13.4,porcentaje
8,"Porcentaje de NNA que ingresan por primera vez al Sistema de Protección Especial en algún proyecto del departamento, respecto al total de atendidos por el Sistema en el departamento",Maldonado,2021-S2,total,9.6,porcentaje
8,"Porcentaje de NNA que ingresan por primera vez al Sistema de Protección Especial en algún proyecto del departamento, respecto al total de atendidos por el Sistema en el departamento",Maldonado,2022-S1,total,9.3,porcentaje
8,"Porcentaje de NNA que ingresan por primera vez al Sistema de Protección Especial en algún proyecto del departamento, respecto al total de atendidos por el Sistema en el departamento",Maldonado,2022-S2,total,11.8,porcentaje
8,"Porcentaje de NNA que ingresan por primera vez al Sistema de Protección Especial en algún proyecto del departamento, respecto al total de atendidos por el Sistema en el departamento",Maldonado,2023-S1,total,13.4,porcentaje
8,"Porcentaje de NNA que ingresan por primera vez al Sistema de Protección Especial en algún proyecto del departamento, respecto al total de atendidos por el Sistema en el departamento",Maldonado,2023-S2,total,19.9,porcentaje
8,"Porcentaje de NNA que ingresan por primera vez al Sistema de Protección Especial en algún proyecto del departamento, respecto al total de atendidos por el Sistema en el departamento",Maldonado,2024-S1,total,13.4,porcentaje
8,"Porcentaje de NNA que ingresan por primera vez al Sistema de Protección Especial en algún proyecto del departamento, respecto al total de atendidos por el Sistema en el departamento",Maldonado,2024-S2,total,14.3,porcentaje
8,"Porcentaje de NNA que ingresan por primera vez al Sistema de Protección Especial en algún proyecto del departamento, respecto al total de atendidos por el Sistema en el departamento",Maldonado,2025-S1,total,11.4,porcentaje
8,"Porcentaje de NNA que ingresan por primera vez al Sistema de Protección Especial en algún proyecto del departamento, respecto al total de atendidos por el Sistema en el departamento",Maldonado,2025-S2,total,14.6,porcentaje
9,Cantidad de NNA que ingresan con trayectoria anterior al Sistema de Protección Especial en el departamento,Maldonado,2020-S1,total,7.0,cantidad
9,Cantidad de NNA que ingresan con trayectoria anterior al Sistema de Protección Especial en el departamento,Maldonado,2020-S2,total,6.0,cantidad
9,Cantidad de NNA que ingresan con trayectoria anterior al Sistema de Protección Especial en el departamento,Maldonado,2021-S1,total,11.0,cantidad
9,Cantidad de NNA que ingresan con trayectoria anterior al Sistema de Protección Especial en el departamento,Maldonado,2021-S2,total,6.0,cantidad
9,Cantidad de NNA que ingresan con trayectoria anterior al Sistema de Protección Especial en el departamento,Maldonado,2022-S1,total,16.0,cantidad
9,Cantidad de NNA que ingresan con trayectoria anterior al Sistema de Protección Especial en el departamento,Maldonado,2022-S2,total,16.0,cantidad
9,Cantidad de NNA que ingresan con trayectoria anterior al Sistema de Protección Especial en el departamento,Maldonado,2023-S1,total,9.0,cantidad
9,Cantidad de NNA que ingresan con trayectoria anterior al Sistema de Protección Especial en el departamento,Maldonado,2023-S2,total,9.0,cantidad
9,Cantidad de NNA que ingresan con trayectoria anterior al Sistema de Protección Especial en el departamento,Maldonado,2024-S1,total,8.0,cantidad
9,Cantidad de NNA que ingresan con trayectoria anterior al Sistema de Protección Especial en el departamento,Maldonado,2024-S2,total,10.0,cantidad
9,Cantidad de NNA que ingresan con trayectoria anterior al Sistema de Protección Especial en el departamento,Maldonado,2025-S1,total,7.0,cantidad
9,Cantidad de NNA que ingresan con trayectoria anterior al Sistema de Protección Especial en el departamento,Maldonado,2025-S2,total,4.0,cantidad
10,Porcentaje de NNA que ingresan con trayectoria anterior al Sistema de Protección Especial en algún proyecto del departamento respecto al total de atendidos por el Sistema en el departamento,Maldonado,2020-S1,total,2.0,porcentaje
10,Porcentaje de NNA que ingresan con trayectoria anterior al Sistema de Protección Especial en algún proyecto del departamento respecto al total de atendidos por el Sistema en el departamento,Maldonado,2020-S2,total,1.7,porcentaje
10,Porcentaje de NNA que ingresan con trayectoria anterior al Sistema de Protección Especial en algún proyecto del departamento respecto al total de atendidos por el Sistema en el departamento,Maldonado,2021-S1,total,3.1,porcentaje
10,Porcentaje de NNA que ingresan con trayectoria anterior al Sistema de Protección Especial en algún proyecto del departamento respecto al total de atendidos por el Sistema en el departamento,Maldonado,2021-S2,total,1.6,porcentaje
10,Porcentaje de NNA que ingresan con trayectoria anterior al Sistema de Protección Especial en algún proyecto del departamento respecto al total de atendidos por el Sistema en el departamento,Maldonado,2022-S1,total,4.2,porcentaje
10,Porcentaje de NNA que ingresan con trayectoria anterior al Sistema de Protección Especial en algún proyecto del departamento respecto al total de atendidos por el Sistema en el departamento,Maldonado,2022-S2,total,4.0,porcentaje
10,Porcentaje de NNA que ingresan con trayectoria anterior al Sistema de Protección Especial en algún proyecto del departamento respecto al total de atendidos por el Sistema en el departamento,Maldonado,2023-S1,total,2.2,porcentaje
10,Porcentaje de NNA que ingresan con trayectoria anterior al Sistema de Protección Especial en algún proyecto del departamento respecto al total de atendidos por el Sistema en el departamento,Maldonado,2023-S2,total,2.1,porcentaje
10,Porcentaje de NNA que ingresan con trayectoria anterior al Sistema de Protección Especial en algún proyecto del departamento respecto al total de atendidos por el Sistema en el departamento,Maldonado,2024-S1,total,1.9,porcentaje
10,Porcentaje de NNA que ingresan con trayectoria anterior al Sistema de Protección Especial en algún proyecto del departamento respecto al total de atendidos por el Sistema en el departamento,Maldonado,2024-S2,total,2.2,porcentaje
10,Porcentaje de NNA que ingresan con trayectoria anterior al Sistema de Protección Especial en algún proyecto del departamento respecto al total de atendidos por el Sistema en el departamento,Maldonado,2025-S1,total,1.5,porcentaje
10,Porcentaje de NNA que ingresan con trayectoria anterior al Sistema de Protección Especial en algún proyecto del departamento respecto al total de atendidos por el Sistema en el departamento,Maldonado,2025-S2,total,0.8,porcentaje
11,Cantidad de NNA que egresan del Sistema de Protección Especial en el departamento,Maldonado,2020-S1,total,49.0,cantidad
11,Cantidad de NNA que egresan del Sistema de Protección Especial en el departamento,Maldonado,2020-S2,total,71.0,cantidad
11,Cantidad de NNA que egresan del Sistema de Protección Especial en el departamento,Maldonado,2021-S1,total,48.0,cantidad
11,Cantidad de NNA que egresan del Sistema de Protección Especial en el departamento,Maldonado,2021-S2,total,44.0,cantidad
11,Cantidad de NNA que egresan del Sistema de Protección Especial en el departamento,Maldonado,2022-S1,total,47.0,cantidad
11,Cantidad de NNA que egresan del Sistema de Protección Especial en el departamento,Maldonado,2022-S2,total,59.0,cantidad
11,Cantidad de NNA que egresan del Sistema de Protección Especial en el departamento,Maldonado,2023-S1,total,62.0,cantidad
11,Cantidad de NNA que egresan del Sistema de Protección Especial en el departamento,Maldonado,2023-S2,total,76.0,cantidad
11,Cantidad de NNA que egresan del Sistema de Protección Especial en el departamento,Maldonado,2024-S1,total,49.0,cantidad
11,Cantidad de NNA que egresan del Sistema de Protección Especial en el departamento,Maldonado,2024-S2,total,68.0,cantidad
11,Cantidad de NNA que egresan del Sistema de Protección Especial en el departamento,Maldonado,2025-S1,total,54.0,cantidad
11,Cantidad de NNA que egresan del Sistema de Protección Especial en el departamento,Maldonado,2025-S2,total,69.0,cantidad
12,Cantidad de NNA que egresan del Sistema de Protección Especial en el departamento según tiempos de permanencia en el Sistema,Maldonado,2020-S1,total,49.0,cantidad
12,Cantidad de NNA que egresan del Sistema de Protección Especial en el departamento según tiempos de permanencia en el Sistema,Maldonado,2020-S2,total,71.0,cantidad
12,Cantidad de NNA que egresan del Sistema de Protección Especial en el departamento según tiempos de permanencia en el Sistema,Maldonado,2021-S1,total,48.0,cantidad
12,Cantidad de NNA que egresan del Sistema de Protección Especial en el departamento según tiempos de permanencia en el Sistema,Maldonado,2021-S2,total,44.0,cantidad
12,Cantidad de NNA que egresan del Sistema de Protección Especial en el departamento según tiempos de permanencia en el Sistema,Maldonado,2022-S1,total,47.0,cantidad
12,Cantidad de NNA que egresan del Sistema de Protección Especial en el departamento según tiempos de permanencia en el Sistema,Maldonado,2022-S2,total,59.0,cantidad
12,Cantidad de NNA que egresan del Sistema de Protección Especial en el departamento según tiempos de permanencia en el Sistema,Maldonado,2023-S1,total,62.0,cantidad
12,Cantidad de NNA que egresan del Sistema de Protección Especial en el departamento según tiempos de permanencia en el Sistema,Maldonado,2023-S2,total,76.0,cantidad
12,Cantidad de NNA que egresan del Sistema de Protección Especial en el departamento según tiempos de permanencia en el Sistema,Maldonado,2024-S1,total,49.0,cantidad
12,Cantidad de NNA que egresan del Sistema de Protección Especial en el departamento según tiempos de permanencia en el Sistema,Maldonado,2024-S2,total,68.0,cantidad
12,Cantidad de NNA que egresan del Sistema de Protección Especial en el departamento según tiempos de permanencia en el Sistema,Maldonado,2025-S1,total,54.0,cantidad
12,Cantidad de NNA que egresan del Sistema de Protección Especial en el departamento según tiempos de permanencia en el Sistema,Maldonado,2025-S2,total,69.0,cantidad
13,Cantidad de NNA que egresan del Sistema de Protección Especial en el departamento según tiempos de permanencia en la intervención,Maldonado,2020-S1,total,49.0,cantidad
13,Cantidad de NNA que egresan del Sistema de Protección Especial en el departamento según tiempos de permanencia en la intervención,Maldonado,2020-S2,total,71.0,cantidad
13,Cantidad de NNA que egresan del Sistema de Protección Especial en el departamento según tiempos de permanencia en la intervención,Maldonado,2021-S1,total,48.0,cantidad
13,Cantidad de NNA que egresan del Sistema de Protección Especial en el departamento según tiempos de permanencia en la intervención,Maldonado,2021-S2,total,44.0,cantidad
13,Cantidad de NNA que egresan del Sistema de Protección Especial en el departamento según tiempos de permanencia en la intervención,Maldonado,2022-S1,total,47.0,cantidad
13,Cantidad de NNA que egresan del Sistema de Protección Especial en el departamento según tiempos de permanencia en la intervención,Maldonado,2022-S2,total,59.0,cantidad
13,Cantidad de NNA que egresan del Sistema de Protección Especial en el departamento según tiempos de permanencia en la intervención,Maldonado,2023-S1,total,62.0,cantidad
13,Cantidad de NNA que egresan del Sistema de Protección Especial en el departamento según tiempos de permanencia en la intervención,Maldonado,2023-S2,total,76.0,cantidad
13,Cantidad de NNA que egresan del Sistema de Protección Especial en el departamento según tiempos de permanencia en la intervención,Maldonado,2024-S1,total,49.0,cantidad
13,Cantidad de NNA que egresan del Sistema de Protección Especial en el departamento según tiempos de permanencia en la intervención,Maldonado,2024-S2,total,68.0,cantidad
13,Cantidad de NNA que egresan del Sistema de Protección Especial en el departamento según tiempos de permanencia en la intervención,Maldonado,2025-S1,total,54.0,cantidad
13,Cantidad de NNA que egresan del Sistema de Protección Especial en el departamento según tiempos de permanencia en la intervención,Maldonado,2025-S2,total,69.0,cantidad
14,Cantidad de NNA que dejan de vivir en residencias en el departamento para vivir con una familia,Maldonado,2020-S1,total,42.0,cantidad
14,Cantidad de NNA que dejan de vivir en residencias en el departamento para vivir con una familia,Maldonado,2020-S2,total,46.0,cantidad
14,Cantidad de NNA que dejan de vivir en residencias en el departamento para vivir con una familia,Maldonado,2021-S1,total,45.0,cantidad
14,Cantidad de NNA que dejan de vivir en residencias en el departamento para vivir con una familia,Maldonado,2021-S2,total,46.0,cantidad
14,Cantidad de NNA que dejan de vivir en residencias en el departamento para vivir con una familia,Maldonado,2022-S1,total,46.0,cantidad
14,Cantidad de NNA que dejan de vivir en residencias en el departamento para vivir con una familia,Maldonado,2022-S2,total,64.0,cantidad
14,Cantidad de NNA que dejan de vivir en residencias en el departamento para vivir con una familia,Maldonado,2023-S1,total,59.0,cantidad
14,Cantidad de NNA que dejan de vivir en residencias en el departamento para vivir con una familia,Maldonado,2023-S2,total,56.0,cantidad
14,Cantidad de NNA que dejan de vivir en residencias en el departamento para vivir con una familia,Maldonado,2024-S1,total,46.0,cantidad
14,Cantidad de NNA que dejan de vivir en residencias en el departamento para vivir con una familia,Maldonado,2024-S2,total,59.0,cantidad
14,Cantidad de NNA que dejan de vivir en residencias en el departamento para vivir con una familia,Maldonado,2025-S1,total,55.0,cantidad
14,Cantidad de NNA que dejan de vivir en residencias en el departamento para vivir con una familia,Maldonado,2025-S2,total,56.0,cantidad
15,Cantidad de NNA con condición de adoptabilidad en el departamento,Maldonado,2020-S1,total,27.0,cantidad
15,Cantidad de NNA con condición de adoptabilidad en el departamento,Maldonado,2020-S2,total,34.0,cantidad
15,Cantidad de NNA con condición de adoptabilidad en el departamento,Maldonado,2021-S1,total,28.0,cantidad
15,Cantidad de NNA con condición de adoptabilidad en el departamento,Maldonado,2021-S2,total,27.0,cantidad
15,Cantidad de NNA con condición de adoptabilidad en el departamento,Maldonado,2022-S1,total,29.0,cantidad
15,Cantidad de NNA con condición de adoptabilidad en el departamento,Maldonado,2022-S2,total,29.0,cantidad
15,Cantidad de NNA con condición de adoptabilidad en el departamento,Maldonado,2023-S1,total,25.0,cantidad
15,Cantidad de NNA con condición de adoptabilidad en el departamento,Maldonado,2023-S2,total,21.0,cantidad
15,Cantidad de NNA con condición de adoptabilidad en el departamento,Maldonado,2024-S1,total,22.0,cantidad
15,Cantidad de NNA con condición de adoptabilidad en el departamento,Maldonado,2024-S2,total,18.0,cantidad
15,Cantidad de NNA con condición de adoptabilidad en el departamento,Maldonado,2025-S1,total,18.0,cantidad
15,Cantidad de NNA con condición de adoptabilidad en el departamento,Maldonado,2025-S2,total,21.0,cantidad
16,"Porcentaje de NNA con condición de adoptabilidad en el departamento, respecto al total de NNA atendidos por el Sistema de Protección Especial en el departamento",Maldonado,2020-S1,total,7.7,porcentaje
16,"Porcentaje de NNA con condición de adoptabilidad en el departamento, respecto al total de NNA atendidos por el Sistema de Protección Especial en el departamento",Maldonado,2020-S2,total,9.4,porcentaje
16,"Porcentaje de NNA con condición de adoptabilidad en el departamento, respecto al total de NNA atendidos por el Sistema de Protección Especial en el departamento",Maldonado,2021-S1,total,7.8,porcentaje
16,"Porcentaje de NNA con condición de adoptabilidad en el departamento, respecto al total de NNA atendidos por el Sistema de Protección Especial en el departamento",Maldonado,2021-S2,total,7.4,porcentaje
16,"Porcentaje de NNA con condición de adoptabilidad en el departamento, respecto al total de NNA atendidos por el Sistema de Protección Especial en el departamento",Maldonado,2022-S1,total,7.7,porcentaje
16,"Porcentaje de NNA con condición de adoptabilidad en el departamento, respecto al total de NNA atendidos por el Sistema de Protección Especial en el departamento",Maldonado,2022-S2,total,7.2,porcentaje
16,"Porcentaje de NNA con condición de adoptabilidad en el departamento, respecto al total de NNA atendidos por el Sistema de Protección Especial en el departamento",Maldonado,2023-S1,total,6.2,porcentaje
16,"Porcentaje de NNA con condición de adoptabilidad en el departamento, respecto al total de NNA atendidos por el Sistema de Protección Especial en el departamento",Maldonado,2023-S2,total,4.9,porcentaje
16,"Porcentaje de NNA con condición de adoptabilidad en el departamento, respecto al total de NNA atendidos por el Sistema de Protección Especial en el departamento",Maldonado,2024-S1,total,5.1,porcentaje
16,"Porcentaje de NNA con condición de adoptabilidad en el departamento, respecto al total de NNA atendidos por el Sistema de Protección Especial en el departamento",Maldonado,2024-S2,total,3.9,porcentaje
16,"Porcentaje de NNA con condición de adoptabilidad en el departamento, respecto al total de NNA atendidos por el Sistema de Protección Especial en el departamento",Maldonado,2025-S1,total,3.9,porcentaje
16,"Porcentaje de NNA con condición de adoptabilidad en el departamento, respecto al total de NNA atendidos por el Sistema de Protección Especial en el departamento",Maldonado,2025-S2,total,4.4,porcentaje
17,Cantidad de NNA con condición de adoptabilidad en el departamento que pasa a seguimiento de tenencia,Maldonado,2020-S1,total,2.0,cantidad
17,Cantidad de NNA con condición de adoptabilidad en el departamento que pasa a seguimiento de tenencia,Maldonado,2020-S2,total,7.0,cantidad
17,Cantidad de NNA con condición de adoptabilidad en el departamento que pasa a seguimiento de tenencia,Maldonado,2021-S1,total,1.0,cantidad
17,Cantidad de NNA con condición de adoptabilidad en el departamento que pasa a seguimiento de tenencia,Maldonado,2021-S2,total,2.0,cantidad
17,Cantidad de NNA con condición de adoptabilidad en el departamento que pasa a seguimiento de tenencia,Maldonado,2022-S1,total,2.0,cantidad
17,Cantidad de NNA con condición de adoptabilidad en el departamento que pasa a seguimiento de tenencia,Maldonado,2022-S2,total,4.0,cantidad
17,Cantidad de NNA con condición de adoptabilidad en el departamento que pasa a seguimiento de tenencia,Maldonado,2023-S1,total,4.0,cantidad
17,Cantidad de NNA con condición de adoptabilidad en el departamento que pasa a seguimiento de tenencia,Maldonado,2023-S2,total,2.0,cantidad
17,Cantidad de NNA con condición de adoptabilidad en el departamento que pasa a seguimiento de tenencia,Maldonado,2024-S1,total,1.0,cantidad
17,Cantidad de NNA con condición de adoptabilidad en el departamento que pasa a seguimiento de tenencia,Maldonado,2024-S2,total,0.0,cantidad
17,Cantidad de NNA con condición de adoptabilidad en el departamento que pasa a seguimiento de tenencia,Maldonado,2025-S1,total,1.0,cantidad
17,Cantidad de NNA con condición de adoptabilidad en el departamento que pasa a seguimiento de tenencia,Maldonado,2025-S2,total,4.0,cantidad
19,Cantidad de NNA atendidos por el Sistema de Protección Especial en el departamento que tiene Proyecto de Atención Integral (PAI),Maldonado,2020-S1,total,4.0,cantidad
19,Cantidad de NNA atendidos por el Sistema de Protección Especial en el departamento que tiene Proyecto de Atención Integral (PAI),Maldonado,2020-S2,total,0.0,cantidad
19,Cantidad de NNA atendidos por el Sistema de Protección Especial en el departamento que tiene Proyecto de Atención Integral (PAI),Maldonado,2021-S1,total,1.0,cantidad
19,Cantidad de NNA atendidos por el Sistema de Protección Especial en el departamento que tiene Proyecto de Atención Integral (PAI),Maldonado,2021-S2,total,0.0,cantidad
19,Cantidad de NNA atendidos por el Sistema de Protección Especial en el departamento que tiene Proyecto de Atención Integral (PAI),Maldonado,2022-S1,total,0.0,cantidad
19,Cantidad de NNA atendidos por el Sistema de Protección Especial en el departamento que tiene Proyecto de Atención Integral (PAI),Maldonado,2022-S2,total,1.0,cantidad
19,Cantidad de NNA atendidos por el Sistema de Protección Especial en el departamento que tiene Proyecto de Atención Integral (PAI),Maldonado,2023-S1,total,0.0,cantidad
19,Cantidad de NNA atendidos por el Sistema de Protección Especial en el departamento que tiene Proyecto de Atención Integral (PAI),Maldonado,2023-S2,total,0.0,cantidad
19,Cantidad de NNA atendidos por el Sistema de Protección Especial en el departamento que tiene Proyecto de Atención Integral (PAI),Maldonado,2024-S1,total,0.0,cantidad
19,Cantidad de NNA atendidos por el Sistema de Protección Especial en el departamento que tiene Proyecto de Atención Integral (PAI),Maldonado,2024-S2,total,1.0,cantidad
19,Cantidad de NNA atendidos por el Sistema de Protección Especial en el departamento que tiene Proyecto de Atención Integral (PAI),Maldonado,2025-S1,total,0.0,cantidad
19,Cantidad de NNA atendidos por el Sistema de Protección Especial en el departamento que tiene Proyecto de Atención Integral (PAI),Maldonado,2025-S2,total,0.0,cantidad
20,"Cantidad de NN de 0 a 5 años atendidos por el Sistema de Protección Especial en el departamento, inscriptos en centros de educación y cuidado",Maldonado,2021-S1,total,32.0,cantidad
20,"Cantidad de NN de 0 a 5 años atendidos por el Sistema de Protección Especial en el departamento, inscriptos en centros de educación y cuidado",Maldonado,2021-S2,total,33.0,cantidad
20,"Cantidad de NN de 0 a 5 años atendidos por el Sistema de Protección Especial en el departamento, inscriptos en centros de educación y cuidado",Maldonado,2022-S1,total,40.0,cantidad
20,"Cantidad de NN de 0 a 5 años atendidos por el Sistema de Protección Especial en el departamento, inscriptos en centros de educación y cuidado",Maldonado,2022-S2,total,36.0,cantidad
20,"Cantidad de NN de 0 a 5 años atendidos por el Sistema de Protección Especial en el departamento, inscriptos en centros de educación y cuidado",Maldonado,2023-S1,total,41.0,cantidad
20,"Cantidad de NN de 0 a 5 años atendidos por el Sistema de Protección Especial en el departamento, inscriptos en centros de educación y cuidado",Maldonado,2023-S2,total,47.0,cantidad
20,"Cantidad de NN de 0 a 5 años atendidos por el Sistema de Protección Especial en el departamento, inscriptos en centros de educación y cuidado",Maldonado,2024-S1,total,48.0,cantidad
20,"Cantidad de NN de 0 a 5 años atendidos por el Sistema de Protección Especial en el departamento, inscriptos en centros de educación y cuidado",Maldonado,2024-S2,total,49.0,cantidad
20,"Cantidad de NN de 0 a 5 años atendidos por el Sistema de Protección Especial en el departamento, inscriptos en centros de educación y cuidado",Maldonado,2025-S1,total,45.0,cantidad
20,"Cantidad de NN de 0 a 5 años atendidos por el Sistema de Protección Especial en el departamento, inscriptos en centros de educación y cuidado",Maldonado,2025-S2,total,43.0,cantidad
21,"Cantidad de NNA de 6 a 17 años atendidos por el Sistema de Protección Especial en el departamento, inscriptos en centros de educación formal",Maldonado,2021-S1,total,264.0,cantidad
21,"Cantidad de NNA de 6 a 17 años atendidos por el Sistema de Protección Especial en el departamento, inscriptos en centros de educación formal",Maldonado,2021-S2,total,262.0,cantidad
21,"Cantidad de NNA de 6 a 17 años atendidos por el Sistema de Protección Especial en el departamento, inscriptos en centros de educación formal",Maldonado,2022-S1,total,271.0,cantidad
21,"Cantidad de NNA de 6 a 17 años atendidos por el Sistema de Protección Especial en el departamento, inscriptos en centros de educación formal",Maldonado,2022-S2,total,272.0,cantidad
21,"Cantidad de NNA de 6 a 17 años atendidos por el Sistema de Protección Especial en el departamento, inscriptos en centros de educación formal",Maldonado,2023-S1,total,259.0,cantidad
21,"Cantidad de NNA de 6 a 17 años atendidos por el Sistema de Protección Especial en el departamento, inscriptos en centros de educación formal",Maldonado,2023-S2,total,277.0,cantidad
21,"Cantidad de NNA de 6 a 17 años atendidos por el Sistema de Protección Especial en el departamento, inscriptos en centros de educación formal",Maldonado,2024-S1,total,280.0,cantidad
21,"Cantidad de NNA de 6 a 17 años atendidos por el Sistema de Protección Especial en el departamento, inscriptos en centros de educación formal",Maldonado,2024-S2,total,292.0,cantidad
21,"Cantidad de NNA de 6 a 17 años atendidos por el Sistema de Protección Especial en el departamento, inscriptos en centros de educación formal",Maldonado,2025-S1,total,306.0,cantidad
21,"Cantidad de NNA de 6 a 17 años atendidos por el Sistema de Protección Especial en el departamento, inscriptos en centros de educación formal",Maldonado,2025-S2,total,308.0,cantidad
23,Cantidad de NNA atendidos por el Sistema de Protección Especial en el departamento con controles médicos al día,Maldonado,2020-S1,total,122.0,cantidad
23,Cantidad de NNA atendidos por el Sistema de Protección Especial en el departamento con controles médicos al día,Maldonado,2020-S2,total,86.0,cantidad
23,Cantidad de NNA atendidos por el Sistema de Protección Especial en el departamento con controles médicos al día,Maldonado,2021-S1,total,99.0,cantidad
23,Cantidad de NNA atendidos por el Sistema de Protección Especial en el departamento con controles médicos al día,Maldonado,2021-S2,total,62.0,cantidad
23,Cantidad de NNA atendidos por el Sistema de Protección Especial en el departamento con controles médicos al día,Maldonado,2022-S1,total,64.0,cantidad
23,Cantidad de NNA atendidos por el Sistema de Protección Especial en el departamento con controles médicos al día,Maldonado,2022-S2,total,152.0,cantidad
23,Cantidad de NNA atendidos por el Sistema de Protección Especial en el departamento con controles médicos al día,Maldonado,2023-S1,total,134.0,cantidad
23,Cantidad de NNA atendidos por el Sistema de Protección Especial en el departamento con controles médicos al día,Maldonado,2023-S2,total,121.0,cantidad
23,Cantidad de NNA atendidos por el Sistema de Protección Especial en el departamento con controles médicos al día,Maldonado,2024-S1,total,196.0,cantidad
23,Cantidad de NNA atendidos por el Sistema de Protección Especial en el departamento con controles médicos al día,Maldonado,2024-S2,total,163.0,cantidad
23,Cantidad de NNA atendidos por el Sistema de Protección Especial en el departamento con controles médicos al día,Maldonado,2025-S1,total,149.0,cantidad
23,Cantidad de NNA atendidos por el Sistema de Protección Especial en el departamento con controles médicos al día,Maldonado,2025-S2,total,163.0,cantidad
24,Cantidad de NNA atendidos por el Sistema de Protección Especial en el departamento con vacunas al día,Maldonado,2020-S1,total,179.0,cantidad
24,Cantidad de NNA atendidos por el Sistema de Protección Especial en el departamento con vacunas al día,Maldonado,2020-S2,total,150.0,cantidad
24,Cantidad de NNA atendidos por el Sistema de Protección Especial en el departamento con vacunas al día,Maldonado,2021-S1,total,167.0,cantidad
24,Cantidad de NNA atendidos por el Sistema de Protección Especial en el departamento con vacunas al día,Maldonado,2021-S2,total,158.0,cantidad
24,Cantidad de NNA atendidos por el Sistema de Protección Especial en el departamento con vacunas al día,Maldonado,2022-S1,total,148.0,cantidad
24,Cantidad de NNA atendidos por el Sistema de Protección Especial en el departamento con vacunas al día,Maldonado,2022-S2,total,217.0,cantidad
24,Cantidad de NNA atendidos por el Sistema de Protección Especial en el departamento con vacunas al día,Maldonado,2023-S1,total,195.0,cantidad
24,Cantidad de NNA atendidos por el Sistema de Protección Especial en el departamento con vacunas al día,Maldonado,2023-S2,total,201.0,cantidad
24,Cantidad de NNA atendidos por el Sistema de Protección Especial en el departamento con vacunas al día,Maldonado,2024-S1,total,238.0,cantidad
24,Cantidad de NNA atendidos por el Sistema de Protección Especial en el departamento con vacunas al día,Maldonado,2024-S2,total,231.0,cantidad
24,Cantidad de NNA atendidos por el Sistema de Protección Especial en el departamento con vacunas al día,Maldonado,2025-S1,total,232.0,cantidad
24,Cantidad de NNA atendidos por el Sistema de Protección Especial en el departamento con vacunas al día,Maldonado,2025-S2,total,241.0,cantidad
1,Cantidad de NNA atendidos en algún proyecto del Sistema de Protección Especial del departamento,Montevideo,2020-S1,total,3177.0,cantidad
1,Cantidad de NNA atendidos en algún proyecto del Sistema de Protección Especial del departamento,Montevideo,2020-S2,total,3147.0,cantidad
1,Cantidad de NNA atendidos en algún proyecto del Sistema de Protección Especial del departamento,Montevideo,2021-S1,total,3156.0,cantidad
1,Cantidad de NNA atendidos en algún proyecto del Sistema de Protección Especial del departamento,Montevideo,2021-S2,total,3271.0,cantidad
1,Cantidad de NNA atendidos en algún proyecto del Sistema de Protección Especial del departamento,Montevideo,2022-S1,total,3272.0,cantidad
1,Cantidad de NNA atendidos en algún proyecto del Sistema de Protección Especial del departamento,Montevideo,2022-S2,total,3489.0,cantidad
1,Cantidad de NNA atendidos en algún proyecto del Sistema de Protección Especial del departamento,Montevideo,2023-S1,total,3624.0,cantidad
1,Cantidad de NNA atendidos en algún proyecto del Sistema de Protección Especial del departamento,Montevideo,2023-S2,total,3801.0,cantidad
1,Cantidad de NNA atendidos en algún proyecto del Sistema de Protección Especial del departamento,Montevideo,2024-S1,total,3738.0,cantidad
1,Cantidad de NNA atendidos en algún proyecto del Sistema de Protección Especial del departamento,Montevideo,2024-S2,total,3660.0,cantidad
1,Cantidad de NNA atendidos en algún proyecto del Sistema de Protección Especial del departamento,Montevideo,2025-S1,total,3646.0,cantidad
1,Cantidad de NNA atendidos en algún proyecto del Sistema de Protección Especial del departamento,Montevideo,2025-S2,total,3700.0,cantidad
2,Porcentaje de NNA atendidos en algún proyecto del Sistema de Protección Especial del departamento respecto a la población total INAU del departamento,Montevideo,2020-S1,total,10.1,porcentaje
2,Porcentaje de NNA atendidos en algún proyecto del Sistema de Protección Especial del departamento respecto a la población total INAU del departamento,Montevideo,2020-S2,total,10.1,porcentaje
2,Porcentaje de NNA atendidos en algún proyecto del Sistema de Protección Especial del departamento respecto a la población total INAU del departamento,Montevideo,2021-S1,total,10.0,porcentaje
2,Porcentaje de NNA atendidos en algún proyecto del Sistema de Protección Especial del departamento respecto a la población total INAU del departamento,Montevideo,2021-S2,total,10.2,porcentaje
2,Porcentaje de NNA atendidos en algún proyecto del Sistema de Protección Especial del departamento respecto a la población total INAU del departamento,Montevideo,2022-S1,total,10.2,porcentaje
2,Porcentaje de NNA atendidos en algún proyecto del Sistema de Protección Especial del departamento respecto a la población total INAU del departamento,Montevideo,2022-S2,total,10.6,porcentaje
2,Porcentaje de NNA atendidos en algún proyecto del Sistema de Protección Especial del departamento respecto a la población total INAU del departamento,Montevideo,2023-S1,total,10.9,porcentaje
2,Porcentaje de NNA atendidos en algún proyecto del Sistema de Protección Especial del departamento respecto a la población total INAU del departamento,Montevideo,2023-S2,total,11.3,porcentaje
2,Porcentaje de NNA atendidos en algún proyecto del Sistema de Protección Especial del departamento respecto a la población total INAU del departamento,Montevideo,2024-S1,total,11.1,porcentaje
2,Porcentaje de NNA atendidos en algún proyecto del Sistema de Protección Especial del departamento respecto a la población total INAU del departamento,Montevideo,2024-S2,total,10.7,porcentaje
2,Porcentaje de NNA atendidos en algún proyecto del Sistema de Protección Especial del departamento respecto a la población total INAU del departamento,Montevideo,2025-S1,total,10.7,porcentaje
2,Porcentaje de NNA atendidos en algún proyecto del Sistema de Protección Especial del departamento respecto a la población total INAU del departamento,Montevideo,2025-S2,total,11.0,porcentaje
5,Cantidad de NNA en el Sistema de Protección Especial del departamento que viven en residencia,Montevideo,2020-S1,total,1722.0,cantidad
5,Cantidad de NNA en el Sistema de Protección Especial del departamento que viven en residencia,Montevideo,2020-S2,total,1813.0,cantidad
5,Cantidad de NNA en el Sistema de Protección Especial del departamento que viven en residencia,Montevideo,2021-S1,total,1705.0,cantidad
5,Cantidad de NNA en el Sistema de Protección Especial del departamento que viven en residencia,Montevideo,2021-S2,total,1724.0,cantidad
5,Cantidad de NNA en el Sistema de Protección Especial del departamento que viven en residencia,Montevideo,2022-S1,total,1707.0,cantidad
5,Cantidad de NNA en el Sistema de Protección Especial del departamento que viven en residencia,Montevideo,2022-S2,total,1801.0,cantidad
5,Cantidad de NNA en el Sistema de Protección Especial del departamento que viven en residencia,Montevideo,2023-S1,total,1887.0,cantidad
5,Cantidad de NNA en el Sistema de Protección Especial del departamento que viven en residencia,Montevideo,2023-S2,total,1965.0,cantidad
5,Cantidad de NNA en el Sistema de Protección Especial del departamento que viven en residencia,Montevideo,2024-S1,total,1868.0,cantidad
5,Cantidad de NNA en el Sistema de Protección Especial del departamento que viven en residencia,Montevideo,2024-S2,total,1730.0,cantidad
5,Cantidad de NNA en el Sistema de Protección Especial del departamento que viven en residencia,Montevideo,2025-S1,total,1716.0,cantidad
5,Cantidad de NNA en el Sistema de Protección Especial del departamento que viven en residencia,Montevideo,2025-S2,total,1751.0,cantidad
6,Cantidad de NNA en el Sistema de Protección Especial del departamento que viven en contexto familiar,Montevideo,2020-S1,total,1455.0,cantidad
6,Cantidad de NNA en el Sistema de Protección Especial del departamento que viven en contexto familiar,Montevideo,2020-S2,total,1334.0,cantidad
6,Cantidad de NNA en el Sistema de Protección Especial del departamento que viven en contexto familiar,Montevideo,2021-S1,total,1451.0,cantidad
6,Cantidad de NNA en el Sistema de Protección Especial del departamento que viven en contexto familiar,Montevideo,2021-S2,total,1547.0,cantidad
6,Cantidad de NNA en el Sistema de Protección Especial del departamento que viven en contexto familiar,Montevideo,2022-S1,total,1565.0,cantidad
6,Cantidad de NNA en el Sistema de Protección Especial del departamento que viven en contexto familiar,Montevideo,2022-S2,total,1688.0,cantidad
6,Cantidad de NNA en el Sistema de Protección Especial del departamento que viven en contexto familiar,Montevideo,2023-S1,total,1737.0,cantidad
6,Cantidad de NNA en el Sistema de Protección Especial del departamento que viven en contexto familiar,Montevideo,2023-S2,total,1835.0,cantidad
6,Cantidad de NNA en el Sistema de Protección Especial del departamento que viven en contexto familiar,Montevideo,2024-S1,total,1870.0,cantidad
6,Cantidad de NNA en el Sistema de Protección Especial del departamento que viven en contexto familiar,Montevideo,2024-S2,total,1930.0,cantidad
6,Cantidad de NNA en el Sistema de Protección Especial del departamento que viven en contexto familiar,Montevideo,2025-S1,total,1930.0,cantidad
6,Cantidad de NNA en el Sistema de Protección Especial del departamento que viven en contexto familiar,Montevideo,2025-S2,total,1949.0,cantidad
7,Cantidad de NNA en el departamento que ingresan por primera vez al Sistema de Protección Especial,Montevideo,2020-S1,total,318.0,cantidad
7,Cantidad de NNA en el departamento que ingresan por primera vez al Sistema de Protección Especial,Montevideo,2020-S2,total,348.0,cantidad
7,Cantidad de NNA en el departamento que ingresan por primera vez al Sistema de Protección Especial,Montevideo,2021-S1,total,305.0,cantidad
7,Cantidad de NNA en el departamento que ingresan por primera vez al Sistema de Protección Especial,Montevideo,2021-S2,total,430.0,cantidad
7,Cantidad de NNA en el departamento que ingresan por primera vez al Sistema de Protección Especial,Montevideo,2022-S1,total,335.0,cantidad
7,Cantidad de NNA en el departamento que ingresan por primera vez al Sistema de Protección Especial,Montevideo,2022-S2,total,427.0,cantidad
7,Cantidad de NNA en el departamento que ingresan por primera vez al Sistema de Protección Especial,Montevideo,2023-S1,total,378.0,cantidad
7,Cantidad de NNA en el departamento que ingresan por primera vez al Sistema de Protección Especial,Montevideo,2023-S2,total,497.0,cantidad
7,Cantidad de NNA en el departamento que ingresan por primera vez al Sistema de Protección Especial,Montevideo,2024-S1,total,343.0,cantidad
7,Cantidad de NNA en el departamento que ingresan por primera vez al Sistema de Protección Especial,Montevideo,2024-S2,total,370.0,cantidad
7,Cantidad de NNA en el departamento que ingresan por primera vez al Sistema de Protección Especial,Montevideo,2025-S1,total,341.0,cantidad
7,Cantidad de NNA en el departamento que ingresan por primera vez al Sistema de Protección Especial,Montevideo,2025-S2,total,380.0,cantidad
8,"Porcentaje de NNA que ingresan por primera vez al Sistema de Protección Especial en algún proyecto del departamento, respecto al total de atendidos por el Sistema en el departamento",Montevideo,2020-S1,total,10.5,porcentaje
8,"Porcentaje de NNA que ingresan por primera vez al Sistema de Protección Especial en algún proyecto del departamento, respecto al total de atendidos por el Sistema en el departamento",Montevideo,2020-S2,total,11.5,porcentaje
8,"Porcentaje de NNA que ingresan por primera vez al Sistema de Protección Especial en algún proyecto del departamento, respecto al total de atendidos por el Sistema en el departamento",Montevideo,2021-S1,total,10.3,porcentaje
8,"Porcentaje de NNA que ingresan por primera vez al Sistema de Protección Especial en algún proyecto del departamento, respecto al total de atendidos por el Sistema en el departamento",Montevideo,2021-S2,total,13.9,porcentaje
8,"Porcentaje de NNA que ingresan por primera vez al Sistema de Protección Especial en algún proyecto del departamento, respecto al total de atendidos por el Sistema en el departamento",Montevideo,2022-S1,total,10.8,porcentaje
8,"Porcentaje de NNA que ingresan por primera vez al Sistema de Protección Especial en algún proyecto del departamento, respecto al total de atendidos por el Sistema en el departamento",Montevideo,2022-S2,total,13.0,porcentaje
8,"Porcentaje de NNA que ingresan por primera vez al Sistema de Protección Especial en algún proyecto del departamento, respecto al total de atendidos por el Sistema en el departamento",Montevideo,2023-S1,total,11.1,porcentaje
8,"Porcentaje de NNA que ingresan por primera vez al Sistema de Protección Especial en algún proyecto del departamento, respecto al total de atendidos por el Sistema en el departamento",Montevideo,2023-S2,total,13.8,porcentaje
8,"Porcentaje de NNA que ingresan por primera vez al Sistema de Protección Especial en algún proyecto del departamento, respecto al total de atendidos por el Sistema en el departamento",Montevideo,2024-S1,total,9.5,porcentaje
8,"Porcentaje de NNA que ingresan por primera vez al Sistema de Protección Especial en algún proyecto del departamento, respecto al total de atendidos por el Sistema en el departamento",Montevideo,2024-S2,total,10.3,porcentaje
8,"Porcentaje de NNA que ingresan por primera vez al Sistema de Protección Especial en algún proyecto del departamento, respecto al total de atendidos por el Sistema en el departamento",Montevideo,2025-S1,total,9.8,porcentaje
8,"Porcentaje de NNA que ingresan por primera vez al Sistema de Protección Especial en algún proyecto del departamento, respecto al total de atendidos por el Sistema en el departamento",Montevideo,2025-S2,total,10.8,porcentaje
9,Cantidad de NNA que ingresan con trayectoria anterior al Sistema de Protección Especial en el departamento,Montevideo,2020-S1,total,103.0,cantidad
9,Cantidad de NNA que ingresan con trayectoria anterior al Sistema de Protección Especial en el departamento,Montevideo,2020-S2,total,107.0,cantidad
9,Cantidad de NNA que ingresan con trayectoria anterior al Sistema de Protección Especial en el departamento,Montevideo,2021-S1,total,93.0,cantidad
9,Cantidad de NNA que ingresan con trayectoria anterior al Sistema de Protección Especial en el departamento,Montevideo,2021-S2,total,105.0,cantidad
9,Cantidad de NNA que ingresan con trayectoria anterior al Sistema de Protección Especial en el departamento,Montevideo,2022-S1,total,94.0,cantidad
9,Cantidad de NNA que ingresan con trayectoria anterior al Sistema de Protección Especial en el departamento,Montevideo,2022-S2,total,134.0,cantidad
9,Cantidad de NNA que ingresan con trayectoria anterior al Sistema de Protección Especial en el departamento,Montevideo,2023-S1,total,116.0,cantidad
9,Cantidad de NNA que ingresan con trayectoria anterior al Sistema de Protección Especial en el departamento,Montevideo,2023-S2,total,93.0,cantidad
9,Cantidad de NNA que ingresan con trayectoria anterior al Sistema de Protección Especial en el departamento,Montevideo,2024-S1,total,77.0,cantidad
9,Cantidad de NNA que ingresan con trayectoria anterior al Sistema de Protección Especial en el departamento,Montevideo,2024-S2,total,102.0,cantidad
9,Cantidad de NNA que ingresan con trayectoria anterior al Sistema de Protección Especial en el departamento,Montevideo,2025-S1,total,107.0,cantidad
9,Cantidad de NNA que ingresan con trayectoria anterior al Sistema de Protección Especial en el departamento,Montevideo,2025-S2,total,110.0,cantidad
10,Porcentaje de NNA que ingresan con trayectoria anterior al Sistema de Protección Especial en algún proyecto del departamento respecto al total de atendidos por el Sistema en el departamento,Montevideo,2020-S1,total,3.4,porcentaje
10,Porcentaje de NNA que ingresan con trayectoria anterior al Sistema de Protección Especial en algún proyecto del departamento respecto al total de atendidos por el Sistema en el departamento,Montevideo,2020-S2,total,3.5,porcentaje
10,Porcentaje de NNA que ingresan con trayectoria anterior al Sistema de Protección Especial en algún proyecto del departamento respecto al total de atendidos por el Sistema en el departamento,Montevideo,2021-S1,total,3.2,porcentaje
10,Porcentaje de NNA que ingresan con trayectoria anterior al Sistema de Protección Especial en algún proyecto del departamento respecto al total de atendidos por el Sistema en el departamento,Montevideo,2021-S2,total,3.4,porcentaje
10,Porcentaje de NNA que ingresan con trayectoria anterior al Sistema de Protección Especial en algún proyecto del departamento respecto al total de atendidos por el Sistema en el departamento,Montevideo,2022-S1,total,3.0,porcentaje
10,Porcentaje de NNA que ingresan con trayectoria anterior al Sistema de Protección Especial en algún proyecto del departamento respecto al total de atendidos por el Sistema en el departamento,Montevideo,2022-S2,total,4.1,porcentaje
10,Porcentaje de NNA que ingresan con trayectoria anterior al Sistema de Protección Especial en algún proyecto del departamento respecto al total de atendidos por el Sistema en el departamento,Montevideo,2023-S1,total,3.4,porcentaje
10,Porcentaje de NNA que ingresan con trayectoria anterior al Sistema de Protección Especial en algún proyecto del departamento respecto al total de atendidos por el Sistema en el departamento,Montevideo,2023-S2,total,2.6,porcentaje
10,Porcentaje de NNA que ingresan con trayectoria anterior al Sistema de Protección Especial en algún proyecto del departamento respecto al total de atendidos por el Sistema en el departamento,Montevideo,2024-S1,total,2.1,porcentaje
10,Porcentaje de NNA que ingresan con trayectoria anterior al Sistema de Protección Especial en algún proyecto del departamento respecto al total de atendidos por el Sistema en el departamento,Montevideo,2024-S2,total,2.8,porcentaje
10,Porcentaje de NNA que ingresan con trayectoria anterior al Sistema de Protección Especial en algún proyecto del departamento respecto al total de atendidos por el Sistema en el departamento,Montevideo,2025-S1,total,3.1,porcentaje
10,Porcentaje de NNA que ingresan con trayectoria anterior al Sistema de Protección Especial en algún proyecto del departamento respecto al total de atendidos por el Sistema en el departamento,Montevideo,2025-S2,total,3.1,porcentaje
11,Cantidad de NNA que egresan del Sistema de Protección Especial en el departamento,Montevideo,2020-S1,total,465.0,cantidad
11,Cantidad de NNA que egresan del Sistema de Protección Especial en el departamento,Montevideo,2020-S2,total,550.0,cantidad
11,Cantidad de NNA que egresan del Sistema de Protección Especial en el departamento,Montevideo,2021-S1,total,449.0,cantidad
11,Cantidad de NNA que egresan del Sistema de Protección Especial en el departamento,Montevideo,2021-S2,total,495.0,cantidad
11,Cantidad de NNA que egresan del Sistema de Protección Especial en el departamento,Montevideo,2022-S1,total,441.0,cantidad
11,Cantidad de NNA que egresan del Sistema de Protección Especial en el departamento,Montevideo,2022-S2,total,424.0,cantidad
11,Cantidad de NNA que egresan del Sistema de Protección Especial en el departamento,Montevideo,2023-S1,total,446.0,cantidad
11,Cantidad de NNA que egresan del Sistema de Protección Especial en el departamento,Montevideo,2023-S2,total,446.0,cantidad
11,Cantidad de NNA que egresan del Sistema de Protección Especial en el departamento,Montevideo,2024-S1,total,540.0,cantidad
11,Cantidad de NNA que egresan del Sistema de Protección Especial en el departamento,Montevideo,2024-S2,total,581.0,cantidad
11,Cantidad de NNA que egresan del Sistema de Protección Especial en el departamento,Montevideo,2025-S1,total,510.0,cantidad
11,Cantidad de NNA que egresan del Sistema de Protección Especial en el departamento,Montevideo,2025-S2,total,510.0,cantidad
12,Cantidad de NNA que egresan del Sistema de Protección Especial en el departamento según tiempos de permanencia en el Sistema,Montevideo,2020-S1,total,465.0,cantidad
12,Cantidad de NNA que egresan del Sistema de Protección Especial en el departamento según tiempos de permanencia en el Sistema,Montevideo,2020-S2,total,550.0,cantidad
12,Cantidad de NNA que egresan del Sistema de Protección Especial en el departamento según tiempos de permanencia en el Sistema,Montevideo,2021-S1,total,449.0,cantidad
12,Cantidad de NNA que egresan del Sistema de Protección Especial en el departamento según tiempos de permanencia en el Sistema,Montevideo,2021-S2,total,495.0,cantidad
12,Cantidad de NNA que egresan del Sistema de Protección Especial en el departamento según tiempos de permanencia en el Sistema,Montevideo,2022-S1,total,441.0,cantidad
12,Cantidad de NNA que egresan del Sistema de Protección Especial en el departamento según tiempos de permanencia en el Sistema,Montevideo,2022-S2,total,424.0,cantidad
12,Cantidad de NNA que egresan del Sistema de Protección Especial en el departamento según tiempos de permanencia en el Sistema,Montevideo,2023-S1,total,446.0,cantidad
12,Cantidad de NNA que egresan del Sistema de Protección Especial en el departamento según tiempos de permanencia en el Sistema,Montevideo,2023-S2,total,446.0,cantidad
12,Cantidad de NNA que egresan del Sistema de Protección Especial en el departamento según tiempos de permanencia en el Sistema,Montevideo,2024-S1,total,540.0,cantidad
12,Cantidad de NNA que egresan del Sistema de Protección Especial en el departamento según tiempos de permanencia en el Sistema,Montevideo,2024-S2,total,581.0,cantidad
12,Cantidad de NNA que egresan del Sistema de Protección Especial en el departamento según tiempos de permanencia en el Sistema,Montevideo,2025-S1,total,510.0,cantidad
12,Cantidad de NNA que egresan del Sistema de Protección Especial en el departamento según tiempos de permanencia en el Sistema,Montevideo,2025-S2,total,510.0,cantidad
13,Cantidad de NNA que egresan del Sistema de Protección Especial en el departamento según tiempos de permanencia en la intervención,Montevideo,2020-S1,total,465.0,cantidad
13,Cantidad de NNA que egresan del Sistema de Protección Especial en el departamento según tiempos de permanencia en la intervención,Montevideo,2020-S2,total,550.0,cantidad
13,Cantidad de NNA que egresan del Sistema de Protección Especial en el departamento según tiempos de permanencia en la intervención,Montevideo,2021-S1,total,449.0,cantidad
13,Cantidad de NNA que egresan del Sistema de Protección Especial en el departamento según tiempos de permanencia en la intervención,Montevideo,2021-S2,total,495.0,cantidad
13,Cantidad de NNA que egresan del Sistema de Protección Especial en el departamento según tiempos de permanencia en la intervención,Montevideo,2022-S1,total,441.0,cantidad
13,Cantidad de NNA que egresan del Sistema de Protección Especial en el departamento según tiempos de permanencia en la intervención,Montevideo,2022-S2,total,424.0,cantidad
13,Cantidad de NNA que egresan del Sistema de Protección Especial en el departamento según tiempos de permanencia en la intervención,Montevideo,2023-S1,total,446.0,cantidad
13,Cantidad de NNA que egresan del Sistema de Protección Especial en el departamento según tiempos de permanencia en la intervención,Montevideo,2023-S2,total,446.0,cantidad
13,Cantidad de NNA que egresan del Sistema de Protección Especial en el departamento según tiempos de permanencia en la intervención,Montevideo,2024-S1,total,540.0,cantidad
13,Cantidad de NNA que egresan del Sistema de Protección Especial en el departamento según tiempos de permanencia en la intervención,Montevideo,2024-S2,total,581.0,cantidad
13,Cantidad de NNA que egresan del Sistema de Protección Especial en el departamento según tiempos de permanencia en la intervención,Montevideo,2025-S1,total,510.0,cantidad
13,Cantidad de NNA que egresan del Sistema de Protección Especial en el departamento según tiempos de permanencia en la intervención,Montevideo,2025-S2,total,510.0,cantidad
14,Cantidad de NNA que dejan de vivir en residencias en el departamento para vivir con una familia,Montevideo,2020-S1,total,449.0,cantidad
14,Cantidad de NNA que dejan de vivir en residencias en el departamento para vivir con una familia,Montevideo,2020-S2,total,448.0,cantidad
14,Cantidad de NNA que dejan de vivir en residencias en el departamento para vivir con una familia,Montevideo,2021-S1,total,327.0,cantidad
14,Cantidad de NNA que dejan de vivir en residencias en el departamento para vivir con una familia,Montevideo,2021-S2,total,511.0,cantidad
14,Cantidad de NNA que dejan de vivir en residencias en el departamento para vivir con una familia,Montevideo,2022-S1,total,480.0,cantidad
14,Cantidad de NNA que dejan de vivir en residencias en el departamento para vivir con una familia,Montevideo,2022-S2,total,540.0,cantidad
14,Cantidad de NNA que dejan de vivir en residencias en el departamento para vivir con una familia,Montevideo,2023-S1,total,490.0,cantidad
14,Cantidad de NNA que dejan de vivir en residencias en el departamento para vivir con una familia,Montevideo,2023-S2,total,522.0,cantidad
14,Cantidad de NNA que dejan de vivir en residencias en el departamento para vivir con una familia,Montevideo,2024-S1,total,548.0,cantidad
14,Cantidad de NNA que dejan de vivir en residencias en el departamento para vivir con una familia,Montevideo,2024-S2,total,566.0,cantidad
14,Cantidad de NNA que dejan de vivir en residencias en el departamento para vivir con una familia,Montevideo,2025-S1,total,514.0,cantidad
14,Cantidad de NNA que dejan de vivir en residencias en el departamento para vivir con una familia,Montevideo,2025-S2,total,532.0,cantidad
15,Cantidad de NNA con condición de adoptabilidad en el departamento,Montevideo,2020-S1,total,232.0,cantidad
15,Cantidad de NNA con condición de adoptabilidad en el departamento,Montevideo,2020-S2,total,215.0,cantidad
15,Cantidad de NNA con condición de adoptabilidad en el departamento,Montevideo,2021-S1,total,216.0,cantidad
15,Cantidad de NNA con condición de adoptabilidad en el departamento,Montevideo,2021-S2,total,251.0,cantidad
15,Cantidad de NNA con condición de adoptabilidad en el departamento,Montevideo,2022-S1,total,255.0,cantidad
15,Cantidad de NNA con condición de adoptabilidad en el departamento,Montevideo,2022-S2,total,259.0,cantidad
15,Cantidad de NNA con condición de adoptabilidad en el departamento,Montevideo,2023-S1,total,260.0,cantidad
15,Cantidad de NNA con condición de adoptabilidad en el departamento,Montevideo,2023-S2,total,268.0,cantidad
15,Cantidad de NNA con condición de adoptabilidad en el departamento,Montevideo,2024-S1,total,261.0,cantidad
15,Cantidad de NNA con condición de adoptabilidad en el departamento,Montevideo,2024-S2,total,270.0,cantidad
15,Cantidad de NNA con condición de adoptabilidad en el departamento,Montevideo,2025-S1,total,246.0,cantidad
15,Cantidad de NNA con condición de adoptabilidad en el departamento,Montevideo,2025-S2,total,261.0,cantidad
16,"Porcentaje de NNA con condición de adoptabilidad en el departamento, respecto al total de NNA atendidos por el Sistema de Protección Especial en el departamento",Montevideo,2020-S1,total,7.7,porcentaje
16,"Porcentaje de NNA con condición de adoptabilidad en el departamento, respecto al total de NNA atendidos por el Sistema de Protección Especial en el departamento",Montevideo,2020-S2,total,7.1,porcentaje
16,"Porcentaje de NNA con condición de adoptabilidad en el departamento, respecto al total de NNA atendidos por el Sistema de Protección Especial en el departamento",Montevideo,2021-S1,total,7.3,porcentaje
16,"Porcentaje de NNA con condición de adoptabilidad en el departamento, respecto al total de NNA atendidos por el Sistema de Protección Especial en el departamento",Montevideo,2021-S2,total,8.1,porcentaje
16,"Porcentaje de NNA con condición de adoptabilidad en el departamento, respecto al total de NNA atendidos por el Sistema de Protección Especial en el departamento",Montevideo,2022-S1,total,8.2,porcentaje
16,"Porcentaje de NNA con condición de adoptabilidad en el departamento, respecto al total de NNA atendidos por el Sistema de Protección Especial en el departamento",Montevideo,2022-S2,total,7.9,porcentaje
16,"Porcentaje de NNA con condición de adoptabilidad en el departamento, respecto al total de NNA atendidos por el Sistema de Protección Especial en el departamento",Montevideo,2023-S1,total,7.6,porcentaje
16,"Porcentaje de NNA con condición de adoptabilidad en el departamento, respecto al total de NNA atendidos por el Sistema de Protección Especial en el departamento",Montevideo,2023-S2,total,7.5,porcentaje
16,"Porcentaje de NNA con condición de adoptabilidad en el departamento, respecto al total de NNA atendidos por el Sistema de Protección Especial en el departamento",Montevideo,2024-S1,total,7.3,porcentaje
16,"Porcentaje de NNA con condición de adoptabilidad en el departamento, respecto al total de NNA atendidos por el Sistema de Protección Especial en el departamento",Montevideo,2024-S2,total,7.5,porcentaje
16,"Porcentaje de NNA con condición de adoptabilidad en el departamento, respecto al total de NNA atendidos por el Sistema de Protección Especial en el departamento",Montevideo,2025-S1,total,7.0,porcentaje
16,"Porcentaje de NNA con condición de adoptabilidad en el departamento, respecto al total de NNA atendidos por el Sistema de Protección Especial en el departamento",Montevideo,2025-S2,total,7.4,porcentaje
17,Cantidad de NNA con condición de adoptabilidad en el departamento que pasa a seguimiento de tenencia,Montevideo,2020-S1,total,18.0,cantidad
17,Cantidad de NNA con condición de adoptabilidad en el departamento que pasa a seguimiento de tenencia,Montevideo,2020-S2,total,33.0,cantidad
17,Cantidad de NNA con condición de adoptabilidad en el departamento que pasa a seguimiento de tenencia,Montevideo,2021-S1,total,16.0,cantidad
17,Cantidad de NNA con condición de adoptabilidad en el departamento que pasa a seguimiento de tenencia,Montevideo,2021-S2,total,32.0,cantidad
17,Cantidad de NNA con condición de adoptabilidad en el departamento que pasa a seguimiento de tenencia,Montevideo,2022-S1,total,28.0,cantidad
17,Cantidad de NNA con condición de adoptabilidad en el departamento que pasa a seguimiento de tenencia,Montevideo,2022-S2,total,16.0,cantidad
17,Cantidad de NNA con condición de adoptabilidad en el departamento que pasa a seguimiento de tenencia,Montevideo,2023-S1,total,23.0,cantidad
17,Cantidad de NNA con condición de adoptabilidad en el departamento que pasa a seguimiento de tenencia,Montevideo,2023-S2,total,25.0,cantidad
17,Cantidad de NNA con condición de adoptabilidad en el departamento que pasa a seguimiento de tenencia,Montevideo,2024-S1,total,18.0,cantidad
17,Cantidad de NNA con condición de adoptabilidad en el departamento que pasa a seguimiento de tenencia,Montevideo,2024-S2,total,24.0,cantidad
17,Cantidad de NNA con condición de adoptabilidad en el departamento que pasa a seguimiento de tenencia,Montevideo,2025-S1,total,16.0,cantidad
17,Cantidad de NNA con condición de adoptabilidad en el departamento que pasa a seguimiento de tenencia,Montevideo,2025-S2,total,18.0,cantidad
19,Cantidad de NNA atendidos por el Sistema de Protección Especial en el departamento que tiene Proyecto de Atención Integral (PAI),Montevideo,2020-S1,total,139.0,cantidad
19,Cantidad de NNA atendidos por el Sistema de Protección Especial en el departamento que tiene Proyecto de Atención Integral (PAI),Montevideo,2020-S2,total,59.0,cantidad
19,Cantidad de NNA atendidos por el Sistema de Protección Especial en el departamento que tiene Proyecto de Atención Integral (PAI),Montevideo,2021-S1,total,73.0,cantidad
19,Cantidad de NNA atendidos por el Sistema de Protección Especial en el departamento que tiene Proyecto de Atención Integral (PAI),Montevideo,2021-S2,total,9.0,cantidad
19,Cantidad de NNA atendidos por el Sistema de Protección Especial en el departamento que tiene Proyecto de Atención Integral (PAI),Montevideo,2022-S1,total,39.0,cantidad
19,Cantidad de NNA atendidos por el Sistema de Protección Especial en el departamento que tiene Proyecto de Atención Integral (PAI),Montevideo,2022-S2,total,16.0,cantidad
19,Cantidad de NNA atendidos por el Sistema de Protección Especial en el departamento que tiene Proyecto de Atención Integral (PAI),Montevideo,2023-S1,total,34.0,cantidad
19,Cantidad de NNA atendidos por el Sistema de Protección Especial en el departamento que tiene Proyecto de Atención Integral (PAI),Montevideo,2023-S2,total,43.0,cantidad
19,Cantidad de NNA atendidos por el Sistema de Protección Especial en el departamento que tiene Proyecto de Atención Integral (PAI),Montevideo,2024-S1,total,85.0,cantidad
19,Cantidad de NNA atendidos por el Sistema de Protección Especial en el departamento que tiene Proyecto de Atención Integral (PAI),Montevideo,2024-S2,total,28.0,cantidad
19,Cantidad de NNA atendidos por el Sistema de Protección Especial en el departamento que tiene Proyecto de Atención Integral (PAI),Montevideo,2025-S1,total,40.0,cantidad
19,Cantidad de NNA atendidos por el Sistema de Protección Especial en el departamento que tiene Proyecto de Atención Integral (PAI),Montevideo,2025-S2,total,31.0,cantidad
20,"Cantidad de NN de 0 a 5 años atendidos por el Sistema de Protección Especial en el departamento, inscriptos en centros de educación y cuidado",Montevideo,2021-S1,total,297.0,cantidad
20,"Cantidad de NN de 0 a 5 años atendidos por el Sistema de Protección Especial en el departamento, inscriptos en centros de educación y cuidado",Montevideo,2021-S2,total,298.0,cantidad
20,"Cantidad de NN de 0 a 5 años atendidos por el Sistema de Protección Especial en el departamento, inscriptos en centros de educación y cuidado",Montevideo,2022-S1,total,306.0,cantidad
20,"Cantidad de NN de 0 a 5 años atendidos por el Sistema de Protección Especial en el departamento, inscriptos en centros de educación y cuidado",Montevideo,2022-S2,total,261.0,cantidad
20,"Cantidad de NN de 0 a 5 años atendidos por el Sistema de Protección Especial en el departamento, inscriptos en centros de educación y cuidado",Montevideo,2023-S1,total,292.0,cantidad
20,"Cantidad de NN de 0 a 5 años atendidos por el Sistema de Protección Especial en el departamento, inscriptos en centros de educación y cuidado",Montevideo,2023-S2,total,309.0,cantidad
20,"Cantidad de NN de 0 a 5 años atendidos por el Sistema de Protección Especial en el departamento, inscriptos en centros de educación y cuidado",Montevideo,2024-S1,total,337.0,cantidad
20,"Cantidad de NN de 0 a 5 años atendidos por el Sistema de Protección Especial en el departamento, inscriptos en centros de educación y cuidado",Montevideo,2024-S2,total,319.0,cantidad
20,"Cantidad de NN de 0 a 5 años atendidos por el Sistema de Protección Especial en el departamento, inscriptos en centros de educación y cuidado",Montevideo,2025-S1,total,335.0,cantidad
20,"Cantidad de NN de 0 a 5 años atendidos por el Sistema de Protección Especial en el departamento, inscriptos en centros de educación y cuidado",Montevideo,2025-S2,total,309.0,cantidad
21,"Cantidad de NNA de 6 a 17 años atendidos por el Sistema de Protección Especial en el departamento, inscriptos en centros de educación formal",Montevideo,2021-S1,total,1747.0,cantidad
21,"Cantidad de NNA de 6 a 17 años atendidos por el Sistema de Protección Especial en el departamento, inscriptos en centros de educación formal",Montevideo,2021-S2,total,1893.0,cantidad
21,"Cantidad de NNA de 6 a 17 años atendidos por el Sistema de Protección Especial en el departamento, inscriptos en centros de educación formal",Montevideo,2022-S1,total,1886.0,cantidad
21,"Cantidad de NNA de 6 a 17 años atendidos por el Sistema de Protección Especial en el departamento, inscriptos en centros de educación formal",Montevideo,2022-S2,total,2106.0,cantidad
21,"Cantidad de NNA de 6 a 17 años atendidos por el Sistema de Protección Especial en el departamento, inscriptos en centros de educación formal",Montevideo,2023-S1,total,2129.0,cantidad
21,"Cantidad de NNA de 6 a 17 años atendidos por el Sistema de Protección Especial en el departamento, inscriptos en centros de educación formal",Montevideo,2023-S2,total,2264.0,cantidad
21,"Cantidad de NNA de 6 a 17 años atendidos por el Sistema de Protección Especial en el departamento, inscriptos en centros de educación formal",Montevideo,2024-S1,total,2183.0,cantidad
21,"Cantidad de NNA de 6 a 17 años atendidos por el Sistema de Protección Especial en el departamento, inscriptos en centros de educación formal",Montevideo,2024-S2,total,2189.0,cantidad
21,"Cantidad de NNA de 6 a 17 años atendidos por el Sistema de Protección Especial en el departamento, inscriptos en centros de educación formal",Montevideo,2025-S1,total,2164.0,cantidad
21,"Cantidad de NNA de 6 a 17 años atendidos por el Sistema de Protección Especial en el departamento, inscriptos en centros de educación formal",Montevideo,2025-S2,total,2244.0,cantidad
23,Cantidad de NNA atendidos por el Sistema de Protección Especial en el departamento con controles médicos al día,Montevideo,2020-S1,total,1780.0,cantidad
23,Cantidad de NNA atendidos por el Sistema de Protección Especial en el departamento con controles médicos al día,Montevideo,2020-S2,total,1327.0,cantidad
23,Cantidad de NNA atendidos por el Sistema de Protección Especial en el departamento con controles médicos al día,Montevideo,2021-S1,total,1513.0,cantidad
23,Cantidad de NNA atendidos por el Sistema de Protección Especial en el departamento con controles médicos al día,Montevideo,2021-S2,total,1295.0,cantidad
23,Cantidad de NNA atendidos por el Sistema de Protección Especial en el departamento con controles médicos al día,Montevideo,2022-S1,total,1424.0,cantidad
23,Cantidad de NNA atendidos por el Sistema de Protección Especial en el departamento con controles médicos al día,Montevideo,2022-S2,total,1635.0,cantidad
23,Cantidad de NNA atendidos por el Sistema de Protección Especial en el departamento con controles médicos al día,Montevideo,2023-S1,total,1693.0,cantidad
23,Cantidad de NNA atendidos por el Sistema de Protección Especial en el departamento con controles médicos al día,Montevideo,2023-S2,total,1622.0,cantidad
23,Cantidad de NNA atendidos por el Sistema de Protección Especial en el departamento con controles médicos al día,Montevideo,2024-S1,total,2052.0,cantidad
23,Cantidad de NNA atendidos por el Sistema de Protección Especial en el departamento con controles médicos al día,Montevideo,2024-S2,total,1919.0,cantidad
23,Cantidad de NNA atendidos por el Sistema de Protección Especial en el departamento con controles médicos al día,Montevideo,2025-S1,total,2223.0,cantidad
23,Cantidad de NNA atendidos por el Sistema de Protección Especial en el departamento con controles médicos al día,Montevideo,2025-S2,total,2211.0,cantidad
24,Cantidad de NNA atendidos por el Sistema de Protección Especial en el departamento con vacunas al día,Montevideo,2020-S1,total,2373.0,cantidad
24,Cantidad de NNA atendidos por el Sistema de Protección Especial en el departamento con vacunas al día,Montevideo,2020-S2,total,2121.0,cantidad
24,Cantidad de NNA atendidos por el Sistema de Protección Especial en el departamento con vacunas al día,Montevideo,2021-S1,total,2275.0,cantidad
24,Cantidad de NNA atendidos por el Sistema de Protección Especial en el departamento con vacunas al día,Montevideo,2021-S2,total,2166.0,cantidad
24,Cantidad de NNA atendidos por el Sistema de Protección Especial en el departamento con vacunas al día,Montevideo,2022-S1,total,2078.0,cantidad
24,Cantidad de NNA atendidos por el Sistema de Protección Especial en el departamento con vacunas al día,Montevideo,2022-S2,total,2321.0,cantidad
24,Cantidad de NNA atendidos por el Sistema de Protección Especial en el departamento con vacunas al día,Montevideo,2023-S1,total,2451.0,cantidad
24,Cantidad de NNA atendidos por el Sistema de Protección Especial en el departamento con vacunas al día,Montevideo,2023-S2,total,2599.0,cantidad
24,Cantidad de NNA atendidos por el Sistema de Protección Especial en el departamento con vacunas al día,Montevideo,2024-S1,total,2712.0,cantidad
24,Cantidad de NNA atendidos por el Sistema de Protección Especial en el departamento con vacunas al día,Montevideo,2024-S2,total,2596.0,cantidad
24,Cantidad de NNA atendidos por el Sistema de Protección Especial en el departamento con vacunas al día,Montevideo,2025-S1,total,2645.0,cantidad
24,Cantidad de NNA atendidos por el Sistema de Protección Especial en el departamento con vacunas al día,Montevideo,2025-S2,total,2774.0,cantidad
1,Cantidad de NNA atendidos en algún proyecto del Sistema de Protección Especial del departamento,Paysandú,2020-S1,total,303.0,cantidad
1,Cantidad de NNA atendidos en algún proyecto del Sistema de Protección Especial del departamento,Paysandú,2020-S2,total,259.0,cantidad
1,Cantidad de NNA atendidos en algún proyecto del Sistema de Protección Especial del departamento,Paysandú,2021-S1,total,256.0,cantidad
1,Cantidad de NNA atendidos en algún proyecto del Sistema de Protección Especial del departamento,Paysandú,2021-S2,total,235.0,cantidad
1,Cantidad de NNA atendidos en algún proyecto del Sistema de Protección Especial del departamento,Paysandú,2022-S1,total,257.0,cantidad
1,Cantidad de NNA atendidos en algún proyecto del Sistema de Protección Especial del departamento,Paysandú,2022-S2,total,270.0,cantidad
1,Cantidad de NNA atendidos en algún proyecto del Sistema de Protección Especial del departamento,Paysandú,2023-S1,total,271.0,cantidad
1,Cantidad de NNA atendidos en algún proyecto del Sistema de Protección Especial del departamento,Paysandú,2023-S2,total,263.0,cantidad
1,Cantidad de NNA atendidos en algún proyecto del Sistema de Protección Especial del departamento,Paysandú,2024-S1,total,215.0,cantidad
1,Cantidad de NNA atendidos en algún proyecto del Sistema de Protección Especial del departamento,Paysandú,2024-S2,total,154.0,cantidad
1,Cantidad de NNA atendidos en algún proyecto del Sistema de Protección Especial del departamento,Paysandú,2025-S1,total,153.0,cantidad
1,Cantidad de NNA atendidos en algún proyecto del Sistema de Protección Especial del departamento,Paysandú,2025-S2,total,157.0,cantidad
2,Porcentaje de NNA atendidos en algún proyecto del Sistema de Protección Especial del departamento respecto a la población total INAU del departamento,Paysandú,2020-S1,total,6.2,porcentaje
2,Porcentaje de NNA atendidos en algún proyecto del Sistema de Protección Especial del departamento respecto a la población total INAU del departamento,Paysandú,2020-S2,total,5.2,porcentaje
2,Porcentaje de NNA atendidos en algún proyecto del Sistema de Protección Especial del departamento respecto a la población total INAU del departamento,Paysandú,2021-S1,total,5.3,porcentaje
2,Porcentaje de NNA atendidos en algún proyecto del Sistema de Protección Especial del departamento respecto a la población total INAU del departamento,Paysandú,2021-S2,total,4.7,porcentaje
2,Porcentaje de NNA atendidos en algún proyecto del Sistema de Protección Especial del departamento respecto a la población total INAU del departamento,Paysandú,2022-S1,total,5.2,porcentaje
2,Porcentaje de NNA atendidos en algún proyecto del Sistema de Protección Especial del departamento respecto a la población total INAU del departamento,Paysandú,2022-S2,total,5.2,porcentaje
2,Porcentaje de NNA atendidos en algún proyecto del Sistema de Protección Especial del departamento respecto a la población total INAU del departamento,Paysandú,2023-S1,total,5.4,porcentaje
2,Porcentaje de NNA atendidos en algún proyecto del Sistema de Protección Especial del departamento respecto a la población total INAU del departamento,Paysandú,2023-S2,total,5.3,porcentaje
2,Porcentaje de NNA atendidos en algún proyecto del Sistema de Protección Especial del departamento respecto a la población total INAU del departamento,Paysandú,2024-S1,total,4.4,porcentaje
2,Porcentaje de NNA atendidos en algún proyecto del Sistema de Protección Especial del departamento respecto a la población total INAU del departamento,Paysandú,2024-S2,total,3.0,porcentaje
2,Porcentaje de NNA atendidos en algún proyecto del Sistema de Protección Especial del departamento respecto a la población total INAU del departamento,Paysandú,2025-S1,total,3.2,porcentaje
2,Porcentaje de NNA atendidos en algún proyecto del Sistema de Protección Especial del departamento respecto a la población total INAU del departamento,Paysandú,2025-S2,total,3.2,porcentaje
5,Cantidad de NNA en el Sistema de Protección Especial del departamento que viven en residencia,Paysandú,2020-S1,total,115.0,cantidad
5,Cantidad de NNA en el Sistema de Protección Especial del departamento que viven en residencia,Paysandú,2020-S2,total,121.0,cantidad
5,Cantidad de NNA en el Sistema de Protección Especial del departamento que viven en residencia,Paysandú,2021-S1,total,117.0,cantidad
5,Cantidad de NNA en el Sistema de Protección Especial del departamento que viven en residencia,Paysandú,2021-S2,total,100.0,cantidad
5,Cantidad de NNA en el Sistema de Protección Especial del departamento que viven en residencia,Paysandú,2022-S1,total,101.0,cantidad
5,Cantidad de NNA en el Sistema de Protección Especial del departamento que viven en residencia,Paysandú,2022-S2,total,110.0,cantidad
5,Cantidad de NNA en el Sistema de Protección Especial del departamento que viven en residencia,Paysandú,2023-S1,total,101.0,cantidad
5,Cantidad de NNA en el Sistema de Protección Especial del departamento que viven en residencia,Paysandú,2023-S2,total,110.0,cantidad
5,Cantidad de NNA en el Sistema de Protección Especial del departamento que viven en residencia,Paysandú,2024-S1,total,112.0,cantidad
5,Cantidad de NNA en el Sistema de Protección Especial del departamento que viven en residencia,Paysandú,2024-S2,total,91.0,cantidad
5,Cantidad de NNA en el Sistema de Protección Especial del departamento que viven en residencia,Paysandú,2025-S1,total,99.0,cantidad
5,Cantidad de NNA en el Sistema de Protección Especial del departamento que viven en residencia,Paysandú,2025-S2,total,108.0,cantidad
6,Cantidad de NNA en el Sistema de Protección Especial del departamento que viven en contexto familiar,Paysandú,2020-S1,total,188.0,cantidad
6,Cantidad de NNA en el Sistema de Protección Especial del departamento que viven en contexto familiar,Paysandú,2020-S2,total,138.0,cantidad
6,Cantidad de NNA en el Sistema de Protección Especial del departamento que viven en contexto familiar,Paysandú,2021-S1,total,139.0,cantidad
6,Cantidad de NNA en el Sistema de Protección Especial del departamento que viven en contexto familiar,Paysandú,2021-S2,total,135.0,cantidad
6,Cantidad de NNA en el Sistema de Protección Especial del departamento que viven en contexto familiar,Paysandú,2022-S1,total,155.0,cantidad
6,Cantidad de NNA en el Sistema de Protección Especial del departamento que viven en contexto familiar,Paysandú,2022-S2,total,159.0,cantidad
6,Cantidad de NNA en el Sistema de Protección Especial del departamento que viven en contexto familiar,Paysandú,2023-S1,total,169.0,cantidad
6,Cantidad de NNA en el Sistema de Protección Especial del departamento que viven en contexto familiar,Paysandú,2023-S2,total,152.0,cantidad
6,Cantidad de NNA en el Sistema de Protección Especial del departamento que viven en contexto familiar,Paysandú,2024-S1,total,103.0,cantidad
6,Cantidad de NNA en el Sistema de Protección Especial del departamento que viven en contexto familiar,Paysandú,2024-S2,total,63.0,cantidad
6,Cantidad de NNA en el Sistema de Protección Especial del departamento que viven en contexto familiar,Paysandú,2025-S1,total,54.0,cantidad
6,Cantidad de NNA en el Sistema de Protección Especial del departamento que viven en contexto familiar,Paysandú,2025-S2,total,49.0,cantidad
7,Cantidad de NNA en el departamento que ingresan por primera vez al Sistema de Protección Especial,Paysandú,2020-S1,total,34.0,cantidad
7,Cantidad de NNA en el departamento que ingresan por primera vez al Sistema de Protección Especial,Paysandú,2020-S2,total,25.0,cantidad
7,Cantidad de NNA en el departamento que ingresan por primera vez al Sistema de Protección Especial,Paysandú,2021-S1,total,23.0,cantidad
7,Cantidad de NNA en el departamento que ingresan por primera vez al Sistema de Protección Especial,Paysandú,2021-S2,total,34.0,cantidad
7,Cantidad de NNA en el departamento que ingresan por primera vez al Sistema de Protección Especial,Paysandú,2022-S1,total,31.0,cantidad
7,Cantidad de NNA en el departamento que ingresan por primera vez al Sistema de Protección Especial,Paysandú,2022-S2,total,36.0,cantidad
7,Cantidad de NNA en el departamento que ingresan por primera vez al Sistema de Protección Especial,Paysandú,2023-S1,total,36.0,cantidad
7,Cantidad de NNA en el departamento que ingresan por primera vez al Sistema de Protección Especial,Paysandú,2023-S2,total,33.0,cantidad
7,Cantidad de NNA en el departamento que ingresan por primera vez al Sistema de Protección Especial,Paysandú,2024-S1,total,27.0,cantidad
7,Cantidad de NNA en el departamento que ingresan por primera vez al Sistema de Protección Especial,Paysandú,2024-S2,total,24.0,cantidad
7,Cantidad de NNA en el departamento que ingresan por primera vez al Sistema de Protección Especial,Paysandú,2025-S1,total,19.0,cantidad
7,Cantidad de NNA en el departamento que ingresan por primera vez al Sistema de Protección Especial,Paysandú,2025-S2,total,39.0,cantidad
8,"Porcentaje de NNA que ingresan por primera vez al Sistema de Protección Especial en algún proyecto del departamento, respecto al total de atendidos por el Sistema en el departamento",Paysandú,2020-S1,total,12.2,porcentaje
8,"Porcentaje de NNA que ingresan por primera vez al Sistema de Protección Especial en algún proyecto del departamento, respecto al total de atendidos por el Sistema en el departamento",Paysandú,2020-S2,total,8.9,porcentaje
8,"Porcentaje de NNA que ingresan por primera vez al Sistema de Protección Especial en algún proyecto del departamento, respecto al total de atendidos por el Sistema en el departamento",Paysandú,2021-S1,total,9.5,porcentaje
8,"Porcentaje de NNA que ingresan por primera vez al Sistema de Protección Especial en algún proyecto del departamento, respecto al total de atendidos por el Sistema en el departamento",Paysandú,2021-S2,total,14.0,porcentaje
8,"Porcentaje de NNA que ingresan por primera vez al Sistema de Protección Especial en algún proyecto del departamento, respecto al total de atendidos por el Sistema en el departamento",Paysandú,2022-S1,total,13.5,porcentaje
8,"Porcentaje de NNA que ingresan por primera vez al Sistema de Protección Especial en algún proyecto del departamento, respecto al total de atendidos por el Sistema en el departamento",Paysandú,2022-S2,total,13.7,porcentaje
8,"Porcentaje de NNA que ingresan por primera vez al Sistema de Protección Especial en algún proyecto del departamento, respecto al total de atendidos por el Sistema en el departamento",Paysandú,2023-S1,total,13.1,porcentaje
8,"Porcentaje de NNA que ingresan por primera vez al Sistema de Protección Especial en algún proyecto del departamento, respecto al total de atendidos por el Sistema en el departamento",Paysandú,2023-S2,total,12.1,porcentaje
8,"Porcentaje de NNA que ingresan por primera vez al Sistema de Protección Especial en algún proyecto del departamento, respecto al total de atendidos por el Sistema en el departamento",Paysandú,2024-S1,total,10.4,porcentaje
8,"Porcentaje de NNA que ingresan por primera vez al Sistema de Protección Especial en algún proyecto del departamento, respecto al total de atendidos por el Sistema en el departamento",Paysandú,2024-S2,total,12.3,porcentaje
8,"Porcentaje de NNA que ingresan por primera vez al Sistema de Protección Especial en algún proyecto del departamento, respecto al total de atendidos por el Sistema en el departamento",Paysandú,2025-S1,total,10.4,porcentaje
8,"Porcentaje de NNA que ingresan por primera vez al Sistema de Protección Especial en algún proyecto del departamento, respecto al total de atendidos por el Sistema en el departamento",Paysandú,2025-S2,total,19.3,porcentaje
9,Cantidad de NNA que ingresan con trayectoria anterior al Sistema de Protección Especial en el departamento,Paysandú,2020-S1,total,8.0,cantidad
9,Cantidad de NNA que ingresan con trayectoria anterior al Sistema de Protección Especial en el departamento,Paysandú,2020-S2,total,5.0,cantidad
9,Cantidad de NNA que ingresan con trayectoria anterior al Sistema de Protección Especial en el departamento,Paysandú,2021-S1,total,11.0,cantidad
9,Cantidad de NNA que ingresan con trayectoria anterior al Sistema de Protección Especial en el departamento,Paysandú,2021-S2,total,4.0,cantidad
9,Cantidad de NNA que ingresan con trayectoria anterior al Sistema de Protección Especial en el departamento,Paysandú,2022-S1,total,13.0,cantidad
9,Cantidad de NNA que ingresan con trayectoria anterior al Sistema de Protección Especial en el departamento,Paysandú,2022-S2,total,13.0,cantidad
9,Cantidad de NNA que ingresan con trayectoria anterior al Sistema de Protección Especial en el departamento,Paysandú,2023-S1,total,13.0,cantidad
9,Cantidad de NNA que ingresan con trayectoria anterior al Sistema de Protección Especial en el departamento,Paysandú,2023-S2,total,9.0,cantidad
9,Cantidad de NNA que ingresan con trayectoria anterior al Sistema de Protección Especial en el departamento,Paysandú,2024-S1,total,8.0,cantidad
9,Cantidad de NNA que ingresan con trayectoria anterior al Sistema de Protección Especial en el departamento,Paysandú,2024-S2,total,7.0,cantidad
9,Cantidad de NNA que ingresan con trayectoria anterior al Sistema de Protección Especial en el departamento,Paysandú,2025-S1,total,3.0,cantidad
9,Cantidad de NNA que ingresan con trayectoria anterior al Sistema de Protección Especial en el departamento,Paysandú,2025-S2,total,7.0,cantidad
10,Porcentaje de NNA que ingresan con trayectoria anterior al Sistema de Protección Especial en algún proyecto del departamento respecto al total de atendidos por el Sistema en el departamento,Paysandú,2020-S1,total,2.9,porcentaje
10,Porcentaje de NNA que ingresan con trayectoria anterior al Sistema de Protección Especial en algún proyecto del departamento respecto al total de atendidos por el Sistema en el departamento,Paysandú,2020-S2,total,1.8,porcentaje
10,Porcentaje de NNA que ingresan con trayectoria anterior al Sistema de Protección Especial en algún proyecto del departamento respecto al total de atendidos por el Sistema en el departamento,Paysandú,2021-S1,total,4.5,porcentaje
10,Porcentaje de NNA que ingresan con trayectoria anterior al Sistema de Protección Especial en algún proyecto del departamento respecto al total de atendidos por el Sistema en el departamento,Paysandú,2021-S2,total,1.6,porcentaje
10,Porcentaje de NNA que ingresan con trayectoria anterior al Sistema de Protección Especial en algún proyecto del departamento respecto al total de atendidos por el Sistema en el departamento,Paysandú,2022-S1,total,5.7,porcentaje
10,Porcentaje de NNA que ingresan con trayectoria anterior al Sistema de Protección Especial en algún proyecto del departamento respecto al total de atendidos por el Sistema en el departamento,Paysandú,2022-S2,total,5.0,porcentaje
10,Porcentaje de NNA que ingresan con trayectoria anterior al Sistema de Protección Especial en algún proyecto del departamento respecto al total de atendidos por el Sistema en el departamento,Paysandú,2023-S1,total,4.7,porcentaje
10,Porcentaje de NNA que ingresan con trayectoria anterior al Sistema de Protección Especial en algún proyecto del departamento respecto al total de atendidos por el Sistema en el departamento,Paysandú,2023-S2,total,3.3,porcentaje
10,Porcentaje de NNA que ingresan con trayectoria anterior al Sistema de Protección Especial en algún proyecto del departamento respecto al total de atendidos por el Sistema en el departamento,Paysandú,2024-S1,total,3.1,porcentaje
10,Porcentaje de NNA que ingresan con trayectoria anterior al Sistema de Protección Especial en algún proyecto del departamento respecto al total de atendidos por el Sistema en el departamento,Paysandú,2024-S2,total,3.6,porcentaje
10,Porcentaje de NNA que ingresan con trayectoria anterior al Sistema de Protección Especial en algún proyecto del departamento respecto al total de atendidos por el Sistema en el departamento,Paysandú,2025-S1,total,1.6,porcentaje
10,Porcentaje de NNA que ingresan con trayectoria anterior al Sistema de Protección Especial en algún proyecto del departamento respecto al total de atendidos por el Sistema en el departamento,Paysandú,2025-S2,total,3.5,porcentaje
11,Cantidad de NNA que egresan del Sistema de Protección Especial en el departamento,Paysandú,2020-S1,total,33.0,cantidad
11,Cantidad de NNA que egresan del Sistema de Protección Especial en el departamento,Paysandú,2020-S2,total,76.0,cantidad
11,Cantidad de NNA que egresan del Sistema de Protección Especial en el departamento,Paysandú,2021-S1,total,61.0,cantidad
11,Cantidad de NNA que egresan del Sistema de Protección Especial en el departamento,Paysandú,2021-S2,total,60.0,cantidad
11,Cantidad de NNA que egresan del Sistema de Protección Especial en el departamento,Paysandú,2022-S1,total,39.0,cantidad
11,Cantidad de NNA que egresan del Sistema de Protección Especial en el departamento,Paysandú,2022-S2,total,145.0,cantidad
11,Cantidad de NNA que egresan del Sistema de Protección Especial en el departamento,Paysandú,2023-S1,total,65.0,cantidad
11,Cantidad de NNA que egresan del Sistema de Protección Especial en el departamento,Paysandú,2023-S2,total,60.0,cantidad
11,Cantidad de NNA que egresan del Sistema de Protección Especial en el departamento,Paysandú,2024-S1,total,93.0,cantidad
11,Cantidad de NNA que egresan del Sistema de Protección Especial en el departamento,Paysandú,2024-S2,total,115.0,cantidad
11,Cantidad de NNA que egresan del Sistema de Protección Especial en el departamento,Paysandú,2025-S1,total,47.0,cantidad
11,Cantidad de NNA que egresan del Sistema de Protección Especial en el departamento,Paysandú,2025-S2,total,51.0,cantidad
12,Cantidad de NNA que egresan del Sistema de Protección Especial en el departamento según tiempos de permanencia en el Sistema,Paysandú,2020-S1,total,33.0,cantidad
12,Cantidad de NNA que egresan del Sistema de Protección Especial en el departamento según tiempos de permanencia en el Sistema,Paysandú,2020-S2,total,76.0,cantidad
12,Cantidad de NNA que egresan del Sistema de Protección Especial en el departamento según tiempos de permanencia en el Sistema,Paysandú,2021-S1,total,61.0,cantidad
12,Cantidad de NNA que egresan del Sistema de Protección Especial en el departamento según tiempos de permanencia en el Sistema,Paysandú,2021-S2,total,60.0,cantidad
12,Cantidad de NNA que egresan del Sistema de Protección Especial en el departamento según tiempos de permanencia en el Sistema,Paysandú,2022-S1,total,39.0,cantidad
12,Cantidad de NNA que egresan del Sistema de Protección Especial en el departamento según tiempos de permanencia en el Sistema,Paysandú,2022-S2,total,145.0,cantidad
12,Cantidad de NNA que egresan del Sistema de Protección Especial en el departamento según tiempos de permanencia en el Sistema,Paysandú,2023-S1,total,65.0,cantidad
12,Cantidad de NNA que egresan del Sistema de Protección Especial en el departamento según tiempos de permanencia en el Sistema,Paysandú,2023-S2,total,60.0,cantidad
12,Cantidad de NNA que egresan del Sistema de Protección Especial en el departamento según tiempos de permanencia en el Sistema,Paysandú,2024-S1,total,93.0,cantidad
12,Cantidad de NNA que egresan del Sistema de Protección Especial en el departamento según tiempos de permanencia en el Sistema,Paysandú,2024-S2,total,115.0,cantidad
12,Cantidad de NNA que egresan del Sistema de Protección Especial en el departamento según tiempos de permanencia en el Sistema,Paysandú,2025-S1,total,47.0,cantidad
12,Cantidad de NNA que egresan del Sistema de Protección Especial en el departamento según tiempos de permanencia en el Sistema,Paysandú,2025-S2,total,51.0,cantidad
13,Cantidad de NNA que egresan del Sistema de Protección Especial en el departamento según tiempos de permanencia en la intervención,Paysandú,2020-S1,total,33.0,cantidad
13,Cantidad de NNA que egresan del Sistema de Protección Especial en el departamento según tiempos de permanencia en la intervención,Paysandú,2020-S2,total,76.0,cantidad
13,Cantidad de NNA que egresan del Sistema de Protección Especial en el departamento según tiempos de permanencia en la intervención,Paysandú,2021-S1,total,61.0,cantidad
13,Cantidad de NNA que egresan del Sistema de Protección Especial en el departamento según tiempos de permanencia en la intervención,Paysandú,2021-S2,total,60.0,cantidad
13,Cantidad de NNA que egresan del Sistema de Protección Especial en el departamento según tiempos de permanencia en la intervención,Paysandú,2022-S1,total,39.0,cantidad
13,Cantidad de NNA que egresan del Sistema de Protección Especial en el departamento según tiempos de permanencia en la intervención,Paysandú,2022-S2,total,145.0,cantidad
13,Cantidad de NNA que egresan del Sistema de Protección Especial en el departamento según tiempos de permanencia en la intervención,Paysandú,2023-S1,total,65.0,cantidad
13,Cantidad de NNA que egresan del Sistema de Protección Especial en el departamento según tiempos de permanencia en la intervención,Paysandú,2023-S2,total,60.0,cantidad
13,Cantidad de NNA que egresan del Sistema de Protección Especial en el departamento según tiempos de permanencia en la intervención,Paysandú,2024-S1,total,93.0,cantidad
13,Cantidad de NNA que egresan del Sistema de Protección Especial en el departamento según tiempos de permanencia en la intervención,Paysandú,2024-S2,total,115.0,cantidad
13,Cantidad de NNA que egresan del Sistema de Protección Especial en el departamento según tiempos de permanencia en la intervención,Paysandú,2025-S1,total,47.0,cantidad
13,Cantidad de NNA que egresan del Sistema de Protección Especial en el departamento según tiempos de permanencia en la intervención,Paysandú,2025-S2,total,51.0,cantidad
14,Cantidad de NNA que dejan de vivir en residencias en el departamento para vivir con una familia,Paysandú,2020-S1,total,50.0,cantidad
14,Cantidad de NNA que dejan de vivir en residencias en el departamento para vivir con una familia,Paysandú,2020-S2,total,57.0,cantidad
14,Cantidad de NNA que dejan de vivir en residencias en el departamento para vivir con una familia,Paysandú,2021-S1,total,36.0,cantidad
14,Cantidad de NNA que dejan de vivir en residencias en el departamento para vivir con una familia,Paysandú,2021-S2,total,39.0,cantidad
14,Cantidad de NNA que dejan de vivir en residencias en el departamento para vivir con una familia,Paysandú,2022-S1,total,44.0,cantidad
14,Cantidad de NNA que dejan de vivir en residencias en el departamento para vivir con una familia,Paysandú,2022-S2,total,26.0,cantidad
14,Cantidad de NNA que dejan de vivir en residencias en el departamento para vivir con una familia,Paysandú,2023-S1,total,54.0,cantidad
14,Cantidad de NNA que dejan de vivir en residencias en el departamento para vivir con una familia,Paysandú,2023-S2,total,25.0,cantidad
14,Cantidad de NNA que dejan de vivir en residencias en el departamento para vivir con una familia,Paysandú,2024-S1,total,35.0,cantidad
14,Cantidad de NNA que dejan de vivir en residencias en el departamento para vivir con una familia,Paysandú,2024-S2,total,29.0,cantidad
14,Cantidad de NNA que dejan de vivir en residencias en el departamento para vivir con una familia,Paysandú,2025-S1,total,20.0,cantidad
14,Cantidad de NNA que dejan de vivir en residencias en el departamento para vivir con una familia,Paysandú,2025-S2,total,19.0,cantidad
15,Cantidad de NNA con condición de adoptabilidad en el departamento,Paysandú,2020-S1,total,16.0,cantidad
15,Cantidad de NNA con condición de adoptabilidad en el departamento,Paysandú,2020-S2,total,20.0,cantidad
15,Cantidad de NNA con condición de adoptabilidad en el departamento,Paysandú,2021-S1,total,17.0,cantidad
15,Cantidad de NNA con condición de adoptabilidad en el departamento,Paysandú,2021-S2,total,19.0,cantidad
15,Cantidad de NNA con condición de adoptabilidad en el departamento,Paysandú,2022-S1,total,20.0,cantidad
15,Cantidad de NNA con condición de adoptabilidad en el departamento,Paysandú,2022-S2,total,22.0,cantidad
15,Cantidad de NNA con condición de adoptabilidad en el departamento,Paysandú,2023-S1,total,21.0,cantidad
15,Cantidad de NNA con condición de adoptabilidad en el departamento,Paysandú,2023-S2,total,20.0,cantidad
15,Cantidad de NNA con condición de adoptabilidad en el departamento,Paysandú,2024-S1,total,20.0,cantidad
15,Cantidad de NNA con condición de adoptabilidad en el departamento,Paysandú,2024-S2,total,23.0,cantidad
15,Cantidad de NNA con condición de adoptabilidad en el departamento,Paysandú,2025-S1,total,25.0,cantidad
15,Cantidad de NNA con condición de adoptabilidad en el departamento,Paysandú,2025-S2,total,25.0,cantidad
16,"Porcentaje de NNA con condición de adoptabilidad en el departamento, respecto al total de NNA atendidos por el Sistema de Protección Especial en el departamento",Paysandú,2020-S1,total,5.7,porcentaje
16,"Porcentaje de NNA con condición de adoptabilidad en el departamento, respecto al total de NNA atendidos por el Sistema de Protección Especial en el departamento",Paysandú,2020-S2,total,7.1,porcentaje
16,"Porcentaje de NNA con condición de adoptabilidad en el departamento, respecto al total de NNA atendidos por el Sistema de Protección Especial en el departamento",Paysandú,2021-S1,total,7.0,porcentaje
16,"Porcentaje de NNA con condición de adoptabilidad en el departamento, respecto al total de NNA atendidos por el Sistema de Protección Especial en el departamento",Paysandú,2021-S2,total,7.8,porcentaje
16,"Porcentaje de NNA con condición de adoptabilidad en el departamento, respecto al total de NNA atendidos por el Sistema de Protección Especial en el departamento",Paysandú,2022-S1,total,8.7,porcentaje
16,"Porcentaje de NNA con condición de adoptabilidad en el departamento, respecto al total de NNA atendidos por el Sistema de Protección Especial en el departamento",Paysandú,2022-S2,total,8.4,porcentaje
16,"Porcentaje de NNA con condición de adoptabilidad en el departamento, respecto al total de NNA atendidos por el Sistema de Protección Especial en el departamento",Paysandú,2023-S1,total,7.7,porcentaje
16,"Porcentaje de NNA con condición de adoptabilidad en el departamento, respecto al total de NNA atendidos por el Sistema de Protección Especial en el departamento",Paysandú,2023-S2,total,7.4,porcentaje
16,"Porcentaje de NNA con condición de adoptabilidad en el departamento, respecto al total de NNA atendidos por el Sistema de Protección Especial en el departamento",Paysandú,2024-S1,total,7.7,porcentaje
16,"Porcentaje de NNA con condición de adoptabilidad en el departamento, respecto al total de NNA atendidos por el Sistema de Protección Especial en el departamento",Paysandú,2024-S2,total,11.8,porcentaje
16,"Porcentaje de NNA con condición de adoptabilidad en el departamento, respecto al total de NNA atendidos por el Sistema de Protección Especial en el departamento",Paysandú,2025-S1,total,13.7,porcentaje
16,"Porcentaje de NNA con condición de adoptabilidad en el departamento, respecto al total de NNA atendidos por el Sistema de Protección Especial en el departamento",Paysandú,2025-S2,total,12.4,porcentaje
17,Cantidad de NNA con condición de adoptabilidad en el departamento que pasa a seguimiento de tenencia,Paysandú,2020-S1,total,3.0,cantidad
17,Cantidad de NNA con condición de adoptabilidad en el departamento que pasa a seguimiento de tenencia,Paysandú,2020-S2,total,3.0,cantidad
17,Cantidad de NNA con condición de adoptabilidad en el departamento que pasa a seguimiento de tenencia,Paysandú,2021-S1,total,0.0,cantidad
17,Cantidad de NNA con condición de adoptabilidad en el departamento que pasa a seguimiento de tenencia,Paysandú,2021-S2,total,7.0,cantidad
17,Cantidad de NNA con condición de adoptabilidad en el departamento que pasa a seguimiento de tenencia,Paysandú,2022-S1,total,2.0,cantidad
17,Cantidad de NNA con condición de adoptabilidad en el departamento que pasa a seguimiento de tenencia,Paysandú,2022-S2,total,0.0,cantidad
17,Cantidad de NNA con condición de adoptabilidad en el departamento que pasa a seguimiento de tenencia,Paysandú,2023-S1,total,3.0,cantidad
17,Cantidad de NNA con condición de adoptabilidad en el departamento que pasa a seguimiento de tenencia,Paysandú,2023-S2,total,2.0,cantidad
17,Cantidad de NNA con condición de adoptabilidad en el departamento que pasa a seguimiento de tenencia,Paysandú,2024-S1,total,0.0,cantidad
17,Cantidad de NNA con condición de adoptabilidad en el departamento que pasa a seguimiento de tenencia,Paysandú,2024-S2,total,0.0,cantidad
17,Cantidad de NNA con condición de adoptabilidad en el departamento que pasa a seguimiento de tenencia,Paysandú,2025-S1,total,2.0,cantidad
17,Cantidad de NNA con condición de adoptabilidad en el departamento que pasa a seguimiento de tenencia,Paysandú,2025-S2,total,1.0,cantidad
19,Cantidad de NNA atendidos por el Sistema de Protección Especial en el departamento que tiene Proyecto de Atención Integral (PAI),Paysandú,2020-S1,total,3.0,cantidad
19,Cantidad de NNA atendidos por el Sistema de Protección Especial en el departamento que tiene Proyecto de Atención Integral (PAI),Paysandú,2020-S2,total,1.0,cantidad
19,Cantidad de NNA atendidos por el Sistema de Protección Especial en el departamento que tiene Proyecto de Atención Integral (PAI),Paysandú,2021-S1,total,3.0,cantidad
19,Cantidad de NNA atendidos por el Sistema de Protección Especial en el departamento que tiene Proyecto de Atención Integral (PAI),Paysandú,2021-S2,total,1.0,cantidad
19,Cantidad de NNA atendidos por el Sistema de Protección Especial en el departamento que tiene Proyecto de Atención Integral (PAI),Paysandú,2022-S1,total,0.0,cantidad
19,Cantidad de NNA atendidos por el Sistema de Protección Especial en el departamento que tiene Proyecto de Atención Integral (PAI),Paysandú,2022-S2,total,0.0,cantidad
19,Cantidad de NNA atendidos por el Sistema de Protección Especial en el departamento que tiene Proyecto de Atención Integral (PAI),Paysandú,2023-S1,total,0.0,cantidad
19,Cantidad de NNA atendidos por el Sistema de Protección Especial en el departamento que tiene Proyecto de Atención Integral (PAI),Paysandú,2023-S2,total,0.0,cantidad
19,Cantidad de NNA atendidos por el Sistema de Protección Especial en el departamento que tiene Proyecto de Atención Integral (PAI),Paysandú,2024-S1,total,1.0,cantidad
19,Cantidad de NNA atendidos por el Sistema de Protección Especial en el departamento que tiene Proyecto de Atención Integral (PAI),Paysandú,2024-S2,total,0.0,cantidad
19,Cantidad de NNA atendidos por el Sistema de Protección Especial en el departamento que tiene Proyecto de Atención Integral (PAI),Paysandú,2025-S1,total,0.0,cantidad
19,Cantidad de NNA atendidos por el Sistema de Protección Especial en el departamento que tiene Proyecto de Atención Integral (PAI),Paysandú,2025-S2,total,0.0,cantidad
20,"Cantidad de NN de 0 a 5 años atendidos por el Sistema de Protección Especial en el departamento, inscriptos en centros de educación y cuidado",Paysandú,2021-S1,total,22.0,cantidad
20,"Cantidad de NN de 0 a 5 años atendidos por el Sistema de Protección Especial en el departamento, inscriptos en centros de educación y cuidado",Paysandú,2021-S2,total,22.0,cantidad
20,"Cantidad de NN de 0 a 5 años atendidos por el Sistema de Protección Especial en el departamento, inscriptos en centros de educación y cuidado",Paysandú,2022-S1,total,25.0,cantidad
20,"Cantidad de NN de 0 a 5 años atendidos por el Sistema de Protección Especial en el departamento, inscriptos en centros de educación y cuidado",Paysandú,2022-S2,total,26.0,cantidad
20,"Cantidad de NN de 0 a 5 años atendidos por el Sistema de Protección Especial en el departamento, inscriptos en centros de educación y cuidado",Paysandú,2023-S1,total,28.0,cantidad
20,"Cantidad de NN de 0 a 5 años atendidos por el Sistema de Protección Especial en el departamento, inscriptos en centros de educación y cuidado",Paysandú,2023-S2,total,26.0,cantidad
20,"Cantidad de NN de 0 a 5 años atendidos por el Sistema de Protección Especial en el departamento, inscriptos en centros de educación y cuidado",Paysandú,2024-S1,total,15.0,cantidad
20,"Cantidad de NN de 0 a 5 años atendidos por el Sistema de Protección Especial en el departamento, inscriptos en centros de educación y cuidado",Paysandú,2024-S2,total,6.0,cantidad
20,"Cantidad de NN de 0 a 5 años atendidos por el Sistema de Protección Especial en el departamento, inscriptos en centros de educación y cuidado",Paysandú,2025-S1,total,5.0,cantidad
20,"Cantidad de NN de 0 a 5 años atendidos por el Sistema de Protección Especial en el departamento, inscriptos en centros de educación y cuidado",Paysandú,2025-S2,total,11.0,cantidad
21,"Cantidad de NNA de 6 a 17 años atendidos por el Sistema de Protección Especial en el departamento, inscriptos en centros de educación formal",Paysandú,2021-S1,total,143.0,cantidad
21,"Cantidad de NNA de 6 a 17 años atendidos por el Sistema de Protección Especial en el departamento, inscriptos en centros de educación formal",Paysandú,2021-S2,total,134.0,cantidad
21,"Cantidad de NNA de 6 a 17 años atendidos por el Sistema de Protección Especial en el departamento, inscriptos en centros de educación formal",Paysandú,2022-S1,total,141.0,cantidad
21,"Cantidad de NNA de 6 a 17 años atendidos por el Sistema de Protección Especial en el departamento, inscriptos en centros de educación formal",Paysandú,2022-S2,total,155.0,cantidad
21,"Cantidad de NNA de 6 a 17 años atendidos por el Sistema de Protección Especial en el departamento, inscriptos en centros de educación formal",Paysandú,2023-S1,total,163.0,cantidad
21,"Cantidad de NNA de 6 a 17 años atendidos por el Sistema de Protección Especial en el departamento, inscriptos en centros de educación formal",Paysandú,2023-S2,total,159.0,cantidad
21,"Cantidad de NNA de 6 a 17 años atendidos por el Sistema de Protección Especial en el departamento, inscriptos en centros de educación formal",Paysandú,2024-S1,total,114.0,cantidad
21,"Cantidad de NNA de 6 a 17 años atendidos por el Sistema de Protección Especial en el departamento, inscriptos en centros de educación formal",Paysandú,2024-S2,total,103.0,cantidad
21,"Cantidad de NNA de 6 a 17 años atendidos por el Sistema de Protección Especial en el departamento, inscriptos en centros de educación formal",Paysandú,2025-S1,total,103.0,cantidad
21,"Cantidad de NNA de 6 a 17 años atendidos por el Sistema de Protección Especial en el departamento, inscriptos en centros de educación formal",Paysandú,2025-S2,total,110.0,cantidad
23,Cantidad de NNA atendidos por el Sistema de Protección Especial en el departamento con controles médicos al día,Paysandú,2020-S1,total,268.0,cantidad
23,Cantidad de NNA atendidos por el Sistema de Protección Especial en el departamento con controles médicos al día,Paysandú,2020-S2,total,174.0,cantidad
23,Cantidad de NNA atendidos por el Sistema de Protección Especial en el departamento con controles médicos al día,Paysandú,2021-S1,total,186.0,cantidad
23,Cantidad de NNA atendidos por el Sistema de Protección Especial en el departamento con controles médicos al día,Paysandú,2021-S2,total,185.0,cantidad
23,Cantidad de NNA atendidos por el Sistema de Protección Especial en el departamento con controles médicos al día,Paysandú,2022-S1,total,229.0,cantidad
23,Cantidad de NNA atendidos por el Sistema de Protección Especial en el departamento con controles médicos al día,Paysandú,2022-S2,total,178.0,cantidad
23,Cantidad de NNA atendidos por el Sistema de Protección Especial en el departamento con controles médicos al día,Paysandú,2023-S1,total,213.0,cantidad
23,Cantidad de NNA atendidos por el Sistema de Protección Especial en el departamento con controles médicos al día,Paysandú,2023-S2,total,191.0,cantidad
23,Cantidad de NNA atendidos por el Sistema de Protección Especial en el departamento con controles médicos al día,Paysandú,2024-S1,total,196.0,cantidad
23,Cantidad de NNA atendidos por el Sistema de Protección Especial en el departamento con controles médicos al día,Paysandú,2024-S2,total,135.0,cantidad
23,Cantidad de NNA atendidos por el Sistema de Protección Especial en el departamento con controles médicos al día,Paysandú,2025-S1,total,116.0,cantidad
23,Cantidad de NNA atendidos por el Sistema de Protección Especial en el departamento con controles médicos al día,Paysandú,2025-S2,total,92.0,cantidad
24,Cantidad de NNA atendidos por el Sistema de Protección Especial en el departamento con vacunas al día,Paysandú,2020-S1,total,277.0,cantidad
24,Cantidad de NNA atendidos por el Sistema de Protección Especial en el departamento con vacunas al día,Paysandú,2020-S2,total,220.0,cantidad
24,Cantidad de NNA atendidos por el Sistema de Protección Especial en el departamento con vacunas al día,Paysandú,2021-S1,total,228.0,cantidad
24,Cantidad de NNA atendidos por el Sistema de Protección Especial en el departamento con vacunas al día,Paysandú,2021-S2,total,198.0,cantidad
24,Cantidad de NNA atendidos por el Sistema de Protección Especial en el departamento con vacunas al día,Paysandú,2022-S1,total,241.0,cantidad
24,Cantidad de NNA atendidos por el Sistema de Protección Especial en el departamento con vacunas al día,Paysandú,2022-S2,total,245.0,cantidad
24,Cantidad de NNA atendidos por el Sistema de Protección Especial en el departamento con vacunas al día,Paysandú,2023-S1,total,242.0,cantidad
24,Cantidad de NNA atendidos por el Sistema de Protección Especial en el departamento con vacunas al día,Paysandú,2023-S2,total,239.0,cantidad
24,Cantidad de NNA atendidos por el Sistema de Protección Especial en el departamento con vacunas al día,Paysandú,2024-S1,total,206.0,cantidad
24,Cantidad de NNA atendidos por el Sistema de Protección Especial en el departamento con vacunas al día,Paysandú,2024-S2,total,142.0,cantidad
24,Cantidad de NNA atendidos por el Sistema de Protección Especial en el departamento con vacunas al día,Paysandú,2025-S1,total,136.0,cantidad
24,Cantidad de NNA atendidos por el Sistema de Protección Especial en el departamento con vacunas al día,Paysandú,2025-S2,total,143.0,cantidad
1,Cantidad de NNA atendidos en algún proyecto del Sistema de Protección Especial del departamento,Río Negro,2020-S1,total,79.0,cantidad
1,Cantidad de NNA atendidos en algún proyecto del Sistema de Protección Especial del departamento,Río Negro,2020-S2,total,85.0,cantidad
1,Cantidad de NNA atendidos en algún proyecto del Sistema de Protección Especial del departamento,Río Negro,2021-S1,total,92.0,cantidad
1,Cantidad de NNA atendidos en algún proyecto del Sistema de Protección Especial del departamento,Río Negro,2021-S2,total,116.0,cantidad
1,Cantidad de NNA atendidos en algún proyecto del Sistema de Protección Especial del departamento,Río Negro,2022-S1,total,111.0,cantidad
1,Cantidad de NNA atendidos en algún proyecto del Sistema de Protección Especial del departamento,Río Negro,2022-S2,total,118.0,cantidad
1,Cantidad de NNA atendidos en algún proyecto del Sistema de Protección Especial del departamento,Río Negro,2023-S1,total,130.0,cantidad
1,Cantidad de NNA atendidos en algún proyecto del Sistema de Protección Especial del departamento,Río Negro,2023-S2,total,128.0,cantidad
1,Cantidad de NNA atendidos en algún proyecto del Sistema de Protección Especial del departamento,Río Negro,2024-S1,total,135.0,cantidad
1,Cantidad de NNA atendidos en algún proyecto del Sistema de Protección Especial del departamento,Río Negro,2024-S2,total,126.0,cantidad
1,Cantidad de NNA atendidos en algún proyecto del Sistema de Protección Especial del departamento,Río Negro,2025-S1,total,117.0,cantidad
1,Cantidad de NNA atendidos en algún proyecto del Sistema de Protección Especial del departamento,Río Negro,2025-S2,total,135.0,cantidad
2,Porcentaje de NNA atendidos en algún proyecto del Sistema de Protección Especial del departamento respecto a la población total INAU del departamento,Río Negro,2020-S1,total,3.9,porcentaje
2,Porcentaje de NNA atendidos en algún proyecto del Sistema de Protección Especial del departamento respecto a la población total INAU del departamento,Río Negro,2020-S2,total,4.0,porcentaje
2,Porcentaje de NNA atendidos en algún proyecto del Sistema de Protección Especial del departamento respecto a la población total INAU del departamento,Río Negro,2021-S1,total,4.3,porcentaje
2,Porcentaje de NNA atendidos en algún proyecto del Sistema de Protección Especial del departamento respecto a la población total INAU del departamento,Río Negro,2021-S2,total,5.0,porcentaje
2,Porcentaje de NNA atendidos en algún proyecto del Sistema de Protección Especial del departamento respecto a la población total INAU del departamento,Río Negro,2022-S1,total,4.7,porcentaje
2,Porcentaje de NNA atendidos en algún proyecto del Sistema de Protección Especial del departamento respecto a la población total INAU del departamento,Río Negro,2022-S2,total,5.1,porcentaje
2,Porcentaje de NNA atendidos en algún proyecto del Sistema de Protección Especial del departamento respecto a la población total INAU del departamento,Río Negro,2023-S1,total,5.5,porcentaje
2,Porcentaje de NNA atendidos en algún proyecto del Sistema de Protección Especial del departamento respecto a la población total INAU del departamento,Río Negro,2023-S2,total,5.3,porcentaje
2,Porcentaje de NNA atendidos en algún proyecto del Sistema de Protección Especial del departamento respecto a la población total INAU del departamento,Río Negro,2024-S1,total,5.7,porcentaje
2,Porcentaje de NNA atendidos en algún proyecto del Sistema de Protección Especial del departamento respecto a la población total INAU del departamento,Río Negro,2024-S2,total,5.2,porcentaje
2,Porcentaje de NNA atendidos en algún proyecto del Sistema de Protección Especial del departamento respecto a la población total INAU del departamento,Río Negro,2025-S1,total,5.1,porcentaje
2,Porcentaje de NNA atendidos en algún proyecto del Sistema de Protección Especial del departamento respecto a la población total INAU del departamento,Río Negro,2025-S2,total,6.1,porcentaje
5,Cantidad de NNA en el Sistema de Protección Especial del departamento que viven en residencia,Río Negro,2020-S1,total,17.0,cantidad
5,Cantidad de NNA en el Sistema de Protección Especial del departamento que viven en residencia,Río Negro,2020-S2,total,19.0,cantidad
5,Cantidad de NNA en el Sistema de Protección Especial del departamento que viven en residencia,Río Negro,2021-S1,total,15.0,cantidad
5,Cantidad de NNA en el Sistema de Protección Especial del departamento que viven en residencia,Río Negro,2021-S2,total,24.0,cantidad
5,Cantidad de NNA en el Sistema de Protección Especial del departamento que viven en residencia,Río Negro,2022-S1,total,25.0,cantidad
5,Cantidad de NNA en el Sistema de Protección Especial del departamento que viven en residencia,Río Negro,2022-S2,total,21.0,cantidad
5,Cantidad de NNA en el Sistema de Protección Especial del departamento que viven en residencia,Río Negro,2023-S1,total,30.0,cantidad
5,Cantidad de NNA en el Sistema de Protección Especial del departamento que viven en residencia,Río Negro,2023-S2,total,35.0,cantidad
5,Cantidad de NNA en el Sistema de Protección Especial del departamento que viven en residencia,Río Negro,2024-S1,total,45.0,cantidad
5,Cantidad de NNA en el Sistema de Protección Especial del departamento que viven en residencia,Río Negro,2024-S2,total,23.0,cantidad
5,Cantidad de NNA en el Sistema de Protección Especial del departamento que viven en residencia,Río Negro,2025-S1,total,22.0,cantidad
5,Cantidad de NNA en el Sistema de Protección Especial del departamento que viven en residencia,Río Negro,2025-S2,total,36.0,cantidad
6,Cantidad de NNA en el Sistema de Protección Especial del departamento que viven en contexto familiar,Río Negro,2020-S1,total,62.0,cantidad
6,Cantidad de NNA en el Sistema de Protección Especial del departamento que viven en contexto familiar,Río Negro,2020-S2,total,66.0,cantidad
6,Cantidad de NNA en el Sistema de Protección Especial del departamento que viven en contexto familiar,Río Negro,2021-S1,total,77.0,cantidad
6,Cantidad de NNA en el Sistema de Protección Especial del departamento que viven en contexto familiar,Río Negro,2021-S2,total,92.0,cantidad
6,Cantidad de NNA en el Sistema de Protección Especial del departamento que viven en contexto familiar,Río Negro,2022-S1,total,86.0,cantidad
6,Cantidad de NNA en el Sistema de Protección Especial del departamento que viven en contexto familiar,Río Negro,2022-S2,total,97.0,cantidad
6,Cantidad de NNA en el Sistema de Protección Especial del departamento que viven en contexto familiar,Río Negro,2023-S1,total,100.0,cantidad
6,Cantidad de NNA en el Sistema de Protección Especial del departamento que viven en contexto familiar,Río Negro,2023-S2,total,93.0,cantidad
6,Cantidad de NNA en el Sistema de Protección Especial del departamento que viven en contexto familiar,Río Negro,2024-S1,total,90.0,cantidad
6,Cantidad de NNA en el Sistema de Protección Especial del departamento que viven en contexto familiar,Río Negro,2024-S2,total,103.0,cantidad
6,Cantidad de NNA en el Sistema de Protección Especial del departamento que viven en contexto familiar,Río Negro,2025-S1,total,95.0,cantidad
6,Cantidad de NNA en el Sistema de Protección Especial del departamento que viven en contexto familiar,Río Negro,2025-S2,total,99.0,cantidad
7,Cantidad de NNA en el departamento que ingresan por primera vez al Sistema de Protección Especial,Río Negro,2020-S1,total,15.0,cantidad
7,Cantidad de NNA en el departamento que ingresan por primera vez al Sistema de Protección Especial,Río Negro,2020-S2,total,16.0,cantidad
7,Cantidad de NNA en el departamento que ingresan por primera vez al Sistema de Protección Especial,Río Negro,2021-S1,total,17.0,cantidad
7,Cantidad de NNA en el departamento que ingresan por primera vez al Sistema de Protección Especial,Río Negro,2021-S2,total,29.0,cantidad
7,Cantidad de NNA en el departamento que ingresan por primera vez al Sistema de Protección Especial,Río Negro,2022-S1,total,18.0,cantidad
7,Cantidad de NNA en el departamento que ingresan por primera vez al Sistema de Protección Especial,Río Negro,2022-S2,total,21.0,cantidad
7,Cantidad de NNA en el departamento que ingresan por primera vez al Sistema de Protección Especial,Río Negro,2023-S1,total,24.0,cantidad
7,Cantidad de NNA en el departamento que ingresan por primera vez al Sistema de Protección Especial,Río Negro,2023-S2,total,30.0,cantidad
7,Cantidad de NNA en el departamento que ingresan por primera vez al Sistema de Protección Especial,Río Negro,2024-S1,total,28.0,cantidad
7,Cantidad de NNA en el departamento que ingresan por primera vez al Sistema de Protección Especial,Río Negro,2024-S2,total,22.0,cantidad
7,Cantidad de NNA en el departamento que ingresan por primera vez al Sistema de Protección Especial,Río Negro,2025-S1,total,17.0,cantidad
7,Cantidad de NNA en el departamento que ingresan por primera vez al Sistema de Protección Especial,Río Negro,2025-S2,total,29.0,cantidad
8,"Porcentaje de NNA que ingresan por primera vez al Sistema de Protección Especial en algún proyecto del departamento, respecto al total de atendidos por el Sistema en el departamento",Río Negro,2020-S1,total,15.6,porcentaje
8,"Porcentaje de NNA que ingresan por primera vez al Sistema de Protección Especial en algún proyecto del departamento, respecto al total de atendidos por el Sistema en el departamento",Río Negro,2020-S2,total,16.3,porcentaje
8,"Porcentaje de NNA que ingresan por primera vez al Sistema de Protección Especial en algún proyecto del departamento, respecto al total de atendidos por el Sistema en el departamento",Río Negro,2021-S1,total,16.2,porcentaje
8,"Porcentaje de NNA que ingresan por primera vez al Sistema de Protección Especial en algún proyecto del departamento, respecto al total de atendidos por el Sistema en el departamento",Río Negro,2021-S2,total,22.8,porcentaje
8,"Porcentaje de NNA que ingresan por primera vez al Sistema de Protección Especial en algún proyecto del departamento, respecto al total de atendidos por el Sistema en el departamento",Río Negro,2022-S1,total,13.1,porcentaje
8,"Porcentaje de NNA que ingresan por primera vez al Sistema de Protección Especial en algún proyecto del departamento, respecto al total de atendidos por el Sistema en el departamento",Río Negro,2022-S2,total,14.9,porcentaje
8,"Porcentaje de NNA que ingresan por primera vez al Sistema de Protección Especial en algún proyecto del departamento, respecto al total de atendidos por el Sistema en el departamento",Río Negro,2023-S1,total,16.3,porcentaje
8,"Porcentaje de NNA que ingresan por primera vez al Sistema de Protección Especial en algún proyecto del departamento, respecto al total de atendidos por el Sistema en el departamento",Río Negro,2023-S2,total,18.2,porcentaje
8,"Porcentaje de NNA que ingresan por primera vez al Sistema de Protección Especial en algún proyecto del departamento, respecto al total de atendidos por el Sistema en el departamento",Río Negro,2024-S1,total,17.2,porcentaje
8,"Porcentaje de NNA que ingresan por primera vez al Sistema de Protección Especial en algún proyecto del departamento, respecto al total de atendidos por el Sistema en el departamento",Río Negro,2024-S2,total,13.3,porcentaje
8,"Porcentaje de NNA que ingresan por primera vez al Sistema de Protección Especial en algún proyecto del departamento, respecto al total de atendidos por el Sistema en el departamento",Río Negro,2025-S1,total,11.1,porcentaje
8,"Porcentaje de NNA que ingresan por primera vez al Sistema de Protección Especial en algún proyecto del departamento, respecto al total de atendidos por el Sistema en el departamento",Río Negro,2025-S2,total,17.5,porcentaje
9,Cantidad de NNA que ingresan con trayectoria anterior al Sistema de Protección Especial en el departamento,Río Negro,2020-S1,total,2.0,cantidad
9,Cantidad de NNA que ingresan con trayectoria anterior al Sistema de Protección Especial en el departamento,Río Negro,2020-S2,total,2.0,cantidad
9,Cantidad de NNA que ingresan con trayectoria anterior al Sistema de Protección Especial en el departamento,Río Negro,2021-S1,total,1.0,cantidad
9,Cantidad de NNA que ingresan con trayectoria anterior al Sistema de Protección Especial en el departamento,Río Negro,2021-S2,total,5.0,cantidad
9,Cantidad de NNA que ingresan con trayectoria anterior al Sistema de Protección Especial en el departamento,Río Negro,2022-S1,total,5.0,cantidad
9,Cantidad de NNA que ingresan con trayectoria anterior al Sistema de Protección Especial en el departamento,Río Negro,2022-S2,total,8.0,cantidad
9,Cantidad de NNA que ingresan con trayectoria anterior al Sistema de Protección Especial en el departamento,Río Negro,2023-S1,total,3.0,cantidad
9,Cantidad de NNA que ingresan con trayectoria anterior al Sistema de Protección Especial en el departamento,Río Negro,2023-S2,total,2.0,cantidad
9,Cantidad de NNA que ingresan con trayectoria anterior al Sistema de Protección Especial en el departamento,Río Negro,2024-S1,total,8.0,cantidad
9,Cantidad de NNA que ingresan con trayectoria anterior al Sistema de Protección Especial en el departamento,Río Negro,2024-S2,total,3.0,cantidad
9,Cantidad de NNA que ingresan con trayectoria anterior al Sistema de Protección Especial en el departamento,Río Negro,2025-S1,total,4.0,cantidad
9,Cantidad de NNA que ingresan con trayectoria anterior al Sistema de Protección Especial en el departamento,Río Negro,2025-S2,total,4.0,cantidad
10,Porcentaje de NNA que ingresan con trayectoria anterior al Sistema de Protección Especial en algún proyecto del departamento respecto al total de atendidos por el Sistema en el departamento,Río Negro,2020-S1,total,2.1,porcentaje
10,Porcentaje de NNA que ingresan con trayectoria anterior al Sistema de Protección Especial en algún proyecto del departamento respecto al total de atendidos por el Sistema en el departamento,Río Negro,2020-S2,total,2.0,porcentaje
10,Porcentaje de NNA que ingresan con trayectoria anterior al Sistema de Protección Especial en algún proyecto del departamento respecto al total de atendidos por el Sistema en el departamento,Río Negro,2021-S1,total,1.0,porcentaje
10,Porcentaje de NNA que ingresan con trayectoria anterior al Sistema de Protección Especial en algún proyecto del departamento respecto al total de atendidos por el Sistema en el departamento,Río Negro,2021-S2,total,3.9,porcentaje
10,Porcentaje de NNA que ingresan con trayectoria anterior al Sistema de Protección Especial en algún proyecto del departamento respecto al total de atendidos por el Sistema en el departamento,Río Negro,2022-S1,total,3.6,porcentaje
10,Porcentaje de NNA que ingresan con trayectoria anterior al Sistema de Protección Especial en algún proyecto del departamento respecto al total de atendidos por el Sistema en el departamento,Río Negro,2022-S2,total,5.7,porcentaje
10,Porcentaje de NNA que ingresan con trayectoria anterior al Sistema de Protección Especial en algún proyecto del departamento respecto al total de atendidos por el Sistema en el departamento,Río Negro,2023-S1,total,2.0,porcentaje
10,Porcentaje de NNA que ingresan con trayectoria anterior al Sistema de Protección Especial en algún proyecto del departamento respecto al total de atendidos por el Sistema en el departamento,Río Negro,2023-S2,total,1.2,porcentaje
10,Porcentaje de NNA que ingresan con trayectoria anterior al Sistema de Protección Especial en algún proyecto del departamento respecto al total de atendidos por el Sistema en el departamento,Río Negro,2024-S1,total,4.9,porcentaje
10,Porcentaje de NNA que ingresan con trayectoria anterior al Sistema de Protección Especial en algún proyecto del departamento respecto al total de atendidos por el Sistema en el departamento,Río Negro,2024-S2,total,1.8,porcentaje
10,Porcentaje de NNA que ingresan con trayectoria anterior al Sistema de Protección Especial en algún proyecto del departamento respecto al total de atendidos por el Sistema en el departamento,Río Negro,2025-S1,total,2.6,porcentaje
10,Porcentaje de NNA que ingresan con trayectoria anterior al Sistema de Protección Especial en algún proyecto del departamento respecto al total de atendidos por el Sistema en el departamento,Río Negro,2025-S2,total,2.4,porcentaje
11,Cantidad de NNA que egresan del Sistema de Protección Especial en el departamento,Río Negro,2020-S1,total,21.0,cantidad
11,Cantidad de NNA que egresan del Sistema de Protección Especial en el departamento,Río Negro,2020-S2,total,13.0,cantidad
11,Cantidad de NNA que egresan del Sistema de Protección Especial en el departamento,Río Negro,2021-S1,total,17.0,cantidad
11,Cantidad de NNA que egresan del Sistema de Protección Especial en el departamento,Río Negro,2021-S2,total,19.0,cantidad
11,Cantidad de NNA que egresan del Sistema de Protección Especial en el departamento,Río Negro,2022-S1,total,31.0,cantidad
11,Cantidad de NNA que egresan del Sistema de Protección Especial en el departamento,Río Negro,2022-S2,total,20.0,cantidad
11,Cantidad de NNA que egresan del Sistema de Protección Especial en el departamento,Río Negro,2023-S1,total,29.0,cantidad
11,Cantidad de NNA que egresan del Sistema de Protección Especial en el departamento,Río Negro,2023-S2,total,48.0,cantidad
11,Cantidad de NNA que egresan del Sistema de Protección Especial en el departamento,Río Negro,2024-S1,total,39.0,cantidad
11,Cantidad de NNA que egresan del Sistema de Protección Especial en el departamento,Río Negro,2024-S2,total,38.0,cantidad
11,Cantidad de NNA que egresan del Sistema de Protección Especial en el departamento,Río Negro,2025-S1,total,35.0,cantidad
11,Cantidad de NNA que egresan del Sistema de Protección Especial en el departamento,Río Negro,2025-S2,total,27.0,cantidad
12,Cantidad de NNA que egresan del Sistema de Protección Especial en el departamento según tiempos de permanencia en el Sistema,Río Negro,2020-S1,total,21.0,cantidad
12,Cantidad de NNA que egresan del Sistema de Protección Especial en el departamento según tiempos de permanencia en el Sistema,Río Negro,2020-S2,total,13.0,cantidad
12,Cantidad de NNA que egresan del Sistema de Protección Especial en el departamento según tiempos de permanencia en el Sistema,Río Negro,2021-S1,total,17.0,cantidad
12,Cantidad de NNA que egresan del Sistema de Protección Especial en el departamento según tiempos de permanencia en el Sistema,Río Negro,2021-S2,total,19.0,cantidad
12,Cantidad de NNA que egresan del Sistema de Protección Especial en el departamento según tiempos de permanencia en el Sistema,Río Negro,2022-S1,total,31.0,cantidad
12,Cantidad de NNA que egresan del Sistema de Protección Especial en el departamento según tiempos de permanencia en el Sistema,Río Negro,2022-S2,total,20.0,cantidad
12,Cantidad de NNA que egresan del Sistema de Protección Especial en el departamento según tiempos de permanencia en el Sistema,Río Negro,2023-S1,total,29.0,cantidad
12,Cantidad de NNA que egresan del Sistema de Protección Especial en el departamento según tiempos de permanencia en el Sistema,Río Negro,2023-S2,total,48.0,cantidad
12,Cantidad de NNA que egresan del Sistema de Protección Especial en el departamento según tiempos de permanencia en el Sistema,Río Negro,2024-S1,total,39.0,cantidad
12,Cantidad de NNA que egresan del Sistema de Protección Especial en el departamento según tiempos de permanencia en el Sistema,Río Negro,2024-S2,total,38.0,cantidad
12,Cantidad de NNA que egresan del Sistema de Protección Especial en el departamento según tiempos de permanencia en el Sistema,Río Negro,2025-S1,total,35.0,cantidad
12,Cantidad de NNA que egresan del Sistema de Protección Especial en el departamento según tiempos de permanencia en el Sistema,Río Negro,2025-S2,total,27.0,cantidad
13,Cantidad de NNA que egresan del Sistema de Protección Especial en el departamento según tiempos de permanencia en la intervención,Río Negro,2020-S1,total,21.0,cantidad
13,Cantidad de NNA que egresan del Sistema de Protección Especial en el departamento según tiempos de permanencia en la intervención,Río Negro,2020-S2,total,13.0,cantidad
13,Cantidad de NNA que egresan del Sistema de Protección Especial en el departamento según tiempos de permanencia en la intervención,Río Negro,2021-S1,total,17.0,cantidad
13,Cantidad de NNA que egresan del Sistema de Protección Especial en el departamento según tiempos de permanencia en la intervención,Río Negro,2021-S2,total,19.0,cantidad
13,Cantidad de NNA que egresan del Sistema de Protección Especial en el departamento según tiempos de permanencia en la intervención,Río Negro,2022-S1,total,31.0,cantidad
13,Cantidad de NNA que egresan del Sistema de Protección Especial en el departamento según tiempos de permanencia en la intervención,Río Negro,2022-S2,total,20.0,cantidad
13,Cantidad de NNA que egresan del Sistema de Protección Especial en el departamento según tiempos de permanencia en la intervención,Río Negro,2023-S1,total,29.0,cantidad
13,Cantidad de NNA que egresan del Sistema de Protección Especial en el departamento según tiempos de permanencia en la intervención,Río Negro,2023-S2,total,48.0,cantidad
13,Cantidad de NNA que egresan del Sistema de Protección Especial en el departamento según tiempos de permanencia en la intervención,Río Negro,2024-S1,total,39.0,cantidad
13,Cantidad de NNA que egresan del Sistema de Protección Especial en el departamento según tiempos de permanencia en la intervención,Río Negro,2024-S2,total,38.0,cantidad
13,Cantidad de NNA que egresan del Sistema de Protección Especial en el departamento según tiempos de permanencia en la intervención,Río Negro,2025-S1,total,35.0,cantidad
13,Cantidad de NNA que egresan del Sistema de Protección Especial en el departamento según tiempos de permanencia en la intervención,Río Negro,2025-S2,total,27.0,cantidad
14,Cantidad de NNA que dejan de vivir en residencias en el departamento para vivir con una familia,Río Negro,2020-S1,total,18.0,cantidad
14,Cantidad de NNA que dejan de vivir en residencias en el departamento para vivir con una familia,Río Negro,2020-S2,total,28.0,cantidad
14,Cantidad de NNA que dejan de vivir en residencias en el departamento para vivir con una familia,Río Negro,2021-S1,total,18.0,cantidad
14,Cantidad de NNA que dejan de vivir en residencias en el departamento para vivir con una familia,Río Negro,2021-S2,total,31.0,cantidad
14,Cantidad de NNA que dejan de vivir en residencias en el departamento para vivir con una familia,Río Negro,2022-S1,total,23.0,cantidad
14,Cantidad de NNA que dejan de vivir en residencias en el departamento para vivir con una familia,Río Negro,2022-S2,total,24.0,cantidad
14,Cantidad de NNA que dejan de vivir en residencias en el departamento para vivir con una familia,Río Negro,2023-S1,total,34.0,cantidad
14,Cantidad de NNA que dejan de vivir en residencias en el departamento para vivir con una familia,Río Negro,2023-S2,total,19.0,cantidad
14,Cantidad de NNA que dejan de vivir en residencias en el departamento para vivir con una familia,Río Negro,2024-S1,total,19.0,cantidad
14,Cantidad de NNA que dejan de vivir en residencias en el departamento para vivir con una familia,Río Negro,2024-S2,total,37.0,cantidad
14,Cantidad de NNA que dejan de vivir en residencias en el departamento para vivir con una familia,Río Negro,2025-S1,total,16.0,cantidad
14,Cantidad de NNA que dejan de vivir en residencias en el departamento para vivir con una familia,Río Negro,2025-S2,total,22.0,cantidad
15,Cantidad de NNA con condición de adoptabilidad en el departamento,Río Negro,2020-S1,total,3.0,cantidad
15,Cantidad de NNA con condición de adoptabilidad en el departamento,Río Negro,2020-S2,total,4.0,cantidad
15,Cantidad de NNA con condición de adoptabilidad en el departamento,Río Negro,2021-S1,total,6.0,cantidad
15,Cantidad de NNA con condición de adoptabilidad en el departamento,Río Negro,2021-S2,total,7.0,cantidad
15,Cantidad de NNA con condición de adoptabilidad en el departamento,Río Negro,2022-S1,total,8.0,cantidad
15,Cantidad de NNA con condición de adoptabilidad en el departamento,Río Negro,2022-S2,total,12.0,cantidad
15,Cantidad de NNA con condición de adoptabilidad en el departamento,Río Negro,2023-S1,total,12.0,cantidad
15,Cantidad de NNA con condición de adoptabilidad en el departamento,Río Negro,2023-S2,total,13.0,cantidad
15,Cantidad de NNA con condición de adoptabilidad en el departamento,Río Negro,2024-S1,total,11.0,cantidad
15,Cantidad de NNA con condición de adoptabilidad en el departamento,Río Negro,2024-S2,total,16.0,cantidad
15,Cantidad de NNA con condición de adoptabilidad en el departamento,Río Negro,2025-S1,total,14.0,cantidad
15,Cantidad de NNA con condición de adoptabilidad en el departamento,Río Negro,2025-S2,total,12.0,cantidad
16,"Porcentaje de NNA con condición de adoptabilidad en el departamento, respecto al total de NNA atendidos por el Sistema de Protección Especial en el departamento",Río Negro,2020-S1,total,3.1,porcentaje
16,"Porcentaje de NNA con condición de adoptabilidad en el departamento, respecto al total de NNA atendidos por el Sistema de Protección Especial en el departamento",Río Negro,2020-S2,total,4.1,porcentaje
16,"Porcentaje de NNA con condición de adoptabilidad en el departamento, respecto al total de NNA atendidos por el Sistema de Protección Especial en el departamento",Río Negro,2021-S1,total,5.7,porcentaje
16,"Porcentaje de NNA con condición de adoptabilidad en el departamento, respecto al total de NNA atendidos por el Sistema de Protección Especial en el departamento",Río Negro,2021-S2,total,5.5,porcentaje
16,"Porcentaje de NNA con condición de adoptabilidad en el departamento, respecto al total de NNA atendidos por el Sistema de Protección Especial en el departamento",Río Negro,2022-S1,total,5.8,porcentaje
16,"Porcentaje de NNA con condición de adoptabilidad en el departamento, respecto al total de NNA atendidos por el Sistema de Protección Especial en el departamento",Río Negro,2022-S2,total,8.5,porcentaje
16,"Porcentaje de NNA con condición de adoptabilidad en el departamento, respecto al total de NNA atendidos por el Sistema de Protección Especial en el departamento",Río Negro,2023-S1,total,8.2,porcentaje
16,"Porcentaje de NNA con condición de adoptabilidad en el departamento, respecto al total de NNA atendidos por el Sistema de Protección Especial en el departamento",Río Negro,2023-S2,total,7.9,porcentaje
16,"Porcentaje de NNA con condición de adoptabilidad en el departamento, respecto al total de NNA atendidos por el Sistema de Protección Especial en el departamento",Río Negro,2024-S1,total,6.7,porcentaje
16,"Porcentaje de NNA con condición de adoptabilidad en el departamento, respecto al total de NNA atendidos por el Sistema de Protección Especial en el departamento",Río Negro,2024-S2,total,9.6,porcentaje
16,"Porcentaje de NNA con condición de adoptabilidad en el departamento, respecto al total de NNA atendidos por el Sistema de Protección Especial en el departamento",Río Negro,2025-S1,total,9.2,porcentaje
16,"Porcentaje de NNA con condición de adoptabilidad en el departamento, respecto al total de NNA atendidos por el Sistema de Protección Especial en el departamento",Río Negro,2025-S2,total,7.2,porcentaje
17,Cantidad de NNA con condición de adoptabilidad en el departamento que pasa a seguimiento de tenencia,Río Negro,2020-S1,total,0.0,cantidad
17,Cantidad de NNA con condición de adoptabilidad en el departamento que pasa a seguimiento de tenencia,Río Negro,2020-S2,total,0.0,cantidad
17,Cantidad de NNA con condición de adoptabilidad en el departamento que pasa a seguimiento de tenencia,Río Negro,2021-S1,total,1.0,cantidad
17,Cantidad de NNA con condición de adoptabilidad en el departamento que pasa a seguimiento de tenencia,Río Negro,2021-S2,total,0.0,cantidad
17,Cantidad de NNA con condición de adoptabilidad en el departamento que pasa a seguimiento de tenencia,Río Negro,2022-S1,total,1.0,cantidad
17,Cantidad de NNA con condición de adoptabilidad en el departamento que pasa a seguimiento de tenencia,Río Negro,2022-S2,total,0.0,cantidad
17,Cantidad de NNA con condición de adoptabilidad en el departamento que pasa a seguimiento de tenencia,Río Negro,2023-S1,total,2.0,cantidad
17,Cantidad de NNA con condición de adoptabilidad en el departamento que pasa a seguimiento de tenencia,Río Negro,2023-S2,total,3.0,cantidad
17,Cantidad de NNA con condición de adoptabilidad en el departamento que pasa a seguimiento de tenencia,Río Negro,2024-S1,total,0.0,cantidad
17,Cantidad de NNA con condición de adoptabilidad en el departamento que pasa a seguimiento de tenencia,Río Negro,2024-S2,total,3.0,cantidad
17,Cantidad de NNA con condición de adoptabilidad en el departamento que pasa a seguimiento de tenencia,Río Negro,2025-S1,total,3.0,cantidad
17,Cantidad de NNA con condición de adoptabilidad en el departamento que pasa a seguimiento de tenencia,Río Negro,2025-S2,total,0.0,cantidad
19,Cantidad de NNA atendidos por el Sistema de Protección Especial en el departamento que tiene Proyecto de Atención Integral (PAI),Río Negro,2020-S1,total,0.0,cantidad
19,Cantidad de NNA atendidos por el Sistema de Protección Especial en el departamento que tiene Proyecto de Atención Integral (PAI),Río Negro,2020-S2,total,0.0,cantidad
19,Cantidad de NNA atendidos por el Sistema de Protección Especial en el departamento que tiene Proyecto de Atención Integral (PAI),Río Negro,2021-S1,total,0.0,cantidad
19,Cantidad de NNA atendidos por el Sistema de Protección Especial en el departamento que tiene Proyecto de Atención Integral (PAI),Río Negro,2021-S2,total,0.0,cantidad
19,Cantidad de NNA atendidos por el Sistema de Protección Especial en el departamento que tiene Proyecto de Atención Integral (PAI),Río Negro,2022-S1,total,0.0,cantidad
19,Cantidad de NNA atendidos por el Sistema de Protección Especial en el departamento que tiene Proyecto de Atención Integral (PAI),Río Negro,2022-S2,total,0.0,cantidad
19,Cantidad de NNA atendidos por el Sistema de Protección Especial en el departamento que tiene Proyecto de Atención Integral (PAI),Río Negro,2023-S1,total,0.0,cantidad
19,Cantidad de NNA atendidos por el Sistema de Protección Especial en el departamento que tiene Proyecto de Atención Integral (PAI),Río Negro,2023-S2,total,0.0,cantidad
19,Cantidad de NNA atendidos por el Sistema de Protección Especial en el departamento que tiene Proyecto de Atención Integral (PAI),Río Negro,2024-S1,total,0.0,cantidad
19,Cantidad de NNA atendidos por el Sistema de Protección Especial en el departamento que tiene Proyecto de Atención Integral (PAI),Río Negro,2024-S2,total,0.0,cantidad
19,Cantidad de NNA atendidos por el Sistema de Protección Especial en el departamento que tiene Proyecto de Atención Integral (PAI),Río Negro,2025-S1,total,0.0,cantidad
19,Cantidad de NNA atendidos por el Sistema de Protección Especial en el departamento que tiene Proyecto de Atención Integral (PAI),Río Negro,2025-S2,total,0.0,cantidad
20,"Cantidad de NN de 0 a 5 años atendidos por el Sistema de Protección Especial en el departamento, inscriptos en centros de educación y cuidado",Río Negro,2021-S1,total,19.0,cantidad
20,"Cantidad de NN de 0 a 5 años atendidos por el Sistema de Protección Especial en el departamento, inscriptos en centros de educación y cuidado",Río Negro,2021-S2,total,24.0,cantidad
20,"Cantidad de NN de 0 a 5 años atendidos por el Sistema de Protección Especial en el departamento, inscriptos en centros de educación y cuidado",Río Negro,2022-S1,total,18.0,cantidad
20,"Cantidad de NN de 0 a 5 años atendidos por el Sistema de Protección Especial en el departamento, inscriptos en centros de educación y cuidado",Río Negro,2022-S2,total,22.0,cantidad
20,"Cantidad de NN de 0 a 5 años atendidos por el Sistema de Protección Especial en el departamento, inscriptos en centros de educación y cuidado",Río Negro,2023-S1,total,23.0,cantidad
20,"Cantidad de NN de 0 a 5 años atendidos por el Sistema de Protección Especial en el departamento, inscriptos en centros de educación y cuidado",Río Negro,2023-S2,total,18.0,cantidad
20,"Cantidad de NN de 0 a 5 años atendidos por el Sistema de Protección Especial en el departamento, inscriptos en centros de educación y cuidado",Río Negro,2024-S1,total,18.0,cantidad
20,"Cantidad de NN de 0 a 5 años atendidos por el Sistema de Protección Especial en el departamento, inscriptos en centros de educación y cuidado",Río Negro,2024-S2,total,20.0,cantidad
20,"Cantidad de NN de 0 a 5 años atendidos por el Sistema de Protección Especial en el departamento, inscriptos en centros de educación y cuidado",Río Negro,2025-S1,total,19.0,cantidad
20,"Cantidad de NN de 0 a 5 años atendidos por el Sistema de Protección Especial en el departamento, inscriptos en centros de educación y cuidado",Río Negro,2025-S2,total,19.0,cantidad
21,"Cantidad de NNA de 6 a 17 años atendidos por el Sistema de Protección Especial en el departamento, inscriptos en centros de educación formal",Río Negro,2021-S1,total,67.0,cantidad
21,"Cantidad de NNA de 6 a 17 años atendidos por el Sistema de Protección Especial en el departamento, inscriptos en centros de educación formal",Río Negro,2021-S2,total,86.0,cantidad
21,"Cantidad de NNA de 6 a 17 años atendidos por el Sistema de Protección Especial en el departamento, inscriptos en centros de educación formal",Río Negro,2022-S1,total,81.0,cantidad
21,"Cantidad de NNA de 6 a 17 años atendidos por el Sistema de Protección Especial en el departamento, inscriptos en centros de educación formal",Río Negro,2022-S2,total,84.0,cantidad
21,"Cantidad de NNA de 6 a 17 años atendidos por el Sistema de Protección Especial en el departamento, inscriptos en centros de educación formal",Río Negro,2023-S1,total,94.0,cantidad
21,"Cantidad de NNA de 6 a 17 años atendidos por el Sistema de Protección Especial en el departamento, inscriptos en centros de educación formal",Río Negro,2023-S2,total,98.0,cantidad
21,"Cantidad de NNA de 6 a 17 años atendidos por el Sistema de Protección Especial en el departamento, inscriptos en centros de educación formal",Río Negro,2024-S1,total,106.0,cantidad
21,"Cantidad de NNA de 6 a 17 años atendidos por el Sistema de Protección Especial en el departamento, inscriptos en centros de educación formal",Río Negro,2024-S2,total,94.0,cantidad
21,"Cantidad de NNA de 6 a 17 años atendidos por el Sistema de Protección Especial en el departamento, inscriptos en centros de educación formal",Río Negro,2025-S1,total,89.0,cantidad
21,"Cantidad de NNA de 6 a 17 años atendidos por el Sistema de Protección Especial en el departamento, inscriptos en centros de educación formal",Río Negro,2025-S2,total,103.0,cantidad
23,Cantidad de NNA atendidos por el Sistema de Protección Especial en el departamento con controles médicos al día,Río Negro,2020-S1,total,63.0,cantidad
23,Cantidad de NNA atendidos por el Sistema de Protección Especial en el departamento con controles médicos al día,Río Negro,2020-S2,total,55.0,cantidad
23,Cantidad de NNA atendidos por el Sistema de Protección Especial en el departamento con controles médicos al día,Río Negro,2021-S1,total,78.0,cantidad
23,Cantidad de NNA atendidos por el Sistema de Protección Especial en el departamento con controles médicos al día,Río Negro,2021-S2,total,83.0,cantidad
23,Cantidad de NNA atendidos por el Sistema de Protección Especial en el departamento con controles médicos al día,Río Negro,2022-S1,total,83.0,cantidad
23,Cantidad de NNA atendidos por el Sistema de Protección Especial en el departamento con controles médicos al día,Río Negro,2022-S2,total,90.0,cantidad
23,Cantidad de NNA atendidos por el Sistema de Protección Especial en el departamento con controles médicos al día,Río Negro,2023-S1,total,88.0,cantidad
23,Cantidad de NNA atendidos por el Sistema de Protección Especial en el departamento con controles médicos al día,Río Negro,2023-S2,total,97.0,cantidad
23,Cantidad de NNA atendidos por el Sistema de Protección Especial en el departamento con controles médicos al día,Río Negro,2024-S1,total,121.0,cantidad
23,Cantidad de NNA atendidos por el Sistema de Protección Especial en el departamento con controles médicos al día,Río Negro,2024-S2,total,98.0,cantidad
23,Cantidad de NNA atendidos por el Sistema de Protección Especial en el departamento con controles médicos al día,Río Negro,2025-S1,total,81.0,cantidad
23,Cantidad de NNA atendidos por el Sistema de Protección Especial en el departamento con controles médicos al día,Río Negro,2025-S2,total,118.0,cantidad
24,Cantidad de NNA atendidos por el Sistema de Protección Especial en el departamento con vacunas al día,Río Negro,2020-S1,total,71.0,cantidad
24,Cantidad de NNA atendidos por el Sistema de Protección Especial en el departamento con vacunas al día,Río Negro,2020-S2,total,66.0,cantidad
24,Cantidad de NNA atendidos por el Sistema de Protección Especial en el departamento con vacunas al día,Río Negro,2021-S1,total,87.0,cantidad
24,Cantidad de NNA atendidos por el Sistema de Protección Especial en el departamento con vacunas al día,Río Negro,2021-S2,total,100.0,cantidad
24,Cantidad de NNA atendidos por el Sistema de Protección Especial en el departamento con vacunas al día,Río Negro,2022-S1,total,100.0,cantidad
24,Cantidad de NNA atendidos por el Sistema de Protección Especial en el departamento con vacunas al día,Río Negro,2022-S2,total,112.0,cantidad
24,Cantidad de NNA atendidos por el Sistema de Protección Especial en el departamento con vacunas al día,Río Negro,2023-S1,total,111.0,cantidad
24,Cantidad de NNA atendidos por el Sistema de Protección Especial en el departamento con vacunas al día,Río Negro,2023-S2,total,114.0,cantidad
24,Cantidad de NNA atendidos por el Sistema de Protección Especial en el departamento con vacunas al día,Río Negro,2024-S1,total,125.0,cantidad
24,Cantidad de NNA atendidos por el Sistema de Protección Especial en el departamento con vacunas al día,Río Negro,2024-S2,total,107.0,cantidad
24,Cantidad de NNA atendidos por el Sistema de Protección Especial en el departamento con vacunas al día,Río Negro,2025-S1,total,102.0,cantidad
24,Cantidad de NNA atendidos por el Sistema de Protección Especial en el departamento con vacunas al día,Río Negro,2025-S2,total,124.0,cantidad
1,Cantidad de NNA atendidos en algún proyecto del Sistema de Protección Especial del departamento,Rivera,2020-S1,total,117.0,cantidad
1,Cantidad de NNA atendidos en algún proyecto del Sistema de Protección Especial del departamento,Rivera,2020-S2,total,105.0,cantidad
1,Cantidad de NNA atendidos en algún proyecto del Sistema de Protección Especial del departamento,Rivera,2021-S1,total,122.0,cantidad
1,Cantidad de NNA atendidos en algún proyecto del Sistema de Protección Especial del departamento,Rivera,2021-S2,total,109.0,cantidad
1,Cantidad de NNA atendidos en algún proyecto del Sistema de Protección Especial del departamento,Rivera,2022-S1,total,114.0,cantidad
1,Cantidad de NNA atendidos en algún proyecto del Sistema de Protección Especial del departamento,Rivera,2022-S2,total,125.0,cantidad
1,Cantidad de NNA atendidos en algún proyecto del Sistema de Protección Especial del departamento,Rivera,2023-S1,total,141.0,cantidad
1,Cantidad de NNA atendidos en algún proyecto del Sistema de Protección Especial del departamento,Rivera,2023-S2,total,153.0,cantidad
1,Cantidad de NNA atendidos en algún proyecto del Sistema de Protección Especial del departamento,Rivera,2024-S1,total,154.0,cantidad
1,Cantidad de NNA atendidos en algún proyecto del Sistema de Protección Especial del departamento,Rivera,2024-S2,total,199.0,cantidad
1,Cantidad de NNA atendidos en algún proyecto del Sistema de Protección Especial del departamento,Rivera,2025-S1,total,193.0,cantidad
1,Cantidad de NNA atendidos en algún proyecto del Sistema de Protección Especial del departamento,Rivera,2025-S2,total,235.0,cantidad
2,Porcentaje de NNA atendidos en algún proyecto del Sistema de Protección Especial del departamento respecto a la población total INAU del departamento,Rivera,2020-S1,total,3.0,porcentaje
2,Porcentaje de NNA atendidos en algún proyecto del Sistema de Protección Especial del departamento respecto a la población total INAU del departamento,Rivera,2020-S2,total,2.7,porcentaje
2,Porcentaje de NNA atendidos en algún proyecto del Sistema de Protección Especial del departamento respecto a la población total INAU del departamento,Rivera,2021-S1,total,3.1,porcentaje
2,Porcentaje de NNA atendidos en algún proyecto del Sistema de Protección Especial del departamento respecto a la población total INAU del departamento,Rivera,2021-S2,total,2.8,porcentaje
2,Porcentaje de NNA atendidos en algún proyecto del Sistema de Protección Especial del departamento respecto a la población total INAU del departamento,Rivera,2022-S1,total,2.8,porcentaje
2,Porcentaje de NNA atendidos en algún proyecto del Sistema de Protección Especial del departamento respecto a la población total INAU del departamento,Rivera,2022-S2,total,3.1,porcentaje
2,Porcentaje de NNA atendidos en algún proyecto del Sistema de Protección Especial del departamento respecto a la población total INAU del departamento,Rivera,2023-S1,total,3.3,porcentaje
2,Porcentaje de NNA atendidos en algún proyecto del Sistema de Protección Especial del departamento respecto a la población total INAU del departamento,Rivera,2023-S2,total,3.6,porcentaje
2,Porcentaje de NNA atendidos en algún proyecto del Sistema de Protección Especial del departamento respecto a la población total INAU del departamento,Rivera,2024-S1,total,3.7,porcentaje
2,Porcentaje de NNA atendidos en algún proyecto del Sistema de Protección Especial del departamento respecto a la población total INAU del departamento,Rivera,2024-S2,total,4.5,porcentaje
2,Porcentaje de NNA atendidos en algún proyecto del Sistema de Protección Especial del departamento respecto a la población total INAU del departamento,Rivera,2025-S1,total,4.5,porcentaje
2,Porcentaje de NNA atendidos en algún proyecto del Sistema de Protección Especial del departamento respecto a la población total INAU del departamento,Rivera,2025-S2,total,5.5,porcentaje
5,Cantidad de NNA en el Sistema de Protección Especial del departamento que viven en residencia,Rivera,2020-S1,total,56.0,cantidad
5,Cantidad de NNA en el Sistema de Protección Especial del departamento que viven en residencia,Rivera,2020-S2,total,64.0,cantidad
5,Cantidad de NNA en el Sistema de Protección Especial del departamento que viven en residencia,Rivera,2021-S1,total,60.0,cantidad
5,Cantidad de NNA en el Sistema de Protección Especial del departamento que viven en residencia,Rivera,2021-S2,total,60.0,cantidad
5,Cantidad de NNA en el Sistema de Protección Especial del departamento que viven en residencia,Rivera,2022-S1,total,66.0,cantidad
5,Cantidad de NNA en el Sistema de Protección Especial del departamento que viven en residencia,Rivera,2022-S2,total,66.0,cantidad
5,Cantidad de NNA en el Sistema de Protección Especial del departamento que viven en residencia,Rivera,2023-S1,total,58.0,cantidad
5,Cantidad de NNA en el Sistema de Protección Especial del departamento que viven en residencia,Rivera,2023-S2,total,64.0,cantidad
5,Cantidad de NNA en el Sistema de Protección Especial del departamento que viven en residencia,Rivera,2024-S1,total,51.0,cantidad
5,Cantidad de NNA en el Sistema de Protección Especial del departamento que viven en residencia,Rivera,2024-S2,total,81.0,cantidad
5,Cantidad de NNA en el Sistema de Protección Especial del departamento que viven en residencia,Rivera,2025-S1,total,53.0,cantidad
5,Cantidad de NNA en el Sistema de Protección Especial del departamento que viven en residencia,Rivera,2025-S2,total,73.0,cantidad
6,Cantidad de NNA en el Sistema de Protección Especial del departamento que viven en contexto familiar,Rivera,2020-S1,total,61.0,cantidad
6,Cantidad de NNA en el Sistema de Protección Especial del departamento que viven en contexto familiar,Rivera,2020-S2,total,41.0,cantidad
6,Cantidad de NNA en el Sistema de Protección Especial del departamento que viven en contexto familiar,Rivera,2021-S1,total,62.0,cantidad
6,Cantidad de NNA en el Sistema de Protección Especial del departamento que viven en contexto familiar,Rivera,2021-S2,total,49.0,cantidad
6,Cantidad de NNA en el Sistema de Protección Especial del departamento que viven en contexto familiar,Rivera,2022-S1,total,48.0,cantidad
6,Cantidad de NNA en el Sistema de Protección Especial del departamento que viven en contexto familiar,Rivera,2022-S2,total,59.0,cantidad
6,Cantidad de NNA en el Sistema de Protección Especial del departamento que viven en contexto familiar,Rivera,2023-S1,total,83.0,cantidad
6,Cantidad de NNA en el Sistema de Protección Especial del departamento que viven en contexto familiar,Rivera,2023-S2,total,89.0,cantidad
6,Cantidad de NNA en el Sistema de Protección Especial del departamento que viven en contexto familiar,Rivera,2024-S1,total,103.0,cantidad
6,Cantidad de NNA en el Sistema de Protección Especial del departamento que viven en contexto familiar,Rivera,2024-S2,total,118.0,cantidad
6,Cantidad de NNA en el Sistema de Protección Especial del departamento que viven en contexto familiar,Rivera,2025-S1,total,140.0,cantidad
6,Cantidad de NNA en el Sistema de Protección Especial del departamento que viven en contexto familiar,Rivera,2025-S2,total,162.0,cantidad
7,Cantidad de NNA en el departamento que ingresan por primera vez al Sistema de Protección Especial,Rivera,2020-S1,total,27.0,cantidad
7,Cantidad de NNA en el departamento que ingresan por primera vez al Sistema de Protección Especial,Rivera,2020-S2,total,13.0,cantidad
7,Cantidad de NNA en el departamento que ingresan por primera vez al Sistema de Protección Especial,Rivera,2021-S1,total,29.0,cantidad
7,Cantidad de NNA en el departamento que ingresan por primera vez al Sistema de Protección Especial,Rivera,2021-S2,total,26.0,cantidad
7,Cantidad de NNA en el departamento que ingresan por primera vez al Sistema de Protección Especial,Rivera,2022-S1,total,35.0,cantidad
7,Cantidad de NNA en el departamento que ingresan por primera vez al Sistema de Protección Especial,Rivera,2022-S2,total,33.0,cantidad
7,Cantidad de NNA en el departamento que ingresan por primera vez al Sistema de Protección Especial,Rivera,2023-S1,total,22.0,cantidad
7,Cantidad de NNA en el departamento que ingresan por primera vez al Sistema de Protección Especial,Rivera,2023-S2,total,32.0,cantidad
7,Cantidad de NNA en el departamento que ingresan por primera vez al Sistema de Protección Especial,Rivera,2024-S1,total,33.0,cantidad
7,Cantidad de NNA en el departamento que ingresan por primera vez al Sistema de Protección Especial,Rivera,2024-S2,total,81.0,cantidad
7,Cantidad de NNA en el departamento que ingresan por primera vez al Sistema de Protección Especial,Rivera,2025-S1,total,47.0,cantidad
7,Cantidad de NNA en el departamento que ingresan por primera vez al Sistema de Protección Especial,Rivera,2025-S2,total,73.0,cantidad
8,"Porcentaje de NNA que ingresan por primera vez al Sistema de Protección Especial en algún proyecto del departamento, respecto al total de atendidos por el Sistema en el departamento",Rivera,2020-S1,total,19.3,porcentaje
8,"Porcentaje de NNA que ingresan por primera vez al Sistema de Protección Especial en algún proyecto del departamento, respecto al total de atendidos por el Sistema en el departamento",Rivera,2020-S2,total,9.8,porcentaje
8,"Porcentaje de NNA que ingresan por primera vez al Sistema de Protección Especial en algún proyecto del departamento, respecto al total de atendidos por el Sistema en el departamento",Rivera,2021-S1,total,21.6,porcentaje
8,"Porcentaje de NNA que ingresan por primera vez al Sistema de Protección Especial en algún proyecto del departamento, respecto al total de atendidos por el Sistema en el departamento",Rivera,2021-S2,total,17.8,porcentaje
8,"Porcentaje de NNA que ingresan por primera vez al Sistema de Protección Especial en algún proyecto del departamento, respecto al total de atendidos por el Sistema en el departamento",Rivera,2022-S1,total,24.3,porcentaje
8,"Porcentaje de NNA que ingresan por primera vez al Sistema de Protección Especial en algún proyecto del departamento, respecto al total de atendidos por el Sistema en el departamento",Rivera,2022-S2,total,22.1,porcentaje
8,"Porcentaje de NNA que ingresan por primera vez al Sistema de Protección Especial en algún proyecto del departamento, respecto al total de atendidos por el Sistema en el departamento",Rivera,2023-S1,total,14.1,porcentaje
8,"Porcentaje de NNA que ingresan por primera vez al Sistema de Protección Especial en algún proyecto del departamento, respecto al total de atendidos por el Sistema en el departamento",Rivera,2023-S2,total,18.0,porcentaje
8,"Porcentaje de NNA que ingresan por primera vez al Sistema de Protección Especial en algún proyecto del departamento, respecto al total de atendidos por el Sistema en el departamento",Rivera,2024-S1,total,17.6,porcentaje
8,"Porcentaje de NNA que ingresan por primera vez al Sistema de Protección Especial en algún proyecto del departamento, respecto al total de atendidos por el Sistema en el departamento",Rivera,2024-S2,total,32.5,porcentaje
8,"Porcentaje de NNA que ingresan por primera vez al Sistema de Protección Especial en algún proyecto del departamento, respecto al total de atendidos por el Sistema en el departamento",Rivera,2025-S1,total,18.7,porcentaje
8,"Porcentaje de NNA que ingresan por primera vez al Sistema de Protección Especial en algún proyecto del departamento, respecto al total de atendidos por el Sistema en el departamento",Rivera,2025-S2,total,25.8,porcentaje
9,Cantidad de NNA que ingresan con trayectoria anterior al Sistema de Protección Especial en el departamento,Rivera,2020-S1,total,6.0,cantidad
9,Cantidad de NNA que ingresan con trayectoria anterior al Sistema de Protección Especial en el departamento,Rivera,2020-S2,total,8.0,cantidad
9,Cantidad de NNA que ingresan con trayectoria anterior al Sistema de Protección Especial en el departamento,Rivera,2021-S1,total,5.0,cantidad
9,Cantidad de NNA que ingresan con trayectoria anterior al Sistema de Protección Especial en el departamento,Rivera,2021-S2,total,7.0,cantidad
9,Cantidad de NNA que ingresan con trayectoria anterior al Sistema de Protección Especial en el departamento,Rivera,2022-S1,total,9.0,cantidad
9,Cantidad de NNA que ingresan con trayectoria anterior al Sistema de Protección Especial en el departamento,Rivera,2022-S2,total,11.0,cantidad
9,Cantidad de NNA que ingresan con trayectoria anterior al Sistema de Protección Especial en el departamento,Rivera,2023-S1,total,16.0,cantidad
9,Cantidad de NNA que ingresan con trayectoria anterior al Sistema de Protección Especial en el departamento,Rivera,2023-S2,total,12.0,cantidad
9,Cantidad de NNA que ingresan con trayectoria anterior al Sistema de Protección Especial en el departamento,Rivera,2024-S1,total,8.0,cantidad
9,Cantidad de NNA que ingresan con trayectoria anterior al Sistema de Protección Especial en el departamento,Rivera,2024-S2,total,16.0,cantidad
9,Cantidad de NNA que ingresan con trayectoria anterior al Sistema de Protección Especial en el departamento,Rivera,2025-S1,total,8.0,cantidad
9,Cantidad de NNA que ingresan con trayectoria anterior al Sistema de Protección Especial en el departamento,Rivera,2025-S2,total,9.0,cantidad
10,Porcentaje de NNA que ingresan con trayectoria anterior al Sistema de Protección Especial en algún proyecto del departamento respecto al total de atendidos por el Sistema en el departamento,Rivera,2020-S1,total,4.3,porcentaje
10,Porcentaje de NNA que ingresan con trayectoria anterior al Sistema de Protección Especial en algún proyecto del departamento respecto al total de atendidos por el Sistema en el departamento,Rivera,2020-S2,total,6.1,porcentaje
10,Porcentaje de NNA que ingresan con trayectoria anterior al Sistema de Protección Especial en algún proyecto del departamento respecto al total de atendidos por el Sistema en el departamento,Rivera,2021-S1,total,3.7,porcentaje
10,Porcentaje de NNA que ingresan con trayectoria anterior al Sistema de Protección Especial en algún proyecto del departamento respecto al total de atendidos por el Sistema en el departamento,Rivera,2021-S2,total,4.8,porcentaje
10,Porcentaje de NNA que ingresan con trayectoria anterior al Sistema de Protección Especial en algún proyecto del departamento respecto al total de atendidos por el Sistema en el departamento,Rivera,2022-S1,total,6.2,porcentaje
10,Porcentaje de NNA que ingresan con trayectoria anterior al Sistema de Protección Especial en algún proyecto del departamento respecto al total de atendidos por el Sistema en el departamento,Rivera,2022-S2,total,7.4,porcentaje
10,Porcentaje de NNA que ingresan con trayectoria anterior al Sistema de Protección Especial en algún proyecto del departamento respecto al total de atendidos por el Sistema en el departamento,Rivera,2023-S1,total,10.3,porcentaje
10,Porcentaje de NNA que ingresan con trayectoria anterior al Sistema de Protección Especial en algún proyecto del departamento respecto al total de atendidos por el Sistema en el departamento,Rivera,2023-S2,total,6.7,porcentaje
10,Porcentaje de NNA que ingresan con trayectoria anterior al Sistema de Protección Especial en algún proyecto del departamento respecto al total de atendidos por el Sistema en el departamento,Rivera,2024-S1,total,4.3,porcentaje
10,Porcentaje de NNA que ingresan con trayectoria anterior al Sistema de Protección Especial en algún proyecto del departamento respecto al total de atendidos por el Sistema en el departamento,Rivera,2024-S2,total,6.4,porcentaje
10,Porcentaje de NNA que ingresan con trayectoria anterior al Sistema de Protección Especial en algún proyecto del departamento respecto al total de atendidos por el Sistema en el departamento,Rivera,2025-S1,total,3.2,porcentaje
10,Porcentaje de NNA que ingresan con trayectoria anterior al Sistema de Protección Especial en algún proyecto del departamento respecto al total de atendidos por el Sistema en el departamento,Rivera,2025-S2,total,3.2,porcentaje
11,Cantidad de NNA que egresan del Sistema de Protección Especial en el departamento,Rivera,2020-S1,total,26.0,cantidad
11,Cantidad de NNA que egresan del Sistema de Protección Especial en el departamento,Rivera,2020-S2,total,33.0,cantidad
11,Cantidad de NNA que egresan del Sistema de Protección Especial en el departamento,Rivera,2021-S1,total,20.0,cantidad
11,Cantidad de NNA que egresan del Sistema de Protección Especial en el departamento,Rivera,2021-S2,total,52.0,cantidad
11,Cantidad de NNA que egresan del Sistema de Protección Especial en el departamento,Rivera,2022-S1,total,39.0,cantidad
11,Cantidad de NNA que egresan del Sistema de Protección Especial en el departamento,Rivera,2022-S2,total,39.0,cantidad
11,Cantidad de NNA que egresan del Sistema de Protección Especial en el departamento,Rivera,2023-S1,total,25.0,cantidad
11,Cantidad de NNA que egresan del Sistema de Protección Especial en el departamento,Rivera,2023-S2,total,37.0,cantidad
11,Cantidad de NNA que egresan del Sistema de Protección Especial en el departamento,Rivera,2024-S1,total,33.0,cantidad
11,Cantidad de NNA que egresan del Sistema de Protección Especial en el departamento,Rivera,2024-S2,total,53.0,cantidad
11,Cantidad de NNA que egresan del Sistema de Protección Especial en el departamento,Rivera,2025-S1,total,66.0,cantidad
11,Cantidad de NNA que egresan del Sistema de Protección Especial en el departamento,Rivera,2025-S2,total,46.0,cantidad
12,Cantidad de NNA que egresan del Sistema de Protección Especial en el departamento según tiempos de permanencia en el Sistema,Rivera,2020-S1,total,26.0,cantidad
12,Cantidad de NNA que egresan del Sistema de Protección Especial en el departamento según tiempos de permanencia en el Sistema,Rivera,2020-S2,total,33.0,cantidad
12,Cantidad de NNA que egresan del Sistema de Protección Especial en el departamento según tiempos de permanencia en el Sistema,Rivera,2021-S1,total,20.0,cantidad
12,Cantidad de NNA que egresan del Sistema de Protección Especial en el departamento según tiempos de permanencia en el Sistema,Rivera,2021-S2,total,52.0,cantidad
12,Cantidad de NNA que egresan del Sistema de Protección Especial en el departamento según tiempos de permanencia en el Sistema,Rivera,2022-S1,total,39.0,cantidad
12,Cantidad de NNA que egresan del Sistema de Protección Especial en el departamento según tiempos de permanencia en el Sistema,Rivera,2022-S2,total,39.0,cantidad
12,Cantidad de NNA que egresan del Sistema de Protección Especial en el departamento según tiempos de permanencia en el Sistema,Rivera,2023-S1,total,25.0,cantidad
12,Cantidad de NNA que egresan del Sistema de Protección Especial en el departamento según tiempos de permanencia en el Sistema,Rivera,2023-S2,total,37.0,cantidad
12,Cantidad de NNA que egresan del Sistema de Protección Especial en el departamento según tiempos de permanencia en el Sistema,Rivera,2024-S1,total,33.0,cantidad
12,Cantidad de NNA que egresan del Sistema de Protección Especial en el departamento según tiempos de permanencia en el Sistema,Rivera,2024-S2,total,53.0,cantidad
12,Cantidad de NNA que egresan del Sistema de Protección Especial en el departamento según tiempos de permanencia en el Sistema,Rivera,2025-S1,total,66.0,cantidad
12,Cantidad de NNA que egresan del Sistema de Protección Especial en el departamento según tiempos de permanencia en el Sistema,Rivera,2025-S2,total,46.0,cantidad
13,Cantidad de NNA que egresan del Sistema de Protección Especial en el departamento según tiempos de permanencia en la intervención,Rivera,2020-S1,total,26.0,cantidad
13,Cantidad de NNA que egresan del Sistema de Protección Especial en el departamento según tiempos de permanencia en la intervención,Rivera,2020-S2,total,33.0,cantidad
13,Cantidad de NNA que egresan del Sistema de Protección Especial en el departamento según tiempos de permanencia en la intervención,Rivera,2021-S1,total,20.0,cantidad
13,Cantidad de NNA que egresan del Sistema de Protección Especial en el departamento según tiempos de permanencia en la intervención,Rivera,2021-S2,total,52.0,cantidad
13,Cantidad de NNA que egresan del Sistema de Protección Especial en el departamento según tiempos de permanencia en la intervención,Rivera,2022-S1,total,39.0,cantidad
13,Cantidad de NNA que egresan del Sistema de Protección Especial en el departamento según tiempos de permanencia en la intervención,Rivera,2022-S2,total,39.0,cantidad
13,Cantidad de NNA que egresan del Sistema de Protección Especial en el departamento según tiempos de permanencia en la intervención,Rivera,2023-S1,total,25.0,cantidad
13,Cantidad de NNA que egresan del Sistema de Protección Especial en el departamento según tiempos de permanencia en la intervención,Rivera,2023-S2,total,37.0,cantidad
13,Cantidad de NNA que egresan del Sistema de Protección Especial en el departamento según tiempos de permanencia en la intervención,Rivera,2024-S1,total,33.0,cantidad
13,Cantidad de NNA que egresan del Sistema de Protección Especial en el departamento según tiempos de permanencia en la intervención,Rivera,2024-S2,total,53.0,cantidad
13,Cantidad de NNA que egresan del Sistema de Protección Especial en el departamento según tiempos de permanencia en la intervención,Rivera,2025-S1,total,66.0,cantidad
13,Cantidad de NNA que egresan del Sistema de Protección Especial en el departamento según tiempos de permanencia en la intervención,Rivera,2025-S2,total,46.0,cantidad
14,Cantidad de NNA que dejan de vivir en residencias en el departamento para vivir con una familia,Rivera,2020-S1,total,36.0,cantidad
14,Cantidad de NNA que dejan de vivir en residencias en el departamento para vivir con una familia,Rivera,2020-S2,total,13.0,cantidad
14,Cantidad de NNA que dejan de vivir en residencias en el departamento para vivir con una familia,Rivera,2021-S1,total,37.0,cantidad
14,Cantidad de NNA que dejan de vivir en residencias en el departamento para vivir con una familia,Rivera,2021-S2,total,35.0,cantidad
14,Cantidad de NNA que dejan de vivir en residencias en el departamento para vivir con una familia,Rivera,2022-S1,total,19.0,cantidad
14,Cantidad de NNA que dejan de vivir en residencias en el departamento para vivir con una familia,Rivera,2022-S2,total,35.0,cantidad
14,Cantidad de NNA que dejan de vivir en residencias en el departamento para vivir con una familia,Rivera,2023-S1,total,31.0,cantidad
14,Cantidad de NNA que dejan de vivir en residencias en el departamento para vivir con una familia,Rivera,2023-S2,total,37.0,cantidad
14,Cantidad de NNA que dejan de vivir en residencias en el departamento para vivir con una familia,Rivera,2024-S1,total,32.0,cantidad
14,Cantidad de NNA que dejan de vivir en residencias en el departamento para vivir con una familia,Rivera,2024-S2,total,61.0,cantidad
14,Cantidad de NNA que dejan de vivir en residencias en el departamento para vivir con una familia,Rivera,2025-S1,total,65.0,cantidad
14,Cantidad de NNA que dejan de vivir en residencias en el departamento para vivir con una familia,Rivera,2025-S2,total,67.0,cantidad
15,Cantidad de NNA con condición de adoptabilidad en el departamento,Rivera,2020-S1,total,17.0,cantidad
15,Cantidad de NNA con condición de adoptabilidad en el departamento,Rivera,2020-S2,total,19.0,cantidad
15,Cantidad de NNA con condición de adoptabilidad en el departamento,Rivera,2021-S1,total,19.0,cantidad
15,Cantidad de NNA con condición de adoptabilidad en el departamento,Rivera,2021-S2,total,23.0,cantidad
15,Cantidad de NNA con condición de adoptabilidad en el departamento,Rivera,2022-S1,total,24.0,cantidad
15,Cantidad de NNA con condición de adoptabilidad en el departamento,Rivera,2022-S2,total,26.0,cantidad
15,Cantidad de NNA con condición de adoptabilidad en el departamento,Rivera,2023-S1,total,22.0,cantidad
15,Cantidad de NNA con condición de adoptabilidad en el departamento,Rivera,2023-S2,total,20.0,cantidad
15,Cantidad de NNA con condición de adoptabilidad en el departamento,Rivera,2024-S1,total,20.0,cantidad
15,Cantidad de NNA con condición de adoptabilidad en el departamento,Rivera,2024-S2,total,19.0,cantidad
15,Cantidad de NNA con condición de adoptabilidad en el departamento,Rivera,2025-S1,total,20.0,cantidad
15,Cantidad de NNA con condición de adoptabilidad en el departamento,Rivera,2025-S2,total,25.0,cantidad
16,"Porcentaje de NNA con condición de adoptabilidad en el departamento, respecto al total de NNA atendidos por el Sistema de Protección Especial en el departamento",Rivera,2020-S1,total,12.1,porcentaje
16,"Porcentaje de NNA con condición de adoptabilidad en el departamento, respecto al total de NNA atendidos por el Sistema de Protección Especial en el departamento",Rivera,2020-S2,total,14.4,porcentaje
16,"Porcentaje de NNA con condición de adoptabilidad en el departamento, respecto al total de NNA atendidos por el Sistema de Protección Especial en el departamento",Rivera,2021-S1,total,14.2,porcentaje
16,"Porcentaje de NNA con condición de adoptabilidad en el departamento, respecto al total de NNA atendidos por el Sistema de Protección Especial en el departamento",Rivera,2021-S2,total,15.8,porcentaje
16,"Porcentaje de NNA con condición de adoptabilidad en el departamento, respecto al total de NNA atendidos por el Sistema de Protección Especial en el departamento",Rivera,2022-S1,total,16.7,porcentaje
16,"Porcentaje de NNA con condición de adoptabilidad en el departamento, respecto al total de NNA atendidos por el Sistema de Protección Especial en el departamento",Rivera,2022-S2,total,17.4,porcentaje
16,"Porcentaje de NNA con condición de adoptabilidad en el departamento, respecto al total de NNA atendidos por el Sistema de Protección Especial en el departamento",Rivera,2023-S1,total,14.1,porcentaje
16,"Porcentaje de NNA con condición de adoptabilidad en el departamento, respecto al total de NNA atendidos por el Sistema de Protección Especial en el departamento",Rivera,2023-S2,total,11.2,porcentaje
16,"Porcentaje de NNA con condición de adoptabilidad en el departamento, respecto al total de NNA atendidos por el Sistema de Protección Especial en el departamento",Rivera,2024-S1,total,10.6,porcentaje
16,"Porcentaje de NNA con condición de adoptabilidad en el departamento, respecto al total de NNA atendidos por el Sistema de Protección Especial en el departamento",Rivera,2024-S2,total,7.6,porcentaje
16,"Porcentaje de NNA con condición de adoptabilidad en el departamento, respecto al total de NNA atendidos por el Sistema de Protección Especial en el departamento",Rivera,2025-S1,total,7.9,porcentaje
16,"Porcentaje de NNA con condición de adoptabilidad en el departamento, respecto al total de NNA atendidos por el Sistema de Protección Especial en el departamento",Rivera,2025-S2,total,8.8,porcentaje
17,Cantidad de NNA con condición de adoptabilidad en el departamento que pasa a seguimiento de tenencia,Rivera,2020-S1,total,1.0,cantidad
17,Cantidad de NNA con condición de adoptabilidad en el departamento que pasa a seguimiento de tenencia,Rivera,2020-S2,total,2.0,cantidad
17,Cantidad de NNA con condición de adoptabilidad en el departamento que pasa a seguimiento de tenencia,Rivera,2021-S1,total,0.0,cantidad
17,Cantidad de NNA con condición de adoptabilidad en el departamento que pasa a seguimiento de tenencia,Rivera,2021-S2,total,2.0,cantidad
17,Cantidad de NNA con condición de adoptabilidad en el departamento que pasa a seguimiento de tenencia,Rivera,2022-S1,total,1.0,cantidad
17,Cantidad de NNA con condición de adoptabilidad en el departamento que pasa a seguimiento de tenencia,Rivera,2022-S2,total,2.0,cantidad
17,Cantidad de NNA con condición de adoptabilidad en el departamento que pasa a seguimiento de tenencia,Rivera,2023-S1,total,1.0,cantidad
17,Cantidad de NNA con condición de adoptabilidad en el departamento que pasa a seguimiento de tenencia,Rivera,2023-S2,total,0.0,cantidad
17,Cantidad de NNA con condición de adoptabilidad en el departamento que pasa a seguimiento de tenencia,Rivera,2024-S1,total,1.0,cantidad
17,Cantidad de NNA con condición de adoptabilidad en el departamento que pasa a seguimiento de tenencia,Rivera,2024-S2,total,1.0,cantidad
17,Cantidad de NNA con condición de adoptabilidad en el departamento que pasa a seguimiento de tenencia,Rivera,2025-S1,total,4.0,cantidad
17,Cantidad de NNA con condición de adoptabilidad en el departamento que pasa a seguimiento de tenencia,Rivera,2025-S2,total,1.0,cantidad
19,Cantidad de NNA atendidos por el Sistema de Protección Especial en el departamento que tiene Proyecto de Atención Integral (PAI),Rivera,2020-S1,total,0.0,cantidad
19,Cantidad de NNA atendidos por el Sistema de Protección Especial en el departamento que tiene Proyecto de Atención Integral (PAI),Rivera,2020-S2,total,0.0,cantidad
19,Cantidad de NNA atendidos por el Sistema de Protección Especial en el departamento que tiene Proyecto de Atención Integral (PAI),Rivera,2021-S1,total,0.0,cantidad
19,Cantidad de NNA atendidos por el Sistema de Protección Especial en el departamento que tiene Proyecto de Atención Integral (PAI),Rivera,2021-S2,total,0.0,cantidad
19,Cantidad de NNA atendidos por el Sistema de Protección Especial en el departamento que tiene Proyecto de Atención Integral (PAI),Rivera,2022-S1,total,0.0,cantidad
19,Cantidad de NNA atendidos por el Sistema de Protección Especial en el departamento que tiene Proyecto de Atención Integral (PAI),Rivera,2022-S2,total,0.0,cantidad
19,Cantidad de NNA atendidos por el Sistema de Protección Especial en el departamento que tiene Proyecto de Atención Integral (PAI),Rivera,2023-S1,total,0.0,cantidad
19,Cantidad de NNA atendidos por el Sistema de Protección Especial en el departamento que tiene Proyecto de Atención Integral (PAI),Rivera,2023-S2,total,0.0,cantidad
19,Cantidad de NNA atendidos por el Sistema de Protección Especial en el departamento que tiene Proyecto de Atención Integral (PAI),Rivera,2024-S1,total,0.0,cantidad
19,Cantidad de NNA atendidos por el Sistema de Protección Especial en el departamento que tiene Proyecto de Atención Integral (PAI),Rivera,2024-S2,total,0.0,cantidad
19,Cantidad de NNA atendidos por el Sistema de Protección Especial en el departamento que tiene Proyecto de Atención Integral (PAI),Rivera,2025-S1,total,0.0,cantidad
19,Cantidad de NNA atendidos por el Sistema de Protección Especial en el departamento que tiene Proyecto de Atención Integral (PAI),Rivera,2025-S2,total,0.0,cantidad
20,"Cantidad de NN de 0 a 5 años atendidos por el Sistema de Protección Especial en el departamento, inscriptos en centros de educación y cuidado",Rivera,2021-S1,total,17.0,cantidad
20,"Cantidad de NN de 0 a 5 años atendidos por el Sistema de Protección Especial en el departamento, inscriptos en centros de educación y cuidado",Rivera,2021-S2,total,9.0,cantidad
20,"Cantidad de NN de 0 a 5 años atendidos por el Sistema de Protección Especial en el departamento, inscriptos en centros de educación y cuidado",Rivera,2022-S1,total,8.0,cantidad
20,"Cantidad de NN de 0 a 5 años atendidos por el Sistema de Protección Especial en el departamento, inscriptos en centros de educación y cuidado",Rivera,2022-S2,total,13.0,cantidad
20,"Cantidad de NN de 0 a 5 años atendidos por el Sistema de Protección Especial en el departamento, inscriptos en centros de educación y cuidado",Rivera,2023-S1,total,10.0,cantidad
20,"Cantidad de NN de 0 a 5 años atendidos por el Sistema de Protección Especial en el departamento, inscriptos en centros de educación y cuidado",Rivera,2023-S2,total,17.0,cantidad
20,"Cantidad de NN de 0 a 5 años atendidos por el Sistema de Protección Especial en el departamento, inscriptos en centros de educación y cuidado",Rivera,2024-S1,total,18.0,cantidad
20,"Cantidad de NN de 0 a 5 años atendidos por el Sistema de Protección Especial en el departamento, inscriptos en centros de educación y cuidado",Rivera,2024-S2,total,31.0,cantidad
20,"Cantidad de NN de 0 a 5 años atendidos por el Sistema de Protección Especial en el departamento, inscriptos en centros de educación y cuidado",Rivera,2025-S1,total,24.0,cantidad
20,"Cantidad de NN de 0 a 5 años atendidos por el Sistema de Protección Especial en el departamento, inscriptos en centros de educación y cuidado",Rivera,2025-S2,total,28.0,cantidad
21,"Cantidad de NNA de 6 a 17 años atendidos por el Sistema de Protección Especial en el departamento, inscriptos en centros de educación formal",Rivera,2021-S1,total,83.0,cantidad
21,"Cantidad de NNA de 6 a 17 años atendidos por el Sistema de Protección Especial en el departamento, inscriptos en centros de educación formal",Rivera,2021-S2,total,84.0,cantidad
21,"Cantidad de NNA de 6 a 17 años atendidos por el Sistema de Protección Especial en el departamento, inscriptos en centros de educación formal",Rivera,2022-S1,total,87.0,cantidad
21,"Cantidad de NNA de 6 a 17 años atendidos por el Sistema de Protección Especial en el departamento, inscriptos en centros de educación formal",Rivera,2022-S2,total,94.0,cantidad
21,"Cantidad de NNA de 6 a 17 años atendidos por el Sistema de Protección Especial en el departamento, inscriptos en centros de educación formal",Rivera,2023-S1,total,109.0,cantidad
21,"Cantidad de NNA de 6 a 17 años atendidos por el Sistema de Protección Especial en el departamento, inscriptos en centros de educación formal",Rivera,2023-S2,total,117.0,cantidad
21,"Cantidad de NNA de 6 a 17 años atendidos por el Sistema de Protección Especial en el departamento, inscriptos en centros de educación formal",Rivera,2024-S1,total,110.0,cantidad
21,"Cantidad de NNA de 6 a 17 años atendidos por el Sistema de Protección Especial en el departamento, inscriptos en centros de educación formal",Rivera,2024-S2,total,144.0,cantidad
21,"Cantidad de NNA de 6 a 17 años atendidos por el Sistema de Protección Especial en el departamento, inscriptos en centros de educación formal",Rivera,2025-S1,total,150.0,cantidad
21,"Cantidad de NNA de 6 a 17 años atendidos por el Sistema de Protección Especial en el departamento, inscriptos en centros de educación formal",Rivera,2025-S2,total,178.0,cantidad
23,Cantidad de NNA atendidos por el Sistema de Protección Especial en el departamento con controles médicos al día,Rivera,2020-S1,total,94.0,cantidad
23,Cantidad de NNA atendidos por el Sistema de Protección Especial en el departamento con controles médicos al día,Rivera,2020-S2,total,74.0,cantidad
23,Cantidad de NNA atendidos por el Sistema de Protección Especial en el departamento con controles médicos al día,Rivera,2021-S1,total,83.0,cantidad
23,Cantidad de NNA atendidos por el Sistema de Protección Especial en el departamento con controles médicos al día,Rivera,2021-S2,total,86.0,cantidad
23,Cantidad de NNA atendidos por el Sistema de Protección Especial en el departamento con controles médicos al día,Rivera,2022-S1,total,83.0,cantidad
23,Cantidad de NNA atendidos por el Sistema de Protección Especial en el departamento con controles médicos al día,Rivera,2022-S2,total,86.0,cantidad
23,Cantidad de NNA atendidos por el Sistema de Protección Especial en el departamento con controles médicos al día,Rivera,2023-S1,total,87.0,cantidad
23,Cantidad de NNA atendidos por el Sistema de Protección Especial en el departamento con controles médicos al día,Rivera,2023-S2,total,65.0,cantidad
23,Cantidad de NNA atendidos por el Sistema de Protección Especial en el departamento con controles médicos al día,Rivera,2024-S1,total,130.0,cantidad
23,Cantidad de NNA atendidos por el Sistema de Protección Especial en el departamento con controles médicos al día,Rivera,2024-S2,total,132.0,cantidad
23,Cantidad de NNA atendidos por el Sistema de Protección Especial en el departamento con controles médicos al día,Rivera,2025-S1,total,133.0,cantidad
23,Cantidad de NNA atendidos por el Sistema de Protección Especial en el departamento con controles médicos al día,Rivera,2025-S2,total,164.0,cantidad
24,Cantidad de NNA atendidos por el Sistema de Protección Especial en el departamento con vacunas al día,Rivera,2020-S1,total,111.0,cantidad
24,Cantidad de NNA atendidos por el Sistema de Protección Especial en el departamento con vacunas al día,Rivera,2020-S2,total,95.0,cantidad
24,Cantidad de NNA atendidos por el Sistema de Protección Especial en el departamento con vacunas al día,Rivera,2021-S1,total,114.0,cantidad
24,Cantidad de NNA atendidos por el Sistema de Protección Especial en el departamento con vacunas al día,Rivera,2021-S2,total,102.0,cantidad
24,Cantidad de NNA atendidos por el Sistema de Protección Especial en el departamento con vacunas al día,Rivera,2022-S1,total,93.0,cantidad
24,Cantidad de NNA atendidos por el Sistema de Protección Especial en el departamento con vacunas al día,Rivera,2022-S2,total,114.0,cantidad
24,Cantidad de NNA atendidos por el Sistema de Protección Especial en el departamento con vacunas al día,Rivera,2023-S1,total,124.0,cantidad
24,Cantidad de NNA atendidos por el Sistema de Protección Especial en el departamento con vacunas al día,Rivera,2023-S2,total,138.0,cantidad
24,Cantidad de NNA atendidos por el Sistema de Protección Especial en el departamento con vacunas al día,Rivera,2024-S1,total,144.0,cantidad
24,Cantidad de NNA atendidos por el Sistema de Protección Especial en el departamento con vacunas al día,Rivera,2024-S2,total,160.0,cantidad
24,Cantidad de NNA atendidos por el Sistema de Protección Especial en el departamento con vacunas al día,Rivera,2025-S1,total,169.0,cantidad
24,Cantidad de NNA atendidos por el Sistema de Protección Especial en el departamento con vacunas al día,Rivera,2025-S2,total,195.0,cantidad
1,Cantidad de NNA atendidos en algún proyecto del Sistema de Protección Especial del departamento,Rocha,2020-S1,total,122.0,cantidad
1,Cantidad de NNA atendidos en algún proyecto del Sistema de Protección Especial del departamento,Rocha,2020-S2,total,118.0,cantidad
1,Cantidad de NNA atendidos en algún proyecto del Sistema de Protección Especial del departamento,Rocha,2021-S1,total,124.0,cantidad
1,Cantidad de NNA atendidos en algún proyecto del Sistema de Protección Especial del departamento,Rocha,2021-S2,total,124.0,cantidad
1,Cantidad de NNA atendidos en algún proyecto del Sistema de Protección Especial del departamento,Rocha,2022-S1,total,130.0,cantidad
1,Cantidad de NNA atendidos en algún proyecto del Sistema de Protección Especial del departamento,Rocha,2022-S2,total,145.0,cantidad
1,Cantidad de NNA atendidos en algún proyecto del Sistema de Protección Especial del departamento,Rocha,2023-S1,total,155.0,cantidad
1,Cantidad de NNA atendidos en algún proyecto del Sistema de Protección Especial del departamento,Rocha,2023-S2,total,180.0,cantidad
1,Cantidad de NNA atendidos en algún proyecto del Sistema de Protección Especial del departamento,Rocha,2024-S1,total,169.0,cantidad
1,Cantidad de NNA atendidos en algún proyecto del Sistema de Protección Especial del departamento,Rocha,2024-S2,total,169.0,cantidad
1,Cantidad de NNA atendidos en algún proyecto del Sistema de Protección Especial del departamento,Rocha,2025-S1,total,181.0,cantidad
1,Cantidad de NNA atendidos en algún proyecto del Sistema de Protección Especial del departamento,Rocha,2025-S2,total,190.0,cantidad
2,Porcentaje de NNA atendidos en algún proyecto del Sistema de Protección Especial del departamento respecto a la población total INAU del departamento,Rocha,2020-S1,total,4.4,porcentaje
2,Porcentaje de NNA atendidos en algún proyecto del Sistema de Protección Especial del departamento respecto a la población total INAU del departamento,Rocha,2020-S2,total,4.0,porcentaje
2,Porcentaje de NNA atendidos en algún proyecto del Sistema de Protección Especial del departamento respecto a la población total INAU del departamento,Rocha,2021-S1,total,4.2,porcentaje
2,Porcentaje de NNA atendidos en algún proyecto del Sistema de Protección Especial del departamento respecto a la población total INAU del departamento,Rocha,2021-S2,total,4.1,porcentaje
2,Porcentaje de NNA atendidos en algún proyecto del Sistema de Protección Especial del departamento respecto a la población total INAU del departamento,Rocha,2022-S1,total,4.4,porcentaje
2,Porcentaje de NNA atendidos en algún proyecto del Sistema de Protección Especial del departamento respecto a la población total INAU del departamento,Rocha,2022-S2,total,4.7,porcentaje
2,Porcentaje de NNA atendidos en algún proyecto del Sistema de Protección Especial del departamento respecto a la población total INAU del departamento,Rocha,2023-S1,total,5.1,porcentaje
2,Porcentaje de NNA atendidos en algún proyecto del Sistema de Protección Especial del departamento respecto a la población total INAU del departamento,Rocha,2023-S2,total,5.9,porcentaje
2,Porcentaje de NNA atendidos en algún proyecto del Sistema de Protección Especial del departamento respecto a la población total INAU del departamento,Rocha,2024-S1,total,5.5,porcentaje
2,Porcentaje de NNA atendidos en algún proyecto del Sistema de Protección Especial del departamento respecto a la población total INAU del departamento,Rocha,2024-S2,total,5.3,porcentaje
2,Porcentaje de NNA atendidos en algún proyecto del Sistema de Protección Especial del departamento respecto a la población total INAU del departamento,Rocha,2025-S1,total,6.1,porcentaje
2,Porcentaje de NNA atendidos en algún proyecto del Sistema de Protección Especial del departamento respecto a la población total INAU del departamento,Rocha,2025-S2,total,6.1,porcentaje
5,Cantidad de NNA en el Sistema de Protección Especial del departamento que viven en residencia,Rocha,2020-S1,total,73.0,cantidad
5,Cantidad de NNA en el Sistema de Protección Especial del departamento que viven en residencia,Rocha,2020-S2,total,80.0,cantidad
5,Cantidad de NNA en el Sistema de Protección Especial del departamento que viven en residencia,Rocha,2021-S1,total,67.0,cantidad
5,Cantidad de NNA en el Sistema de Protección Especial del departamento que viven en residencia,Rocha,2021-S2,total,71.0,cantidad
5,Cantidad de NNA en el Sistema de Protección Especial del departamento que viven en residencia,Rocha,2022-S1,total,63.0,cantidad
5,Cantidad de NNA en el Sistema de Protección Especial del departamento que viven en residencia,Rocha,2022-S2,total,71.0,cantidad
5,Cantidad de NNA en el Sistema de Protección Especial del departamento que viven en residencia,Rocha,2023-S1,total,84.0,cantidad
5,Cantidad de NNA en el Sistema de Protección Especial del departamento que viven en residencia,Rocha,2023-S2,total,99.0,cantidad
5,Cantidad de NNA en el Sistema de Protección Especial del departamento que viven en residencia,Rocha,2024-S1,total,78.0,cantidad
5,Cantidad de NNA en el Sistema de Protección Especial del departamento que viven en residencia,Rocha,2024-S2,total,75.0,cantidad
5,Cantidad de NNA en el Sistema de Protección Especial del departamento que viven en residencia,Rocha,2025-S1,total,69.0,cantidad
5,Cantidad de NNA en el Sistema de Protección Especial del departamento que viven en residencia,Rocha,2025-S2,total,67.0,cantidad
6,Cantidad de NNA en el Sistema de Protección Especial del departamento que viven en contexto familiar,Rocha,2020-S1,total,49.0,cantidad
6,Cantidad de NNA en el Sistema de Protección Especial del departamento que viven en contexto familiar,Rocha,2020-S2,total,38.0,cantidad
6,Cantidad de NNA en el Sistema de Protección Especial del departamento que viven en contexto familiar,Rocha,2021-S1,total,57.0,cantidad
6,Cantidad de NNA en el Sistema de Protección Especial del departamento que viven en contexto familiar,Rocha,2021-S2,total,53.0,cantidad
6,Cantidad de NNA en el Sistema de Protección Especial del departamento que viven en contexto familiar,Rocha,2022-S1,total,67.0,cantidad
6,Cantidad de NNA en el Sistema de Protección Especial del departamento que viven en contexto familiar,Rocha,2022-S2,total,74.0,cantidad
6,Cantidad de NNA en el Sistema de Protección Especial del departamento que viven en contexto familiar,Rocha,2023-S1,total,71.0,cantidad
6,Cantidad de NNA en el Sistema de Protección Especial del departamento que viven en contexto familiar,Rocha,2023-S2,total,81.0,cantidad
6,Cantidad de NNA en el Sistema de Protección Especial del departamento que viven en contexto familiar,Rocha,2024-S1,total,91.0,cantidad
6,Cantidad de NNA en el Sistema de Protección Especial del departamento que viven en contexto familiar,Rocha,2024-S2,total,94.0,cantidad
6,Cantidad de NNA en el Sistema de Protección Especial del departamento que viven en contexto familiar,Rocha,2025-S1,total,112.0,cantidad
6,Cantidad de NNA en el Sistema de Protección Especial del departamento que viven en contexto familiar,Rocha,2025-S2,total,123.0,cantidad
7,Cantidad de NNA en el departamento que ingresan por primera vez al Sistema de Protección Especial,Rocha,2020-S1,total,21.0,cantidad
7,Cantidad de NNA en el departamento que ingresan por primera vez al Sistema de Protección Especial,Rocha,2020-S2,total,15.0,cantidad
7,Cantidad de NNA en el departamento que ingresan por primera vez al Sistema de Protección Especial,Rocha,2021-S1,total,23.0,cantidad
7,Cantidad de NNA en el departamento que ingresan por primera vez al Sistema de Protección Especial,Rocha,2021-S2,total,29.0,cantidad
7,Cantidad de NNA en el departamento que ingresan por primera vez al Sistema de Protección Especial,Rocha,2022-S1,total,29.0,cantidad
7,Cantidad de NNA en el departamento que ingresan por primera vez al Sistema de Protección Especial,Rocha,2022-S2,total,27.0,cantidad
7,Cantidad de NNA en el departamento que ingresan por primera vez al Sistema de Protección Especial,Rocha,2023-S1,total,29.0,cantidad
7,Cantidad de NNA en el departamento que ingresan por primera vez al Sistema de Protección Especial,Rocha,2023-S2,total,39.0,cantidad
7,Cantidad de NNA en el departamento que ingresan por primera vez al Sistema de Protección Especial,Rocha,2024-S1,total,20.0,cantidad
7,Cantidad de NNA en el departamento que ingresan por primera vez al Sistema de Protección Especial,Rocha,2024-S2,total,28.0,cantidad
7,Cantidad de NNA en el departamento que ingresan por primera vez al Sistema de Protección Especial,Rocha,2025-S1,total,21.0,cantidad
7,Cantidad de NNA en el departamento que ingresan por primera vez al Sistema de Protección Especial,Rocha,2025-S2,total,34.0,cantidad
8,"Porcentaje de NNA que ingresan por primera vez al Sistema de Protección Especial en algún proyecto del departamento, respecto al total de atendidos por el Sistema en el departamento",Rocha,2020-S1,total,15.2,porcentaje
8,"Porcentaje de NNA que ingresan por primera vez al Sistema de Protección Especial en algún proyecto del departamento, respecto al total de atendidos por el Sistema en el departamento",Rocha,2020-S2,total,10.4,porcentaje
8,"Porcentaje de NNA que ingresan por primera vez al Sistema de Protección Especial en algún proyecto del departamento, respecto al total de atendidos por el Sistema en el departamento",Rocha,2021-S1,total,15.2,porcentaje
8,"Porcentaje de NNA que ingresan por primera vez al Sistema de Protección Especial en algún proyecto del departamento, respecto al total de atendidos por el Sistema en el departamento",Rocha,2021-S2,total,19.2,porcentaje
8,"Porcentaje de NNA que ingresan por primera vez al Sistema de Protección Especial en algún proyecto del departamento, respecto al total de atendidos por el Sistema en el departamento",Rocha,2022-S1,total,18.6,porcentaje
8,"Porcentaje de NNA que ingresan por primera vez al Sistema de Protección Especial en algún proyecto del departamento, respecto al total de atendidos por el Sistema en el departamento",Rocha,2022-S2,total,15.8,porcentaje
8,"Porcentaje de NNA que ingresan por primera vez al Sistema de Protección Especial en algún proyecto del departamento, respecto al total de atendidos por el Sistema en el departamento",Rocha,2023-S1,total,16.0,porcentaje
8,"Porcentaje de NNA que ingresan por primera vez al Sistema de Protección Especial en algún proyecto del departamento, respecto al total de atendidos por el Sistema en el departamento",Rocha,2023-S2,total,18.1,porcentaje
8,"Porcentaje de NNA que ingresan por primera vez al Sistema de Protección Especial en algún proyecto del departamento, respecto al total de atendidos por el Sistema en el departamento",Rocha,2024-S1,total,9.9,porcentaje
8,"Porcentaje de NNA que ingresan por primera vez al Sistema de Protección Especial en algún proyecto del departamento, respecto al total de atendidos por el Sistema en el departamento",Rocha,2024-S2,total,13.5,porcentaje
8,"Porcentaje de NNA que ingresan por primera vez al Sistema de Protección Especial en algún proyecto del departamento, respecto al total de atendidos por el Sistema en el departamento",Rocha,2025-S1,total,9.7,porcentaje
8,"Porcentaje de NNA que ingresan por primera vez al Sistema de Protección Especial en algún proyecto del departamento, respecto al total de atendidos por el Sistema en el departamento",Rocha,2025-S2,total,14.6,porcentaje
9,Cantidad de NNA que ingresan con trayectoria anterior al Sistema de Protección Especial en el departamento,Rocha,2020-S1,total,3.0,cantidad
9,Cantidad de NNA que ingresan con trayectoria anterior al Sistema de Protección Especial en el departamento,Rocha,2020-S2,total,9.0,cantidad
9,Cantidad de NNA que ingresan con trayectoria anterior al Sistema de Protección Especial en el departamento,Rocha,2021-S1,total,8.0,cantidad
9,Cantidad de NNA que ingresan con trayectoria anterior al Sistema de Protección Especial en el departamento,Rocha,2021-S2,total,3.0,cantidad
9,Cantidad de NNA que ingresan con trayectoria anterior al Sistema de Protección Especial en el departamento,Rocha,2022-S1,total,6.0,cantidad
9,Cantidad de NNA que ingresan con trayectoria anterior al Sistema de Protección Especial en el departamento,Rocha,2022-S2,total,11.0,cantidad
9,Cantidad de NNA que ingresan con trayectoria anterior al Sistema de Protección Especial en el departamento,Rocha,2023-S1,total,8.0,cantidad
9,Cantidad de NNA que ingresan con trayectoria anterior al Sistema de Protección Especial en el departamento,Rocha,2023-S2,total,15.0,cantidad
9,Cantidad de NNA que ingresan con trayectoria anterior al Sistema de Protección Especial en el departamento,Rocha,2024-S1,total,3.0,cantidad
9,Cantidad de NNA que ingresan con trayectoria anterior al Sistema de Protección Especial en el departamento,Rocha,2024-S2,total,7.0,cantidad
9,Cantidad de NNA que ingresan con trayectoria anterior al Sistema de Protección Especial en el departamento,Rocha,2025-S1,total,7.0,cantidad
9,Cantidad de NNA que ingresan con trayectoria anterior al Sistema de Protección Especial en el departamento,Rocha,2025-S2,total,6.0,cantidad
10,Porcentaje de NNA que ingresan con trayectoria anterior al Sistema de Protección Especial en algún proyecto del departamento respecto al total de atendidos por el Sistema en el departamento,Rocha,2020-S1,total,2.2,porcentaje
10,Porcentaje de NNA que ingresan con trayectoria anterior al Sistema de Protección Especial en algún proyecto del departamento respecto al total de atendidos por el Sistema en el departamento,Rocha,2020-S2,total,6.2,porcentaje
10,Porcentaje de NNA que ingresan con trayectoria anterior al Sistema de Protección Especial en algún proyecto del departamento respecto al total de atendidos por el Sistema en el departamento,Rocha,2021-S1,total,5.3,porcentaje
10,Porcentaje de NNA que ingresan con trayectoria anterior al Sistema de Protección Especial en algún proyecto del departamento respecto al total de atendidos por el Sistema en el departamento,Rocha,2021-S2,total,2.0,porcentaje
10,Porcentaje de NNA que ingresan con trayectoria anterior al Sistema de Protección Especial en algún proyecto del departamento respecto al total de atendidos por el Sistema en el departamento,Rocha,2022-S1,total,3.8,porcentaje
10,Porcentaje de NNA que ingresan con trayectoria anterior al Sistema de Protección Especial en algún proyecto del departamento respecto al total de atendidos por el Sistema en el departamento,Rocha,2022-S2,total,6.4,porcentaje
10,Porcentaje de NNA que ingresan con trayectoria anterior al Sistema de Protección Especial en algún proyecto del departamento respecto al total de atendidos por el Sistema en el departamento,Rocha,2023-S1,total,4.4,porcentaje
10,Porcentaje de NNA que ingresan con trayectoria anterior al Sistema de Protección Especial en algún proyecto del departamento respecto al total de atendidos por el Sistema en el departamento,Rocha,2023-S2,total,7.0,porcentaje
10,Porcentaje de NNA que ingresan con trayectoria anterior al Sistema de Protección Especial en algún proyecto del departamento respecto al total de atendidos por el Sistema en el departamento,Rocha,2024-S1,total,1.5,porcentaje
10,Porcentaje de NNA que ingresan con trayectoria anterior al Sistema de Protección Especial en algún proyecto del departamento respecto al total de atendidos por el Sistema en el departamento,Rocha,2024-S2,total,3.4,porcentaje
10,Porcentaje de NNA que ingresan con trayectoria anterior al Sistema de Protección Especial en algún proyecto del departamento respecto al total de atendidos por el Sistema en el departamento,Rocha,2025-S1,total,3.2,porcentaje
10,Porcentaje de NNA que ingresan con trayectoria anterior al Sistema de Protección Especial en algún proyecto del departamento respecto al total de atendidos por el Sistema en el departamento,Rocha,2025-S2,total,2.6,porcentaje
11,Cantidad de NNA que egresan del Sistema de Protección Especial en el departamento,Rocha,2020-S1,total,16.0,cantidad
11,Cantidad de NNA que egresan del Sistema de Protección Especial en el departamento,Rocha,2020-S2,total,32.0,cantidad
11,Cantidad de NNA que egresan del Sistema de Protección Especial en el departamento,Rocha,2021-S1,total,31.0,cantidad
11,Cantidad de NNA que egresan del Sistema de Protección Especial en el departamento,Rocha,2021-S2,total,38.0,cantidad
11,Cantidad de NNA que egresan del Sistema de Protección Especial en el departamento,Rocha,2022-S1,total,26.0,cantidad
11,Cantidad de NNA que egresan del Sistema de Protección Especial en el departamento,Rocha,2022-S2,total,27.0,cantidad
11,Cantidad de NNA que egresan del Sistema de Protección Especial en el departamento,Rocha,2023-S1,total,27.0,cantidad
11,Cantidad de NNA que egresan del Sistema de Protección Especial en el departamento,Rocha,2023-S2,total,33.0,cantidad
11,Cantidad de NNA que egresan del Sistema de Protección Especial en el departamento,Rocha,2024-S1,total,34.0,cantidad
11,Cantidad de NNA que egresan del Sistema de Protección Especial en el departamento,Rocha,2024-S2,total,40.0,cantidad
11,Cantidad de NNA que egresan del Sistema de Protección Especial en el departamento,Rocha,2025-S1,total,27.0,cantidad
11,Cantidad de NNA que egresan del Sistema de Protección Especial en el departamento,Rocha,2025-S2,total,34.0,cantidad
12,Cantidad de NNA que egresan del Sistema de Protección Especial en el departamento según tiempos de permanencia en el Sistema,Rocha,2020-S1,total,16.0,cantidad
12,Cantidad de NNA que egresan del Sistema de Protección Especial en el departamento según tiempos de permanencia en el Sistema,Rocha,2020-S2,total,32.0,cantidad
12,Cantidad de NNA que egresan del Sistema de Protección Especial en el departamento según tiempos de permanencia en el Sistema,Rocha,2021-S1,total,31.0,cantidad
12,Cantidad de NNA que egresan del Sistema de Protección Especial en el departamento según tiempos de permanencia en el Sistema,Rocha,2021-S2,total,38.0,cantidad
12,Cantidad de NNA que egresan del Sistema de Protección Especial en el departamento según tiempos de permanencia en el Sistema,Rocha,2022-S1,total,26.0,cantidad
12,Cantidad de NNA que egresan del Sistema de Protección Especial en el departamento según tiempos de permanencia en el Sistema,Rocha,2022-S2,total,27.0,cantidad
12,Cantidad de NNA que egresan del Sistema de Protección Especial en el departamento según tiempos de permanencia en el Sistema,Rocha,2023-S1,total,27.0,cantidad
12,Cantidad de NNA que egresan del Sistema de Protección Especial en el departamento según tiempos de permanencia en el Sistema,Rocha,2023-S2,total,33.0,cantidad
12,Cantidad de NNA que egresan del Sistema de Protección Especial en el departamento según tiempos de permanencia en el Sistema,Rocha,2024-S1,total,34.0,cantidad
12,Cantidad de NNA que egresan del Sistema de Protección Especial en el departamento según tiempos de permanencia en el Sistema,Rocha,2024-S2,total,40.0,cantidad
12,Cantidad de NNA que egresan del Sistema de Protección Especial en el departamento según tiempos de permanencia en el Sistema,Rocha,2025-S1,total,27.0,cantidad
12,Cantidad de NNA que egresan del Sistema de Protección Especial en el departamento según tiempos de permanencia en el Sistema,Rocha,2025-S2,total,34.0,cantidad
13,Cantidad de NNA que egresan del Sistema de Protección Especial en el departamento según tiempos de permanencia en la intervención,Rocha,2020-S1,total,16.0,cantidad
13,Cantidad de NNA que egresan del Sistema de Protección Especial en el departamento según tiempos de permanencia en la intervención,Rocha,2020-S2,total,32.0,cantidad
13,Cantidad de NNA que egresan del Sistema de Protección Especial en el departamento según tiempos de permanencia en la intervención,Rocha,2021-S1,total,31.0,cantidad
13,Cantidad de NNA que egresan del Sistema de Protección Especial en el departamento según tiempos de permanencia en la intervención,Rocha,2021-S2,total,38.0,cantidad
13,Cantidad de NNA que egresan del Sistema de Protección Especial en el departamento según tiempos de permanencia en la intervención,Rocha,2022-S1,total,26.0,cantidad
13,Cantidad de NNA que egresan del Sistema de Protección Especial en el departamento según tiempos de permanencia en la intervención,Rocha,2022-S2,total,27.0,cantidad
13,Cantidad de NNA que egresan del Sistema de Protección Especial en el departamento según tiempos de permanencia en la intervención,Rocha,2023-S1,total,27.0,cantidad
13,Cantidad de NNA que egresan del Sistema de Protección Especial en el departamento según tiempos de permanencia en la intervención,Rocha,2023-S2,total,33.0,cantidad
13,Cantidad de NNA que egresan del Sistema de Protección Especial en el departamento según tiempos de permanencia en la intervención,Rocha,2024-S1,total,34.0,cantidad
13,Cantidad de NNA que egresan del Sistema de Protección Especial en el departamento según tiempos de permanencia en la intervención,Rocha,2024-S2,total,40.0,cantidad
13,Cantidad de NNA que egresan del Sistema de Protección Especial en el departamento según tiempos de permanencia en la intervención,Rocha,2025-S1,total,27.0,cantidad
13,Cantidad de NNA que egresan del Sistema de Protección Especial en el departamento según tiempos de permanencia en la intervención,Rocha,2025-S2,total,34.0,cantidad
14,Cantidad de NNA que dejan de vivir en residencias en el departamento para vivir con una familia,Rocha,2020-S1,total,15.0,cantidad
14,Cantidad de NNA que dejan de vivir en residencias en el departamento para vivir con una familia,Rocha,2020-S2,total,18.0,cantidad
14,Cantidad de NNA que dejan de vivir en residencias en el departamento para vivir con una familia,Rocha,2021-S1,total,33.0,cantidad
14,Cantidad de NNA que dejan de vivir en residencias en el departamento para vivir con una familia,Rocha,2021-S2,total,15.0,cantidad
14,Cantidad de NNA que dejan de vivir en residencias en el departamento para vivir con una familia,Rocha,2022-S1,total,27.0,cantidad
14,Cantidad de NNA que dejan de vivir en residencias en el departamento para vivir con una familia,Rocha,2022-S2,total,14.0,cantidad
14,Cantidad de NNA que dejan de vivir en residencias en el departamento para vivir con una familia,Rocha,2023-S1,total,15.0,cantidad
14,Cantidad de NNA que dejan de vivir en residencias en el departamento para vivir con una familia,Rocha,2023-S2,total,27.0,cantidad
14,Cantidad de NNA que dejan de vivir en residencias en el departamento para vivir con una familia,Rocha,2024-S1,total,21.0,cantidad
14,Cantidad de NNA que dejan de vivir en residencias en el departamento para vivir con una familia,Rocha,2024-S2,total,25.0,cantidad
14,Cantidad de NNA que dejan de vivir en residencias en el departamento para vivir con una familia,Rocha,2025-S1,total,32.0,cantidad
14,Cantidad de NNA que dejan de vivir en residencias en el departamento para vivir con una familia,Rocha,2025-S2,total,29.0,cantidad
15,Cantidad de NNA con condición de adoptabilidad en el departamento,Rocha,2020-S1,total,15.0,cantidad
15,Cantidad de NNA con condición de adoptabilidad en el departamento,Rocha,2020-S2,total,18.0,cantidad
15,Cantidad de NNA con condición de adoptabilidad en el departamento,Rocha,2021-S1,total,15.0,cantidad
15,Cantidad de NNA con condición de adoptabilidad en el departamento,Rocha,2021-S2,total,17.0,cantidad
15,Cantidad de NNA con condición de adoptabilidad en el departamento,Rocha,2022-S1,total,14.0,cantidad
15,Cantidad de NNA con condición de adoptabilidad en el departamento,Rocha,2022-S2,total,17.0,cantidad
15,Cantidad de NNA con condición de adoptabilidad en el departamento,Rocha,2023-S1,total,20.0,cantidad
15,Cantidad de NNA con condición de adoptabilidad en el departamento,Rocha,2023-S2,total,20.0,cantidad
15,Cantidad de NNA con condición de adoptabilidad en el departamento,Rocha,2024-S1,total,18.0,cantidad
15,Cantidad de NNA con condición de adoptabilidad en el departamento,Rocha,2024-S2,total,19.0,cantidad
15,Cantidad de NNA con condición de adoptabilidad en el departamento,Rocha,2025-S1,total,25.0,cantidad
15,Cantidad de NNA con condición de adoptabilidad en el departamento,Rocha,2025-S2,total,24.0,cantidad
16,"Porcentaje de NNA con condición de adoptabilidad en el departamento, respecto al total de NNA atendidos por el Sistema de Protección Especial en el departamento",Rocha,2020-S1,total,10.9,porcentaje
16,"Porcentaje de NNA con condición de adoptabilidad en el departamento, respecto al total de NNA atendidos por el Sistema de Protección Especial en el departamento",Rocha,2020-S2,total,12.5,porcentaje
16,"Porcentaje de NNA con condición de adoptabilidad en el departamento, respecto al total de NNA atendidos por el Sistema de Protección Especial en el departamento",Rocha,2021-S1,total,9.9,porcentaje
16,"Porcentaje de NNA con condición de adoptabilidad en el departamento, respecto al total de NNA atendidos por el Sistema de Protección Especial en el departamento",Rocha,2021-S2,total,11.3,porcentaje
16,"Porcentaje de NNA con condición de adoptabilidad en el departamento, respecto al total de NNA atendidos por el Sistema de Protección Especial en el departamento",Rocha,2022-S1,total,9.0,porcentaje
16,"Porcentaje de NNA con condición de adoptabilidad en el departamento, respecto al total de NNA atendidos por el Sistema de Protección Especial en el departamento",Rocha,2022-S2,total,9.9,porcentaje
16,"Porcentaje de NNA con condición de adoptabilidad en el departamento, respecto al total de NNA atendidos por el Sistema de Protección Especial en el departamento",Rocha,2023-S1,total,11.0,porcentaje
16,"Porcentaje de NNA con condición de adoptabilidad en el departamento, respecto al total de NNA atendidos por el Sistema de Protección Especial en el departamento",Rocha,2023-S2,total,9.3,porcentaje
16,"Porcentaje de NNA con condición de adoptabilidad en el departamento, respecto al total de NNA atendidos por el Sistema de Protección Especial en el departamento",Rocha,2024-S1,total,8.9,porcentaje
16,"Porcentaje de NNA con condición de adoptabilidad en el departamento, respecto al total de NNA atendidos por el Sistema de Protección Especial en el departamento",Rocha,2024-S2,total,9.2,porcentaje
16,"Porcentaje de NNA con condición de adoptabilidad en el departamento, respecto al total de NNA atendidos por el Sistema de Protección Especial en el departamento",Rocha,2025-S1,total,11.6,porcentaje
16,"Porcentaje de NNA con condición de adoptabilidad en el departamento, respecto al total de NNA atendidos por el Sistema de Protección Especial en el departamento",Rocha,2025-S2,total,10.3,porcentaje
17,Cantidad de NNA con condición de adoptabilidad en el departamento que pasa a seguimiento de tenencia,Rocha,2020-S1,total,0.0,cantidad
17,Cantidad de NNA con condición de adoptabilidad en el departamento que pasa a seguimiento de tenencia,Rocha,2020-S2,total,1.0,cantidad
17,Cantidad de NNA con condición de adoptabilidad en el departamento que pasa a seguimiento de tenencia,Rocha,2021-S1,total,0.0,cantidad
17,Cantidad de NNA con condición de adoptabilidad en el departamento que pasa a seguimiento de tenencia,Rocha,2021-S2,total,2.0,cantidad
17,Cantidad de NNA con condición de adoptabilidad en el departamento que pasa a seguimiento de tenencia,Rocha,2022-S1,total,1.0,cantidad
17,Cantidad de NNA con condición de adoptabilidad en el departamento que pasa a seguimiento de tenencia,Rocha,2022-S2,total,0.0,cantidad
17,Cantidad de NNA con condición de adoptabilidad en el departamento que pasa a seguimiento de tenencia,Rocha,2023-S1,total,1.0,cantidad
17,Cantidad de NNA con condición de adoptabilidad en el departamento que pasa a seguimiento de tenencia,Rocha,2023-S2,total,2.0,cantidad
17,Cantidad de NNA con condición de adoptabilidad en el departamento que pasa a seguimiento de tenencia,Rocha,2024-S1,total,0.0,cantidad
17,Cantidad de NNA con condición de adoptabilidad en el departamento que pasa a seguimiento de tenencia,Rocha,2024-S2,total,0.0,cantidad
17,Cantidad de NNA con condición de adoptabilidad en el departamento que pasa a seguimiento de tenencia,Rocha,2025-S1,total,2.0,cantidad
17,Cantidad de NNA con condición de adoptabilidad en el departamento que pasa a seguimiento de tenencia,Rocha,2025-S2,total,0.0,cantidad
19,Cantidad de NNA atendidos por el Sistema de Protección Especial en el departamento que tiene Proyecto de Atención Integral (PAI),Rocha,2020-S1,total,0.0,cantidad
19,Cantidad de NNA atendidos por el Sistema de Protección Especial en el departamento que tiene Proyecto de Atención Integral (PAI),Rocha,2020-S2,total,0.0,cantidad
19,Cantidad de NNA atendidos por el Sistema de Protección Especial en el departamento que tiene Proyecto de Atención Integral (PAI),Rocha,2021-S1,total,0.0,cantidad
19,Cantidad de NNA atendidos por el Sistema de Protección Especial en el departamento que tiene Proyecto de Atención Integral (PAI),Rocha,2021-S2,total,1.0,cantidad
19,Cantidad de NNA atendidos por el Sistema de Protección Especial en el departamento que tiene Proyecto de Atención Integral (PAI),Rocha,2022-S1,total,0.0,cantidad
19,Cantidad de NNA atendidos por el Sistema de Protección Especial en el departamento que tiene Proyecto de Atención Integral (PAI),Rocha,2022-S2,total,0.0,cantidad
19,Cantidad de NNA atendidos por el Sistema de Protección Especial en el departamento que tiene Proyecto de Atención Integral (PAI),Rocha,2023-S1,total,3.0,cantidad
19,Cantidad de NNA atendidos por el Sistema de Protección Especial en el departamento que tiene Proyecto de Atención Integral (PAI),Rocha,2023-S2,total,23.0,cantidad
19,Cantidad de NNA atendidos por el Sistema de Protección Especial en el departamento que tiene Proyecto de Atención Integral (PAI),Rocha,2024-S1,total,45.0,cantidad
19,Cantidad de NNA atendidos por el Sistema de Protección Especial en el departamento que tiene Proyecto de Atención Integral (PAI),Rocha,2024-S2,total,28.0,cantidad
19,Cantidad de NNA atendidos por el Sistema de Protección Especial en el departamento que tiene Proyecto de Atención Integral (PAI),Rocha,2025-S1,total,21.0,cantidad
19,Cantidad de NNA atendidos por el Sistema de Protección Especial en el departamento que tiene Proyecto de Atención Integral (PAI),Rocha,2025-S2,total,4.0,cantidad
20,"Cantidad de NN de 0 a 5 años atendidos por el Sistema de Protección Especial en el departamento, inscriptos en centros de educación y cuidado",Rocha,2021-S1,total,16.0,cantidad
20,"Cantidad de NN de 0 a 5 años atendidos por el Sistema de Protección Especial en el departamento, inscriptos en centros de educación y cuidado",Rocha,2021-S2,total,16.0,cantidad
20,"Cantidad de NN de 0 a 5 años atendidos por el Sistema de Protección Especial en el departamento, inscriptos en centros de educación y cuidado",Rocha,2022-S1,total,21.0,cantidad
20,"Cantidad de NN de 0 a 5 años atendidos por el Sistema de Protección Especial en el departamento, inscriptos en centros de educación y cuidado",Rocha,2022-S2,total,23.0,cantidad
20,"Cantidad de NN de 0 a 5 años atendidos por el Sistema de Protección Especial en el departamento, inscriptos en centros de educación y cuidado",Rocha,2023-S1,total,23.0,cantidad
20,"Cantidad de NN de 0 a 5 años atendidos por el Sistema de Protección Especial en el departamento, inscriptos en centros de educación y cuidado",Rocha,2023-S2,total,21.0,cantidad
20,"Cantidad de NN de 0 a 5 años atendidos por el Sistema de Protección Especial en el departamento, inscriptos en centros de educación y cuidado",Rocha,2024-S1,total,15.0,cantidad
20,"Cantidad de NN de 0 a 5 años atendidos por el Sistema de Protección Especial en el departamento, inscriptos en centros de educación y cuidado",Rocha,2024-S2,total,21.0,cantidad
20,"Cantidad de NN de 0 a 5 años atendidos por el Sistema de Protección Especial en el departamento, inscriptos en centros de educación y cuidado",Rocha,2025-S1,total,18.0,cantidad
20,"Cantidad de NN de 0 a 5 años atendidos por el Sistema de Protección Especial en el departamento, inscriptos en centros de educación y cuidado",Rocha,2025-S2,total,19.0,cantidad
21,"Cantidad de NNA de 6 a 17 años atendidos por el Sistema de Protección Especial en el departamento, inscriptos en centros de educación formal",Rocha,2021-S1,total,100.0,cantidad
21,"Cantidad de NNA de 6 a 17 años atendidos por el Sistema de Protección Especial en el departamento, inscriptos en centros de educación formal",Rocha,2021-S2,total,101.0,cantidad
21,"Cantidad de NNA de 6 a 17 años atendidos por el Sistema de Protección Especial en el departamento, inscriptos en centros de educación formal",Rocha,2022-S1,total,103.0,cantidad
21,"Cantidad de NNA de 6 a 17 años atendidos por el Sistema de Protección Especial en el departamento, inscriptos en centros de educación formal",Rocha,2022-S2,total,116.0,cantidad
21,"Cantidad de NNA de 6 a 17 años atendidos por el Sistema de Protección Especial en el departamento, inscriptos en centros de educación formal",Rocha,2023-S1,total,127.0,cantidad
21,"Cantidad de NNA de 6 a 17 años atendidos por el Sistema de Protección Especial en el departamento, inscriptos en centros de educación formal",Rocha,2023-S2,total,150.0,cantidad
21,"Cantidad de NNA de 6 a 17 años atendidos por el Sistema de Protección Especial en el departamento, inscriptos en centros de educación formal",Rocha,2024-S1,total,150.0,cantidad
21,"Cantidad de NNA de 6 a 17 años atendidos por el Sistema de Protección Especial en el departamento, inscriptos en centros de educación formal",Rocha,2024-S2,total,146.0,cantidad
21,"Cantidad de NNA de 6 a 17 años atendidos por el Sistema de Protección Especial en el departamento, inscriptos en centros de educación formal",Rocha,2025-S1,total,159.0,cantidad
21,"Cantidad de NNA de 6 a 17 años atendidos por el Sistema de Protección Especial en el departamento, inscriptos en centros de educación formal",Rocha,2025-S2,total,166.0,cantidad
23,Cantidad de NNA atendidos por el Sistema de Protección Especial en el departamento con controles médicos al día,Rocha,2020-S1,total,109.0,cantidad
23,Cantidad de NNA atendidos por el Sistema de Protección Especial en el departamento con controles médicos al día,Rocha,2020-S2,total,95.0,cantidad
23,Cantidad de NNA atendidos por el Sistema de Protección Especial en el departamento con controles médicos al día,Rocha,2021-S1,total,111.0,cantidad
23,Cantidad de NNA atendidos por el Sistema de Protección Especial en el departamento con controles médicos al día,Rocha,2021-S2,total,108.0,cantidad
23,Cantidad de NNA atendidos por el Sistema de Protección Especial en el departamento con controles médicos al día,Rocha,2022-S1,total,119.0,cantidad
23,Cantidad de NNA atendidos por el Sistema de Protección Especial en el departamento con controles médicos al día,Rocha,2022-S2,total,130.0,cantidad
23,Cantidad de NNA atendidos por el Sistema de Protección Especial en el departamento con controles médicos al día,Rocha,2023-S1,total,130.0,cantidad
23,Cantidad de NNA atendidos por el Sistema de Protección Especial en el departamento con controles médicos al día,Rocha,2023-S2,total,156.0,cantidad
23,Cantidad de NNA atendidos por el Sistema de Protección Especial en el departamento con controles médicos al día,Rocha,2024-S1,total,151.0,cantidad
23,Cantidad de NNA atendidos por el Sistema de Protección Especial en el departamento con controles médicos al día,Rocha,2024-S2,total,146.0,cantidad
23,Cantidad de NNA atendidos por el Sistema de Protección Especial en el departamento con controles médicos al día,Rocha,2025-S1,total,153.0,cantidad
23,Cantidad de NNA atendidos por el Sistema de Protección Especial en el departamento con controles médicos al día,Rocha,2025-S2,total,167.0,cantidad
24,Cantidad de NNA atendidos por el Sistema de Protección Especial en el departamento con vacunas al día,Rocha,2020-S1,total,119.0,cantidad
24,Cantidad de NNA atendidos por el Sistema de Protección Especial en el departamento con vacunas al día,Rocha,2020-S2,total,115.0,cantidad
24,Cantidad de NNA atendidos por el Sistema de Protección Especial en el departamento con vacunas al día,Rocha,2021-S1,total,121.0,cantidad
24,Cantidad de NNA atendidos por el Sistema de Protección Especial en el departamento con vacunas al día,Rocha,2021-S2,total,121.0,cantidad
24,Cantidad de NNA atendidos por el Sistema de Protección Especial en el departamento con vacunas al día,Rocha,2022-S1,total,124.0,cantidad
24,Cantidad de NNA atendidos por el Sistema de Protección Especial en el departamento con vacunas al día,Rocha,2022-S2,total,139.0,cantidad
24,Cantidad de NNA atendidos por el Sistema de Protección Especial en el departamento con vacunas al día,Rocha,2023-S1,total,139.0,cantidad
24,Cantidad de NNA atendidos por el Sistema de Protección Especial en el departamento con vacunas al día,Rocha,2023-S2,total,157.0,cantidad
24,Cantidad de NNA atendidos por el Sistema de Protección Especial en el departamento con vacunas al día,Rocha,2024-S1,total,162.0,cantidad
24,Cantidad de NNA atendidos por el Sistema de Protección Especial en el departamento con vacunas al día,Rocha,2024-S2,total,154.0,cantidad
24,Cantidad de NNA atendidos por el Sistema de Protección Especial en el departamento con vacunas al día,Rocha,2025-S1,total,167.0,cantidad
24,Cantidad de NNA atendidos por el Sistema de Protección Especial en el departamento con vacunas al día,Rocha,2025-S2,total,179.0,cantidad
1,Cantidad de NNA atendidos en algún proyecto del Sistema de Protección Especial del departamento,Salto,2020-S1,total,432.0,cantidad
1,Cantidad de NNA atendidos en algún proyecto del Sistema de Protección Especial del departamento,Salto,2020-S2,total,439.0,cantidad
1,Cantidad de NNA atendidos en algún proyecto del Sistema de Protección Especial del departamento,Salto,2021-S1,total,460.0,cantidad
1,Cantidad de NNA atendidos en algún proyecto del Sistema de Protección Especial del departamento,Salto,2021-S2,total,499.0,cantidad
1,Cantidad de NNA atendidos en algún proyecto del Sistema de Protección Especial del departamento,Salto,2022-S1,total,463.0,cantidad
1,Cantidad de NNA atendidos en algún proyecto del Sistema de Protección Especial del departamento,Salto,2022-S2,total,431.0,cantidad
1,Cantidad de NNA atendidos en algún proyecto del Sistema de Protección Especial del departamento,Salto,2023-S1,total,433.0,cantidad
1,Cantidad de NNA atendidos en algún proyecto del Sistema de Protección Especial del departamento,Salto,2023-S2,total,471.0,cantidad
1,Cantidad de NNA atendidos en algún proyecto del Sistema de Protección Especial del departamento,Salto,2024-S1,total,463.0,cantidad
1,Cantidad de NNA atendidos en algún proyecto del Sistema de Protección Especial del departamento,Salto,2024-S2,total,485.0,cantidad
1,Cantidad de NNA atendidos en algún proyecto del Sistema de Protección Especial del departamento,Salto,2025-S1,total,472.0,cantidad
1,Cantidad de NNA atendidos en algún proyecto del Sistema de Protección Especial del departamento,Salto,2025-S2,total,466.0,cantidad
2,Porcentaje de NNA atendidos en algún proyecto del Sistema de Protección Especial del departamento respecto a la población total INAU del departamento,Salto,2020-S1,total,9.2,porcentaje
2,Porcentaje de NNA atendidos en algún proyecto del Sistema de Protección Especial del departamento respecto a la población total INAU del departamento,Salto,2020-S2,total,9.2,porcentaje
2,Porcentaje de NNA atendidos en algún proyecto del Sistema de Protección Especial del departamento respecto a la población total INAU del departamento,Salto,2021-S1,total,9.6,porcentaje
2,Porcentaje de NNA atendidos en algún proyecto del Sistema de Protección Especial del departamento respecto a la población total INAU del departamento,Salto,2021-S2,total,10.1,porcentaje
2,Porcentaje de NNA atendidos en algún proyecto del Sistema de Protección Especial del departamento respecto a la población total INAU del departamento,Salto,2022-S1,total,9.3,porcentaje
2,Porcentaje de NNA atendidos en algún proyecto del Sistema de Protección Especial del departamento respecto a la población total INAU del departamento,Salto,2022-S2,total,8.5,porcentaje
2,Porcentaje de NNA atendidos en algún proyecto del Sistema de Protección Especial del departamento respecto a la población total INAU del departamento,Salto,2023-S1,total,8.5,porcentaje
2,Porcentaje de NNA atendidos en algún proyecto del Sistema de Protección Especial del departamento respecto a la población total INAU del departamento,Salto,2023-S2,total,8.7,porcentaje
2,Porcentaje de NNA atendidos en algún proyecto del Sistema de Protección Especial del departamento respecto a la población total INAU del departamento,Salto,2024-S1,total,8.8,porcentaje
2,Porcentaje de NNA atendidos en algún proyecto del Sistema de Protección Especial del departamento respecto a la población total INAU del departamento,Salto,2024-S2,total,8.8,porcentaje
2,Porcentaje de NNA atendidos en algún proyecto del Sistema de Protección Especial del departamento respecto a la población total INAU del departamento,Salto,2025-S1,total,9.0,porcentaje
2,Porcentaje de NNA atendidos en algún proyecto del Sistema de Protección Especial del departamento respecto a la población total INAU del departamento,Salto,2025-S2,total,8.6,porcentaje
5,Cantidad de NNA en el Sistema de Protección Especial del departamento que viven en residencia,Salto,2020-S1,total,265.0,cantidad
5,Cantidad de NNA en el Sistema de Protección Especial del departamento que viven en residencia,Salto,2020-S2,total,262.0,cantidad
5,Cantidad de NNA en el Sistema de Protección Especial del departamento que viven en residencia,Salto,2021-S1,total,255.0,cantidad
5,Cantidad de NNA en el Sistema de Protección Especial del departamento que viven en residencia,Salto,2021-S2,total,274.0,cantidad
5,Cantidad de NNA en el Sistema de Protección Especial del departamento que viven en residencia,Salto,2022-S1,total,241.0,cantidad
5,Cantidad de NNA en el Sistema de Protección Especial del departamento que viven en residencia,Salto,2022-S2,total,236.0,cantidad
5,Cantidad de NNA en el Sistema de Protección Especial del departamento que viven en residencia,Salto,2023-S1,total,207.0,cantidad
5,Cantidad de NNA en el Sistema de Protección Especial del departamento que viven en residencia,Salto,2023-S2,total,217.0,cantidad
5,Cantidad de NNA en el Sistema de Protección Especial del departamento que viven en residencia,Salto,2024-S1,total,215.0,cantidad
5,Cantidad de NNA en el Sistema de Protección Especial del departamento que viven en residencia,Salto,2024-S2,total,235.0,cantidad
5,Cantidad de NNA en el Sistema de Protección Especial del departamento que viven en residencia,Salto,2025-S1,total,216.0,cantidad
5,Cantidad de NNA en el Sistema de Protección Especial del departamento que viven en residencia,Salto,2025-S2,total,185.0,cantidad
6,Cantidad de NNA en el Sistema de Protección Especial del departamento que viven en contexto familiar,Salto,2020-S1,total,167.0,cantidad
6,Cantidad de NNA en el Sistema de Protección Especial del departamento que viven en contexto familiar,Salto,2020-S2,total,177.0,cantidad
6,Cantidad de NNA en el Sistema de Protección Especial del departamento que viven en contexto familiar,Salto,2021-S1,total,205.0,cantidad
6,Cantidad de NNA en el Sistema de Protección Especial del departamento que viven en contexto familiar,Salto,2021-S2,total,225.0,cantidad
6,Cantidad de NNA en el Sistema de Protección Especial del departamento que viven en contexto familiar,Salto,2022-S1,total,222.0,cantidad
6,Cantidad de NNA en el Sistema de Protección Especial del departamento que viven en contexto familiar,Salto,2022-S2,total,195.0,cantidad
6,Cantidad de NNA en el Sistema de Protección Especial del departamento que viven en contexto familiar,Salto,2023-S1,total,226.0,cantidad
6,Cantidad de NNA en el Sistema de Protección Especial del departamento que viven en contexto familiar,Salto,2023-S2,total,254.0,cantidad
6,Cantidad de NNA en el Sistema de Protección Especial del departamento que viven en contexto familiar,Salto,2024-S1,total,248.0,cantidad
6,Cantidad de NNA en el Sistema de Protección Especial del departamento que viven en contexto familiar,Salto,2024-S2,total,250.0,cantidad
6,Cantidad de NNA en el Sistema de Protección Especial del departamento que viven en contexto familiar,Salto,2025-S1,total,256.0,cantidad
6,Cantidad de NNA en el Sistema de Protección Especial del departamento que viven en contexto familiar,Salto,2025-S2,total,281.0,cantidad
7,Cantidad de NNA en el departamento que ingresan por primera vez al Sistema de Protección Especial,Salto,2020-S1,total,50.0,cantidad
7,Cantidad de NNA en el departamento que ingresan por primera vez al Sistema de Protección Especial,Salto,2020-S2,total,62.0,cantidad
7,Cantidad de NNA en el departamento que ingresan por primera vez al Sistema de Protección Especial,Salto,2021-S1,total,84.0,cantidad
7,Cantidad de NNA en el departamento que ingresan por primera vez al Sistema de Protección Especial,Salto,2021-S2,total,87.0,cantidad
7,Cantidad de NNA en el departamento que ingresan por primera vez al Sistema de Protección Especial,Salto,2022-S1,total,47.0,cantidad
7,Cantidad de NNA en el departamento que ingresan por primera vez al Sistema de Protección Especial,Salto,2022-S2,total,42.0,cantidad
7,Cantidad de NNA en el departamento que ingresan por primera vez al Sistema de Protección Especial,Salto,2023-S1,total,52.0,cantidad
7,Cantidad de NNA en el departamento que ingresan por primera vez al Sistema de Protección Especial,Salto,2023-S2,total,84.0,cantidad
7,Cantidad de NNA en el departamento que ingresan por primera vez al Sistema de Protección Especial,Salto,2024-S1,total,45.0,cantidad
7,Cantidad de NNA en el departamento que ingresan por primera vez al Sistema de Protección Especial,Salto,2024-S2,total,55.0,cantidad
7,Cantidad de NNA en el departamento que ingresan por primera vez al Sistema de Protección Especial,Salto,2025-S1,total,47.0,cantidad
7,Cantidad de NNA en el departamento que ingresan por primera vez al Sistema de Protección Especial,Salto,2025-S2,total,52.0,cantidad
8,"Porcentaje de NNA que ingresan por primera vez al Sistema de Protección Especial en algún proyecto del departamento, respecto al total de atendidos por el Sistema en el departamento",Salto,2020-S1,total,14.1,porcentaje
8,"Porcentaje de NNA que ingresan por primera vez al Sistema de Protección Especial en algún proyecto del departamento, respecto al total de atendidos por el Sistema en el departamento",Salto,2020-S2,total,16.5,porcentaje
8,"Porcentaje de NNA que ingresan por primera vez al Sistema de Protección Especial en algún proyecto del departamento, respecto al total de atendidos por el Sistema en el departamento",Salto,2021-S1,total,21.1,porcentaje
8,"Porcentaje de NNA que ingresan por primera vez al Sistema de Protección Especial en algún proyecto del departamento, respecto al total de atendidos por el Sistema en el departamento",Salto,2021-S2,total,20.3,porcentaje
8,"Porcentaje de NNA que ingresan por primera vez al Sistema de Protección Especial en algún proyecto del departamento, respecto al total de atendidos por el Sistema en el departamento",Salto,2022-S1,total,10.8,porcentaje
8,"Porcentaje de NNA que ingresan por primera vez al Sistema de Protección Especial en algún proyecto del departamento, respecto al total de atendidos por el Sistema en el departamento",Salto,2022-S2,total,10.5,porcentaje
8,"Porcentaje de NNA que ingresan por primera vez al Sistema de Protección Especial en algún proyecto del departamento, respecto al total de atendidos por el Sistema en el departamento",Salto,2023-S1,total,13.8,porcentaje
8,"Porcentaje de NNA que ingresan por primera vez al Sistema de Protección Especial en algún proyecto del departamento, respecto al total de atendidos por el Sistema en el departamento",Salto,2023-S2,total,20.0,porcentaje
8,"Porcentaje de NNA que ingresan por primera vez al Sistema de Protección Especial en algún proyecto del departamento, respecto al total de atendidos por el Sistema en el departamento",Salto,2024-S1,total,11.1,porcentaje
8,"Porcentaje de NNA que ingresan por primera vez al Sistema de Protección Especial en algún proyecto del departamento, respecto al total de atendidos por el Sistema en el departamento",Salto,2024-S2,total,13.0,porcentaje
8,"Porcentaje de NNA que ingresan por primera vez al Sistema de Protección Especial en algún proyecto del departamento, respecto al total de atendidos por el Sistema en el departamento",Salto,2025-S1,total,11.1,porcentaje
8,"Porcentaje de NNA que ingresan por primera vez al Sistema de Protección Especial en algún proyecto del departamento, respecto al total de atendidos por el Sistema en el departamento",Salto,2025-S2,total,12.2,porcentaje
9,Cantidad de NNA que ingresan con trayectoria anterior al Sistema de Protección Especial en el departamento,Salto,2020-S1,total,12.0,cantidad
9,Cantidad de NNA que ingresan con trayectoria anterior al Sistema de Protección Especial en el departamento,Salto,2020-S2,total,14.0,cantidad
9,Cantidad de NNA que ingresan con trayectoria anterior al Sistema de Protección Especial en el departamento,Salto,2021-S1,total,10.0,cantidad
9,Cantidad de NNA que ingresan con trayectoria anterior al Sistema de Protección Especial en el departamento,Salto,2021-S2,total,14.0,cantidad
9,Cantidad de NNA que ingresan con trayectoria anterior al Sistema de Protección Especial en el departamento,Salto,2022-S1,total,20.0,cantidad
9,Cantidad de NNA que ingresan con trayectoria anterior al Sistema de Protección Especial en el departamento,Salto,2022-S2,total,18.0,cantidad
9,Cantidad de NNA que ingresan con trayectoria anterior al Sistema de Protección Especial en el departamento,Salto,2023-S1,total,16.0,cantidad
9,Cantidad de NNA que ingresan con trayectoria anterior al Sistema de Protección Especial en el departamento,Salto,2023-S2,total,24.0,cantidad
9,Cantidad de NNA que ingresan con trayectoria anterior al Sistema de Protección Especial en el departamento,Salto,2024-S1,total,14.0,cantidad
9,Cantidad de NNA que ingresan con trayectoria anterior al Sistema de Protección Especial en el departamento,Salto,2024-S2,total,17.0,cantidad
9,Cantidad de NNA que ingresan con trayectoria anterior al Sistema de Protección Especial en el departamento,Salto,2025-S1,total,5.0,cantidad
9,Cantidad de NNA que ingresan con trayectoria anterior al Sistema de Protección Especial en el departamento,Salto,2025-S2,total,12.0,cantidad
10,Porcentaje de NNA que ingresan con trayectoria anterior al Sistema de Protección Especial en algún proyecto del departamento respecto al total de atendidos por el Sistema en el departamento,Salto,2020-S1,total,3.4,porcentaje
10,Porcentaje de NNA que ingresan con trayectoria anterior al Sistema de Protección Especial en algún proyecto del departamento respecto al total de atendidos por el Sistema en el departamento,Salto,2020-S2,total,3.7,porcentaje
10,Porcentaje de NNA que ingresan con trayectoria anterior al Sistema de Protección Especial en algún proyecto del departamento respecto al total de atendidos por el Sistema en el departamento,Salto,2021-S1,total,2.5,porcentaje
10,Porcentaje de NNA que ingresan con trayectoria anterior al Sistema de Protección Especial en algún proyecto del departamento respecto al total de atendidos por el Sistema en el departamento,Salto,2021-S2,total,3.3,porcentaje
10,Porcentaje de NNA que ingresan con trayectoria anterior al Sistema de Protección Especial en algún proyecto del departamento respecto al total de atendidos por el Sistema en el departamento,Salto,2022-S1,total,4.6,porcentaje
10,Porcentaje de NNA que ingresan con trayectoria anterior al Sistema de Protección Especial en algún proyecto del departamento respecto al total de atendidos por el Sistema en el departamento,Salto,2022-S2,total,4.5,porcentaje
10,Porcentaje de NNA que ingresan con trayectoria anterior al Sistema de Protección Especial en algún proyecto del departamento respecto al total de atendidos por el Sistema en el departamento,Salto,2023-S1,total,4.2,porcentaje
10,Porcentaje de NNA que ingresan con trayectoria anterior al Sistema de Protección Especial en algún proyecto del departamento respecto al total de atendidos por el Sistema en el departamento,Salto,2023-S2,total,5.7,porcentaje
10,Porcentaje de NNA que ingresan con trayectoria anterior al Sistema de Protección Especial en algún proyecto del departamento respecto al total de atendidos por el Sistema en el departamento,Salto,2024-S1,total,3.5,porcentaje
10,Porcentaje de NNA que ingresan con trayectoria anterior al Sistema de Protección Especial en algún proyecto del departamento respecto al total de atendidos por el Sistema en el departamento,Salto,2024-S2,total,4.0,porcentaje
10,Porcentaje de NNA que ingresan con trayectoria anterior al Sistema de Protección Especial en algún proyecto del departamento respecto al total de atendidos por el Sistema en el departamento,Salto,2025-S1,total,1.2,porcentaje
10,Porcentaje de NNA que ingresan con trayectoria anterior al Sistema de Protección Especial en algún proyecto del departamento respecto al total de atendidos por el Sistema en el departamento,Salto,2025-S2,total,2.8,porcentaje
11,Cantidad de NNA que egresan del Sistema de Protección Especial en el departamento,Salto,2020-S1,total,50.0,cantidad
11,Cantidad de NNA que egresan del Sistema de Protección Especial en el departamento,Salto,2020-S2,total,66.0,cantidad
11,Cantidad de NNA que egresan del Sistema de Protección Especial en el departamento,Salto,2021-S1,total,64.0,cantidad
11,Cantidad de NNA que egresan del Sistema de Protección Especial en el departamento,Salto,2021-S2,total,66.0,cantidad
11,Cantidad de NNA que egresan del Sistema de Protección Especial en el departamento,Salto,2022-S1,total,110.0,cantidad
11,Cantidad de NNA que egresan del Sistema de Protección Especial en el departamento,Salto,2022-S2,total,101.0,cantidad
11,Cantidad de NNA que egresan del Sistema de Protección Especial en el departamento,Salto,2023-S1,total,64.0,cantidad
11,Cantidad de NNA que egresan del Sistema de Protección Especial en el departamento,Salto,2023-S2,total,78.0,cantidad
11,Cantidad de NNA que egresan del Sistema de Protección Especial en el departamento,Salto,2024-S1,total,78.0,cantidad
11,Cantidad de NNA que egresan del Sistema de Protección Especial en el departamento,Salto,2024-S2,total,59.0,cantidad
11,Cantidad de NNA que egresan del Sistema de Protección Especial en el departamento,Salto,2025-S1,total,69.0,cantidad
11,Cantidad de NNA que egresan del Sistema de Protección Especial en el departamento,Salto,2025-S2,total,78.0,cantidad
12,Cantidad de NNA que egresan del Sistema de Protección Especial en el departamento según tiempos de permanencia en el Sistema,Salto,2020-S1,total,50.0,cantidad
12,Cantidad de NNA que egresan del Sistema de Protección Especial en el departamento según tiempos de permanencia en el Sistema,Salto,2020-S2,total,66.0,cantidad
12,Cantidad de NNA que egresan del Sistema de Protección Especial en el departamento según tiempos de permanencia en el Sistema,Salto,2021-S1,total,64.0,cantidad
12,Cantidad de NNA que egresan del Sistema de Protección Especial en el departamento según tiempos de permanencia en el Sistema,Salto,2021-S2,total,66.0,cantidad
12,Cantidad de NNA que egresan del Sistema de Protección Especial en el departamento según tiempos de permanencia en el Sistema,Salto,2022-S1,total,110.0,cantidad
12,Cantidad de NNA que egresan del Sistema de Protección Especial en el departamento según tiempos de permanencia en el Sistema,Salto,2022-S2,total,101.0,cantidad
12,Cantidad de NNA que egresan del Sistema de Protección Especial en el departamento según tiempos de permanencia en el Sistema,Salto,2023-S1,total,64.0,cantidad
12,Cantidad de NNA que egresan del Sistema de Protección Especial en el departamento según tiempos de permanencia en el Sistema,Salto,2023-S2,total,78.0,cantidad
12,Cantidad de NNA que egresan del Sistema de Protección Especial en el departamento según tiempos de permanencia en el Sistema,Salto,2024-S1,total,78.0,cantidad
12,Cantidad de NNA que egresan del Sistema de Protección Especial en el departamento según tiempos de permanencia en el Sistema,Salto,2024-S2,total,59.0,cantidad
12,Cantidad de NNA que egresan del Sistema de Protección Especial en el departamento según tiempos de permanencia en el Sistema,Salto,2025-S1,total,69.0,cantidad
12,Cantidad de NNA que egresan del Sistema de Protección Especial en el departamento según tiempos de permanencia en el Sistema,Salto,2025-S2,total,78.0,cantidad
13,Cantidad de NNA que egresan del Sistema de Protección Especial en el departamento según tiempos de permanencia en la intervención,Salto,2020-S1,total,50.0,cantidad
13,Cantidad de NNA que egresan del Sistema de Protección Especial en el departamento según tiempos de permanencia en la intervención,Salto,2020-S2,total,66.0,cantidad
13,Cantidad de NNA que egresan del Sistema de Protección Especial en el departamento según tiempos de permanencia en la intervención,Salto,2021-S1,total,64.0,cantidad
13,Cantidad de NNA que egresan del Sistema de Protección Especial en el departamento según tiempos de permanencia en la intervención,Salto,2021-S2,total,66.0,cantidad
13,Cantidad de NNA que egresan del Sistema de Protección Especial en el departamento según tiempos de permanencia en la intervención,Salto,2022-S1,total,110.0,cantidad
13,Cantidad de NNA que egresan del Sistema de Protección Especial en el departamento según tiempos de permanencia en la intervención,Salto,2022-S2,total,101.0,cantidad
13,Cantidad de NNA que egresan del Sistema de Protección Especial en el departamento según tiempos de permanencia en la intervención,Salto,2023-S1,total,64.0,cantidad
13,Cantidad de NNA que egresan del Sistema de Protección Especial en el departamento según tiempos de permanencia en la intervención,Salto,2023-S2,total,78.0,cantidad
13,Cantidad de NNA que egresan del Sistema de Protección Especial en el departamento según tiempos de permanencia en la intervención,Salto,2024-S1,total,78.0,cantidad
13,Cantidad de NNA que egresan del Sistema de Protección Especial en el departamento según tiempos de permanencia en la intervención,Salto,2024-S2,total,59.0,cantidad
13,Cantidad de NNA que egresan del Sistema de Protección Especial en el departamento según tiempos de permanencia en la intervención,Salto,2025-S1,total,69.0,cantidad
13,Cantidad de NNA que egresan del Sistema de Protección Especial en el departamento según tiempos de permanencia en la intervención,Salto,2025-S2,total,78.0,cantidad
14,Cantidad de NNA que dejan de vivir en residencias en el departamento para vivir con una familia,Salto,2020-S1,total,32.0,cantidad
14,Cantidad de NNA que dejan de vivir en residencias en el departamento para vivir con una familia,Salto,2020-S2,total,87.0,cantidad
14,Cantidad de NNA que dejan de vivir en residencias en el departamento para vivir con una familia,Salto,2021-S1,total,29.0,cantidad
14,Cantidad de NNA que dejan de vivir en residencias en el departamento para vivir con una familia,Salto,2021-S2,total,38.0,cantidad
14,Cantidad de NNA que dejan de vivir en residencias en el departamento para vivir con una familia,Salto,2022-S1,total,81.0,cantidad
14,Cantidad de NNA que dejan de vivir en residencias en el departamento para vivir con una familia,Salto,2022-S2,total,36.0,cantidad
14,Cantidad de NNA que dejan de vivir en residencias en el departamento para vivir con una familia,Salto,2023-S1,total,52.0,cantidad
14,Cantidad de NNA que dejan de vivir en residencias en el departamento para vivir con una familia,Salto,2023-S2,total,53.0,cantidad
14,Cantidad de NNA que dejan de vivir en residencias en el departamento para vivir con una familia,Salto,2024-S1,total,45.0,cantidad
14,Cantidad de NNA que dejan de vivir en residencias en el departamento para vivir con una familia,Salto,2024-S2,total,23.0,cantidad
14,Cantidad de NNA que dejan de vivir en residencias en el departamento para vivir con una familia,Salto,2025-S1,total,24.0,cantidad
14,Cantidad de NNA que dejan de vivir en residencias en el departamento para vivir con una familia,Salto,2025-S2,total,65.0,cantidad
15,Cantidad de NNA con condición de adoptabilidad en el departamento,Salto,2020-S1,total,33.0,cantidad
15,Cantidad de NNA con condición de adoptabilidad en el departamento,Salto,2020-S2,total,41.0,cantidad
15,Cantidad de NNA con condición de adoptabilidad en el departamento,Salto,2021-S1,total,40.0,cantidad
15,Cantidad de NNA con condición de adoptabilidad en el departamento,Salto,2021-S2,total,47.0,cantidad
15,Cantidad de NNA con condición de adoptabilidad en el departamento,Salto,2022-S1,total,57.0,cantidad
15,Cantidad de NNA con condición de adoptabilidad en el departamento,Salto,2022-S2,total,49.0,cantidad
15,Cantidad de NNA con condición de adoptabilidad en el departamento,Salto,2023-S1,total,52.0,cantidad
15,Cantidad de NNA con condición de adoptabilidad en el departamento,Salto,2023-S2,total,47.0,cantidad
15,Cantidad de NNA con condición de adoptabilidad en el departamento,Salto,2024-S1,total,39.0,cantidad
15,Cantidad de NNA con condición de adoptabilidad en el departamento,Salto,2024-S2,total,47.0,cantidad
15,Cantidad de NNA con condición de adoptabilidad en el departamento,Salto,2025-S1,total,45.0,cantidad
15,Cantidad de NNA con condición de adoptabilidad en el departamento,Salto,2025-S2,total,43.0,cantidad
16,"Porcentaje de NNA con condición de adoptabilidad en el departamento, respecto al total de NNA atendidos por el Sistema de Protección Especial en el departamento",Salto,2020-S1,total,9.3,porcentaje
16,"Porcentaje de NNA con condición de adoptabilidad en el departamento, respecto al total de NNA atendidos por el Sistema de Protección Especial en el departamento",Salto,2020-S2,total,10.9,porcentaje
16,"Porcentaje de NNA con condición de adoptabilidad en el departamento, respecto al total de NNA atendidos por el Sistema de Protección Especial en el departamento",Salto,2021-S1,total,10.1,porcentaje
16,"Porcentaje de NNA con condición de adoptabilidad en el departamento, respecto al total de NNA atendidos por el Sistema de Protección Especial en el departamento",Salto,2021-S2,total,11.0,porcentaje
16,"Porcentaje de NNA con condición de adoptabilidad en el departamento, respecto al total de NNA atendidos por el Sistema de Protección Especial en el departamento",Salto,2022-S1,total,13.1,porcentaje
16,"Porcentaje de NNA con condición de adoptabilidad en el departamento, respecto al total de NNA atendidos por el Sistema de Protección Especial en el departamento",Salto,2022-S2,total,12.3,porcentaje
16,"Porcentaje de NNA con condición de adoptabilidad en el departamento, respecto al total de NNA atendidos por el Sistema de Protección Especial en el departamento",Salto,2023-S1,total,13.8,porcentaje
16,"Porcentaje de NNA con condición de adoptabilidad en el departamento, respecto al total de NNA atendidos por el Sistema de Protección Especial en el departamento",Salto,2023-S2,total,11.2,porcentaje
16,"Porcentaje de NNA con condición de adoptabilidad en el departamento, respecto al total de NNA atendidos por el Sistema de Protección Especial en el departamento",Salto,2024-S1,total,9.6,porcentaje
16,"Porcentaje de NNA con condición de adoptabilidad en el departamento, respecto al total de NNA atendidos por el Sistema de Protección Especial en el departamento",Salto,2024-S2,total,11.1,porcentaje
16,"Porcentaje de NNA con condición de adoptabilidad en el departamento, respecto al total de NNA atendidos por el Sistema de Protección Especial en el departamento",Salto,2025-S1,total,10.6,porcentaje
16,"Porcentaje de NNA con condición de adoptabilidad en el departamento, respecto al total de NNA atendidos por el Sistema de Protección Especial en el departamento",Salto,2025-S2,total,10.1,porcentaje
17,Cantidad de NNA con condición de adoptabilidad en el departamento que pasa a seguimiento de tenencia,Salto,2020-S1,total,2.0,cantidad
17,Cantidad de NNA con condición de adoptabilidad en el departamento que pasa a seguimiento de tenencia,Salto,2020-S2,total,0.0,cantidad
17,Cantidad de NNA con condición de adoptabilidad en el departamento que pasa a seguimiento de tenencia,Salto,2021-S1,total,0.0,cantidad
17,Cantidad de NNA con condición de adoptabilidad en el departamento que pasa a seguimiento de tenencia,Salto,2021-S2,total,1.0,cantidad
17,Cantidad de NNA con condición de adoptabilidad en el departamento que pasa a seguimiento de tenencia,Salto,2022-S1,total,8.0,cantidad
17,Cantidad de NNA con condición de adoptabilidad en el departamento que pasa a seguimiento de tenencia,Salto,2022-S2,total,3.0,cantidad
17,Cantidad de NNA con condición de adoptabilidad en el departamento que pasa a seguimiento de tenencia,Salto,2023-S1,total,5.0,cantidad
17,Cantidad de NNA con condición de adoptabilidad en el departamento que pasa a seguimiento de tenencia,Salto,2023-S2,total,9.0,cantidad
17,Cantidad de NNA con condición de adoptabilidad en el departamento que pasa a seguimiento de tenencia,Salto,2024-S1,total,0.0,cantidad
17,Cantidad de NNA con condición de adoptabilidad en el departamento que pasa a seguimiento de tenencia,Salto,2024-S2,total,6.0,cantidad
17,Cantidad de NNA con condición de adoptabilidad en el departamento que pasa a seguimiento de tenencia,Salto,2025-S1,total,0.0,cantidad
17,Cantidad de NNA con condición de adoptabilidad en el departamento que pasa a seguimiento de tenencia,Salto,2025-S2,total,6.0,cantidad
19,Cantidad de NNA atendidos por el Sistema de Protección Especial en el departamento que tiene Proyecto de Atención Integral (PAI),Salto,2020-S1,total,6.0,cantidad
19,Cantidad de NNA atendidos por el Sistema de Protección Especial en el departamento que tiene Proyecto de Atención Integral (PAI),Salto,2020-S2,total,3.0,cantidad
19,Cantidad de NNA atendidos por el Sistema de Protección Especial en el departamento que tiene Proyecto de Atención Integral (PAI),Salto,2021-S1,total,2.0,cantidad
19,Cantidad de NNA atendidos por el Sistema de Protección Especial en el departamento que tiene Proyecto de Atención Integral (PAI),Salto,2021-S2,total,2.0,cantidad
19,Cantidad de NNA atendidos por el Sistema de Protección Especial en el departamento que tiene Proyecto de Atención Integral (PAI),Salto,2022-S1,total,0.0,cantidad
19,Cantidad de NNA atendidos por el Sistema de Protección Especial en el departamento que tiene Proyecto de Atención Integral (PAI),Salto,2022-S2,total,0.0,cantidad
19,Cantidad de NNA atendidos por el Sistema de Protección Especial en el departamento que tiene Proyecto de Atención Integral (PAI),Salto,2023-S1,total,0.0,cantidad
19,Cantidad de NNA atendidos por el Sistema de Protección Especial en el departamento que tiene Proyecto de Atención Integral (PAI),Salto,2023-S2,total,0.0,cantidad
19,Cantidad de NNA atendidos por el Sistema de Protección Especial en el departamento que tiene Proyecto de Atención Integral (PAI),Salto,2024-S1,total,2.0,cantidad
19,Cantidad de NNA atendidos por el Sistema de Protección Especial en el departamento que tiene Proyecto de Atención Integral (PAI),Salto,2024-S2,total,0.0,cantidad
19,Cantidad de NNA atendidos por el Sistema de Protección Especial en el departamento que tiene Proyecto de Atención Integral (PAI),Salto,2025-S1,total,0.0,cantidad
19,Cantidad de NNA atendidos por el Sistema de Protección Especial en el departamento que tiene Proyecto de Atención Integral (PAI),Salto,2025-S2,total,0.0,cantidad
20,"Cantidad de NN de 0 a 5 años atendidos por el Sistema de Protección Especial en el departamento, inscriptos en centros de educación y cuidado",Salto,2021-S1,total,50.0,cantidad
20,"Cantidad de NN de 0 a 5 años atendidos por el Sistema de Protección Especial en el departamento, inscriptos en centros de educación y cuidado",Salto,2021-S2,total,53.0,cantidad
20,"Cantidad de NN de 0 a 5 años atendidos por el Sistema de Protección Especial en el departamento, inscriptos en centros de educación y cuidado",Salto,2022-S1,total,46.0,cantidad
20,"Cantidad de NN de 0 a 5 años atendidos por el Sistema de Protección Especial en el departamento, inscriptos en centros de educación y cuidado",Salto,2022-S2,total,39.0,cantidad
20,"Cantidad de NN de 0 a 5 años atendidos por el Sistema de Protección Especial en el departamento, inscriptos en centros de educación y cuidado",Salto,2023-S1,total,39.0,cantidad
20,"Cantidad de NN de 0 a 5 años atendidos por el Sistema de Protección Especial en el departamento, inscriptos en centros de educación y cuidado",Salto,2023-S2,total,34.0,cantidad
20,"Cantidad de NN de 0 a 5 años atendidos por el Sistema de Protección Especial en el departamento, inscriptos en centros de educación y cuidado",Salto,2024-S1,total,37.0,cantidad
20,"Cantidad de NN de 0 a 5 años atendidos por el Sistema de Protección Especial en el departamento, inscriptos en centros de educación y cuidado",Salto,2024-S2,total,31.0,cantidad
20,"Cantidad de NN de 0 a 5 años atendidos por el Sistema de Protección Especial en el departamento, inscriptos en centros de educación y cuidado",Salto,2025-S1,total,37.0,cantidad
20,"Cantidad de NN de 0 a 5 años atendidos por el Sistema de Protección Especial en el departamento, inscriptos en centros de educación y cuidado",Salto,2025-S2,total,31.0,cantidad
21,"Cantidad de NNA de 6 a 17 años atendidos por el Sistema de Protección Especial en el departamento, inscriptos en centros de educación formal",Salto,2021-S1,total,249.0,cantidad
21,"Cantidad de NNA de 6 a 17 años atendidos por el Sistema de Protección Especial en el departamento, inscriptos en centros de educación formal",Salto,2021-S2,total,285.0,cantidad
21,"Cantidad de NNA de 6 a 17 años atendidos por el Sistema de Protección Especial en el departamento, inscriptos en centros de educación formal",Salto,2022-S1,total,266.0,cantidad
21,"Cantidad de NNA de 6 a 17 años atendidos por el Sistema de Protección Especial en el departamento, inscriptos en centros de educación formal",Salto,2022-S2,total,248.0,cantidad
21,"Cantidad de NNA de 6 a 17 años atendidos por el Sistema de Protección Especial en el departamento, inscriptos en centros de educación formal",Salto,2023-S1,total,244.0,cantidad
21,"Cantidad de NNA de 6 a 17 años atendidos por el Sistema de Protección Especial en el departamento, inscriptos en centros de educación formal",Salto,2023-S2,total,280.0,cantidad
21,"Cantidad de NNA de 6 a 17 años atendidos por el Sistema de Protección Especial en el departamento, inscriptos en centros de educación formal",Salto,2024-S1,total,277.0,cantidad
21,"Cantidad de NNA de 6 a 17 años atendidos por el Sistema de Protección Especial en el departamento, inscriptos en centros de educación formal",Salto,2024-S2,total,307.0,cantidad
21,"Cantidad de NNA de 6 a 17 años atendidos por el Sistema de Protección Especial en el departamento, inscriptos en centros de educación formal",Salto,2025-S1,total,289.0,cantidad
21,"Cantidad de NNA de 6 a 17 años atendidos por el Sistema de Protección Especial en el departamento, inscriptos en centros de educación formal",Salto,2025-S2,total,295.0,cantidad
23,Cantidad de NNA atendidos por el Sistema de Protección Especial en el departamento con controles médicos al día,Salto,2020-S1,total,349.0,cantidad
23,Cantidad de NNA atendidos por el Sistema de Protección Especial en el departamento con controles médicos al día,Salto,2020-S2,total,284.0,cantidad
23,Cantidad de NNA atendidos por el Sistema de Protección Especial en el departamento con controles médicos al día,Salto,2021-S1,total,352.0,cantidad
23,Cantidad de NNA atendidos por el Sistema de Protección Especial en el departamento con controles médicos al día,Salto,2021-S2,total,375.0,cantidad
23,Cantidad de NNA atendidos por el Sistema de Protección Especial en el departamento con controles médicos al día,Salto,2022-S1,total,350.0,cantidad
23,Cantidad de NNA atendidos por el Sistema de Protección Especial en el departamento con controles médicos al día,Salto,2022-S2,total,352.0,cantidad
23,Cantidad de NNA atendidos por el Sistema de Protección Especial en el departamento con controles médicos al día,Salto,2023-S1,total,332.0,cantidad
23,Cantidad de NNA atendidos por el Sistema de Protección Especial en el departamento con controles médicos al día,Salto,2023-S2,total,272.0,cantidad
23,Cantidad de NNA atendidos por el Sistema de Protección Especial en el departamento con controles médicos al día,Salto,2024-S1,total,381.0,cantidad
23,Cantidad de NNA atendidos por el Sistema de Protección Especial en el departamento con controles médicos al día,Salto,2024-S2,total,379.0,cantidad
23,Cantidad de NNA atendidos por el Sistema de Protección Especial en el departamento con controles médicos al día,Salto,2025-S1,total,376.0,cantidad
23,Cantidad de NNA atendidos por el Sistema de Protección Especial en el departamento con controles médicos al día,Salto,2025-S2,total,345.0,cantidad
24,Cantidad de NNA atendidos por el Sistema de Protección Especial en el departamento con vacunas al día,Salto,2020-S1,total,393.0,cantidad
24,Cantidad de NNA atendidos por el Sistema de Protección Especial en el departamento con vacunas al día,Salto,2020-S2,total,390.0,cantidad
24,Cantidad de NNA atendidos por el Sistema de Protección Especial en el departamento con vacunas al día,Salto,2021-S1,total,434.0,cantidad
24,Cantidad de NNA atendidos por el Sistema de Protección Especial en el departamento con vacunas al día,Salto,2021-S2,total,459.0,cantidad
24,Cantidad de NNA atendidos por el Sistema de Protección Especial en el departamento con vacunas al día,Salto,2022-S1,total,417.0,cantidad
24,Cantidad de NNA atendidos por el Sistema de Protección Especial en el departamento con vacunas al día,Salto,2022-S2,total,396.0,cantidad
24,Cantidad de NNA atendidos por el Sistema de Protección Especial en el departamento con vacunas al día,Salto,2023-S1,total,367.0,cantidad
24,Cantidad de NNA atendidos por el Sistema de Protección Especial en el departamento con vacunas al día,Salto,2023-S2,total,422.0,cantidad
24,Cantidad de NNA atendidos por el Sistema de Protección Especial en el departamento con vacunas al día,Salto,2024-S1,total,422.0,cantidad
24,Cantidad de NNA atendidos por el Sistema de Protección Especial en el departamento con vacunas al día,Salto,2024-S2,total,426.0,cantidad
24,Cantidad de NNA atendidos por el Sistema de Protección Especial en el departamento con vacunas al día,Salto,2025-S1,total,429.0,cantidad
24,Cantidad de NNA atendidos por el Sistema de Protección Especial en el departamento con vacunas al día,Salto,2025-S2,total,412.0,cantidad
1,Cantidad de NNA atendidos en algún proyecto del Sistema de Protección Especial del departamento,San José,2020-S1,total,195.0,cantidad
1,Cantidad de NNA atendidos en algún proyecto del Sistema de Protección Especial del departamento,San José,2020-S2,total,199.0,cantidad
1,Cantidad de NNA atendidos en algún proyecto del Sistema de Protección Especial del departamento,San José,2021-S1,total,213.0,cantidad
1,Cantidad de NNA atendidos en algún proyecto del Sistema de Protección Especial del departamento,San José,2021-S2,total,212.0,cantidad
1,Cantidad de NNA atendidos en algún proyecto del Sistema de Protección Especial del departamento,San José,2022-S1,total,218.0,cantidad
1,Cantidad de NNA atendidos en algún proyecto del Sistema de Protección Especial del departamento,San José,2022-S2,total,215.0,cantidad
1,Cantidad de NNA atendidos en algún proyecto del Sistema de Protección Especial del departamento,San José,2023-S1,total,261.0,cantidad
1,Cantidad de NNA atendidos en algún proyecto del Sistema de Protección Especial del departamento,San José,2023-S2,total,291.0,cantidad
1,Cantidad de NNA atendidos en algún proyecto del Sistema de Protección Especial del departamento,San José,2024-S1,total,308.0,cantidad
1,Cantidad de NNA atendidos en algún proyecto del Sistema de Protección Especial del departamento,San José,2024-S2,total,317.0,cantidad
1,Cantidad de NNA atendidos en algún proyecto del Sistema de Protección Especial del departamento,San José,2025-S1,total,299.0,cantidad
1,Cantidad de NNA atendidos en algún proyecto del Sistema de Protección Especial del departamento,San José,2025-S2,total,312.0,cantidad
2,Porcentaje de NNA atendidos en algún proyecto del Sistema de Protección Especial del departamento respecto a la población total INAU del departamento,San José,2020-S1,total,5.9,porcentaje
2,Porcentaje de NNA atendidos en algún proyecto del Sistema de Protección Especial del departamento respecto a la población total INAU del departamento,San José,2020-S2,total,5.9,porcentaje
2,Porcentaje de NNA atendidos en algún proyecto del Sistema de Protección Especial del departamento respecto a la población total INAU del departamento,San José,2021-S1,total,6.4,porcentaje
2,Porcentaje de NNA atendidos en algún proyecto del Sistema de Protección Especial del departamento respecto a la población total INAU del departamento,San José,2021-S2,total,6.2,porcentaje
2,Porcentaje de NNA atendidos en algún proyecto del Sistema de Protección Especial del departamento respecto a la población total INAU del departamento,San José,2022-S1,total,6.2,porcentaje
2,Porcentaje de NNA atendidos en algún proyecto del Sistema de Protección Especial del departamento respecto a la población total INAU del departamento,San José,2022-S2,total,6.0,porcentaje
2,Porcentaje de NNA atendidos en algún proyecto del Sistema de Protección Especial del departamento respecto a la población total INAU del departamento,San José,2023-S1,total,7.2,porcentaje
2,Porcentaje de NNA atendidos en algún proyecto del Sistema de Protección Especial del departamento respecto a la población total INAU del departamento,San José,2023-S2,total,7.6,porcentaje
2,Porcentaje de NNA atendidos en algún proyecto del Sistema de Protección Especial del departamento respecto a la población total INAU del departamento,San José,2024-S1,total,8.1,porcentaje
2,Porcentaje de NNA atendidos en algún proyecto del Sistema de Protección Especial del departamento respecto a la población total INAU del departamento,San José,2024-S2,total,8.3,porcentaje
2,Porcentaje de NNA atendidos en algún proyecto del Sistema de Protección Especial del departamento respecto a la población total INAU del departamento,San José,2025-S1,total,8.0,porcentaje
2,Porcentaje de NNA atendidos en algún proyecto del Sistema de Protección Especial del departamento respecto a la población total INAU del departamento,San José,2025-S2,total,8.1,porcentaje
5,Cantidad de NNA en el Sistema de Protección Especial del departamento que viven en residencia,San José,2020-S1,total,54.0,cantidad
5,Cantidad de NNA en el Sistema de Protección Especial del departamento que viven en residencia,San José,2020-S2,total,58.0,cantidad
5,Cantidad de NNA en el Sistema de Protección Especial del departamento que viven en residencia,San José,2021-S1,total,62.0,cantidad
5,Cantidad de NNA en el Sistema de Protección Especial del departamento que viven en residencia,San José,2021-S2,total,47.0,cantidad
5,Cantidad de NNA en el Sistema de Protección Especial del departamento que viven en residencia,San José,2022-S1,total,49.0,cantidad
5,Cantidad de NNA en el Sistema de Protección Especial del departamento que viven en residencia,San José,2022-S2,total,60.0,cantidad
5,Cantidad de NNA en el Sistema de Protección Especial del departamento que viven en residencia,San José,2023-S1,total,103.0,cantidad
5,Cantidad de NNA en el Sistema de Protección Especial del departamento que viven en residencia,San José,2023-S2,total,87.0,cantidad
5,Cantidad de NNA en el Sistema de Protección Especial del departamento que viven en residencia,San José,2024-S1,total,97.0,cantidad
5,Cantidad de NNA en el Sistema de Protección Especial del departamento que viven en residencia,San José,2024-S2,total,102.0,cantidad
5,Cantidad de NNA en el Sistema de Protección Especial del departamento que viven en residencia,San José,2025-S1,total,83.0,cantidad
5,Cantidad de NNA en el Sistema de Protección Especial del departamento que viven en residencia,San José,2025-S2,total,98.0,cantidad
6,Cantidad de NNA en el Sistema de Protección Especial del departamento que viven en contexto familiar,San José,2020-S1,total,141.0,cantidad
6,Cantidad de NNA en el Sistema de Protección Especial del departamento que viven en contexto familiar,San José,2020-S2,total,141.0,cantidad
6,Cantidad de NNA en el Sistema de Protección Especial del departamento que viven en contexto familiar,San José,2021-S1,total,151.0,cantidad
6,Cantidad de NNA en el Sistema de Protección Especial del departamento que viven en contexto familiar,San José,2021-S2,total,165.0,cantidad
6,Cantidad de NNA en el Sistema de Protección Especial del departamento que viven en contexto familiar,San José,2022-S1,total,169.0,cantidad
6,Cantidad de NNA en el Sistema de Protección Especial del departamento que viven en contexto familiar,San José,2022-S2,total,155.0,cantidad
6,Cantidad de NNA en el Sistema de Protección Especial del departamento que viven en contexto familiar,San José,2023-S1,total,158.0,cantidad
6,Cantidad de NNA en el Sistema de Protección Especial del departamento que viven en contexto familiar,San José,2023-S2,total,204.0,cantidad
6,Cantidad de NNA en el Sistema de Protección Especial del departamento que viven en contexto familiar,San José,2024-S1,total,211.0,cantidad
6,Cantidad de NNA en el Sistema de Protección Especial del departamento que viven en contexto familiar,San José,2024-S2,total,215.0,cantidad
6,Cantidad de NNA en el Sistema de Protección Especial del departamento que viven en contexto familiar,San José,2025-S1,total,216.0,cantidad
6,Cantidad de NNA en el Sistema de Protección Especial del departamento que viven en contexto familiar,San José,2025-S2,total,214.0,cantidad
7,Cantidad de NNA en el departamento que ingresan por primera vez al Sistema de Protección Especial,San José,2020-S1,total,29.0,cantidad
7,Cantidad de NNA en el departamento que ingresan por primera vez al Sistema de Protección Especial,San José,2020-S2,total,35.0,cantidad
7,Cantidad de NNA en el departamento que ingresan por primera vez al Sistema de Protección Especial,San José,2021-S1,total,30.0,cantidad
7,Cantidad de NNA en el departamento que ingresan por primera vez al Sistema de Protección Especial,San José,2021-S2,total,32.0,cantidad
7,Cantidad de NNA en el departamento que ingresan por primera vez al Sistema de Protección Especial,San José,2022-S1,total,32.0,cantidad
7,Cantidad de NNA en el departamento que ingresan por primera vez al Sistema de Protección Especial,San José,2022-S2,total,47.0,cantidad
7,Cantidad de NNA en el departamento que ingresan por primera vez al Sistema de Protección Especial,San José,2023-S1,total,70.0,cantidad
7,Cantidad de NNA en el departamento que ingresan por primera vez al Sistema de Protección Especial,San José,2023-S2,total,73.0,cantidad
7,Cantidad de NNA en el departamento que ingresan por primera vez al Sistema de Protección Especial,San José,2024-S1,total,50.0,cantidad
7,Cantidad de NNA en el departamento que ingresan por primera vez al Sistema de Protección Especial,San José,2024-S2,total,62.0,cantidad
7,Cantidad de NNA en el departamento que ingresan por primera vez al Sistema de Protección Especial,San José,2025-S1,total,49.0,cantidad
7,Cantidad de NNA en el departamento que ingresan por primera vez al Sistema de Protección Especial,San José,2025-S2,total,61.0,cantidad
8,"Porcentaje de NNA que ingresan por primera vez al Sistema de Protección Especial en algún proyecto del departamento, respecto al total de atendidos por el Sistema en el departamento",San José,2020-S1,total,12.4,porcentaje
8,"Porcentaje de NNA que ingresan por primera vez al Sistema de Protección Especial en algún proyecto del departamento, respecto al total de atendidos por el Sistema en el departamento",San José,2020-S2,total,14.8,porcentaje
8,"Porcentaje de NNA que ingresan por primera vez al Sistema de Protección Especial en algún proyecto del departamento, respecto al total de atendidos por el Sistema en el departamento",San José,2021-S1,total,12.9,porcentaje
8,"Porcentaje de NNA que ingresan por primera vez al Sistema de Protección Especial en algún proyecto del departamento, respecto al total de atendidos por el Sistema en el departamento",San José,2021-S2,total,13.0,porcentaje
8,"Porcentaje de NNA que ingresan por primera vez al Sistema de Protección Especial en algún proyecto del departamento, respecto al total de atendidos por el Sistema en el departamento",San José,2022-S1,total,12.9,porcentaje
8,"Porcentaje de NNA que ingresan por primera vez al Sistema de Protección Especial en algún proyecto del departamento, respecto al total de atendidos por el Sistema en el departamento",San José,2022-S2,total,17.7,porcentaje
8,"Porcentaje de NNA que ingresan por primera vez al Sistema de Protección Especial en algún proyecto del departamento, respecto al total de atendidos por el Sistema en el departamento",San José,2023-S1,total,24.1,porcentaje
8,"Porcentaje de NNA que ingresan por primera vez al Sistema de Protección Especial en algún proyecto del departamento, respecto al total de atendidos por el Sistema en el departamento",San José,2023-S2,total,21.3,porcentaje
8,"Porcentaje de NNA que ingresan por primera vez al Sistema de Protección Especial en algún proyecto del departamento, respecto al total de atendidos por el Sistema en el departamento",San José,2024-S1,total,14.2,porcentaje
8,"Porcentaje de NNA que ingresan por primera vez al Sistema de Protección Especial en algún proyecto del departamento, respecto al total de atendidos por el Sistema en el departamento",San José,2024-S2,total,16.7,porcentaje
8,"Porcentaje de NNA que ingresan por primera vez al Sistema de Protección Especial en algún proyecto del departamento, respecto al total de atendidos por el Sistema en el departamento",San José,2025-S1,total,12.5,porcentaje
8,"Porcentaje de NNA que ingresan por primera vez al Sistema de Protección Especial en algún proyecto del departamento, respecto al total de atendidos por el Sistema en el departamento",San José,2025-S2,total,15.5,porcentaje
9,Cantidad de NNA que ingresan con trayectoria anterior al Sistema de Protección Especial en el departamento,San José,2020-S1,total,5.0,cantidad
9,Cantidad de NNA que ingresan con trayectoria anterior al Sistema de Protección Especial en el departamento,San José,2020-S2,total,6.0,cantidad
9,Cantidad de NNA que ingresan con trayectoria anterior al Sistema de Protección Especial en el departamento,San José,2021-S1,total,4.0,cantidad
9,Cantidad de NNA que ingresan con trayectoria anterior al Sistema de Protección Especial en el departamento,San José,2021-S2,total,9.0,cantidad
9,Cantidad de NNA que ingresan con trayectoria anterior al Sistema de Protección Especial en el departamento,San José,2022-S1,total,5.0,cantidad
9,Cantidad de NNA que ingresan con trayectoria anterior al Sistema de Protección Especial en el departamento,San José,2022-S2,total,6.0,cantidad
9,Cantidad de NNA que ingresan con trayectoria anterior al Sistema de Protección Especial en el departamento,San José,2023-S1,total,9.0,cantidad
9,Cantidad de NNA que ingresan con trayectoria anterior al Sistema de Protección Especial en el departamento,San José,2023-S2,total,7.0,cantidad
9,Cantidad de NNA que ingresan con trayectoria anterior al Sistema de Protección Especial en el departamento,San José,2024-S1,total,19.0,cantidad
9,Cantidad de NNA que ingresan con trayectoria anterior al Sistema de Protección Especial en el departamento,San José,2024-S2,total,8.0,cantidad
9,Cantidad de NNA que ingresan con trayectoria anterior al Sistema de Protección Especial en el departamento,San José,2025-S1,total,17.0,cantidad
9,Cantidad de NNA que ingresan con trayectoria anterior al Sistema de Protección Especial en el departamento,San José,2025-S2,total,16.0,cantidad
10,Porcentaje de NNA que ingresan con trayectoria anterior al Sistema de Protección Especial en algún proyecto del departamento respecto al total de atendidos por el Sistema en el departamento,San José,2020-S1,total,2.1,porcentaje
10,Porcentaje de NNA que ingresan con trayectoria anterior al Sistema de Protección Especial en algún proyecto del departamento respecto al total de atendidos por el Sistema en el departamento,San José,2020-S2,total,2.5,porcentaje
10,Porcentaje de NNA que ingresan con trayectoria anterior al Sistema de Protección Especial en algún proyecto del departamento respecto al total de atendidos por el Sistema en el departamento,San José,2021-S1,total,1.7,porcentaje
10,Porcentaje de NNA que ingresan con trayectoria anterior al Sistema de Protección Especial en algún proyecto del departamento respecto al total de atendidos por el Sistema en el departamento,San José,2021-S2,total,3.7,porcentaje
10,Porcentaje de NNA que ingresan con trayectoria anterior al Sistema de Protección Especial en algún proyecto del departamento respecto al total de atendidos por el Sistema en el departamento,San José,2022-S1,total,2.0,porcentaje
10,Porcentaje de NNA que ingresan con trayectoria anterior al Sistema de Protección Especial en algún proyecto del departamento respecto al total de atendidos por el Sistema en el departamento,San José,2022-S2,total,2.3,porcentaje
10,Porcentaje de NNA que ingresan con trayectoria anterior al Sistema de Protección Especial en algún proyecto del departamento respecto al total de atendidos por el Sistema en el departamento,San José,2023-S1,total,3.1,porcentaje
10,Porcentaje de NNA que ingresan con trayectoria anterior al Sistema de Protección Especial en algún proyecto del departamento respecto al total de atendidos por el Sistema en el departamento,San José,2023-S2,total,2.0,porcentaje
10,Porcentaje de NNA que ingresan con trayectoria anterior al Sistema de Protección Especial en algún proyecto del departamento respecto al total de atendidos por el Sistema en el departamento,San José,2024-S1,total,5.4,porcentaje
10,Porcentaje de NNA que ingresan con trayectoria anterior al Sistema de Protección Especial en algún proyecto del departamento respecto al total de atendidos por el Sistema en el departamento,San José,2024-S2,total,2.2,porcentaje
10,Porcentaje de NNA que ingresan con trayectoria anterior al Sistema de Protección Especial en algún proyecto del departamento respecto al total de atendidos por el Sistema en el departamento,San José,2025-S1,total,4.3,porcentaje
10,Porcentaje de NNA que ingresan con trayectoria anterior al Sistema de Protección Especial en algún proyecto del departamento respecto al total de atendidos por el Sistema en el departamento,San José,2025-S2,total,4.1,porcentaje
11,Cantidad de NNA que egresan del Sistema de Protección Especial en el departamento,San José,2020-S1,total,29.0,cantidad
11,Cantidad de NNA que egresan del Sistema de Protección Especial en el departamento,San José,2020-S2,total,39.0,cantidad
11,Cantidad de NNA que egresan del Sistema de Protección Especial en el departamento,San José,2021-S1,total,22.0,cantidad
11,Cantidad de NNA que egresan del Sistema de Protección Especial en el departamento,San José,2021-S2,total,41.0,cantidad
11,Cantidad de NNA que egresan del Sistema de Protección Especial en el departamento,San José,2022-S1,total,42.0,cantidad
11,Cantidad de NNA que egresan del Sistema de Protección Especial en el departamento,San José,2022-S2,total,50.0,cantidad
11,Cantidad de NNA que egresan del Sistema de Protección Especial en el departamento,San José,2023-S1,total,44.0,cantidad
11,Cantidad de NNA que egresan del Sistema de Protección Especial en el departamento,San José,2023-S2,total,58.0,cantidad
11,Cantidad de NNA que egresan del Sistema de Protección Especial en el departamento,San José,2024-S1,total,43.0,cantidad
11,Cantidad de NNA que egresan del Sistema de Protección Especial en el departamento,San José,2024-S2,total,67.0,cantidad
11,Cantidad de NNA que egresan del Sistema de Protección Especial en el departamento,San José,2025-S1,total,87.0,cantidad
11,Cantidad de NNA que egresan del Sistema de Protección Especial en el departamento,San José,2025-S2,total,72.0,cantidad
12,Cantidad de NNA que egresan del Sistema de Protección Especial en el departamento según tiempos de permanencia en el Sistema,San José,2020-S1,total,29.0,cantidad
12,Cantidad de NNA que egresan del Sistema de Protección Especial en el departamento según tiempos de permanencia en el Sistema,San José,2020-S2,total,39.0,cantidad
12,Cantidad de NNA que egresan del Sistema de Protección Especial en el departamento según tiempos de permanencia en el Sistema,San José,2021-S1,total,22.0,cantidad
12,Cantidad de NNA que egresan del Sistema de Protección Especial en el departamento según tiempos de permanencia en el Sistema,San José,2021-S2,total,41.0,cantidad
12,Cantidad de NNA que egresan del Sistema de Protección Especial en el departamento según tiempos de permanencia en el Sistema,San José,2022-S1,total,42.0,cantidad
12,Cantidad de NNA que egresan del Sistema de Protección Especial en el departamento según tiempos de permanencia en el Sistema,San José,2022-S2,total,50.0,cantidad
12,Cantidad de NNA que egresan del Sistema de Protección Especial en el departamento según tiempos de permanencia en el Sistema,San José,2023-S1,total,44.0,cantidad
12,Cantidad de NNA que egresan del Sistema de Protección Especial en el departamento según tiempos de permanencia en el Sistema,San José,2023-S2,total,58.0,cantidad
12,Cantidad de NNA que egresan del Sistema de Protección Especial en el departamento según tiempos de permanencia en el Sistema,San José,2024-S1,total,43.0,cantidad
12,Cantidad de NNA que egresan del Sistema de Protección Especial en el departamento según tiempos de permanencia en el Sistema,San José,2024-S2,total,67.0,cantidad
12,Cantidad de NNA que egresan del Sistema de Protección Especial en el departamento según tiempos de permanencia en el Sistema,San José,2025-S1,total,87.0,cantidad
12,Cantidad de NNA que egresan del Sistema de Protección Especial en el departamento según tiempos de permanencia en el Sistema,San José,2025-S2,total,72.0,cantidad
13,Cantidad de NNA que egresan del Sistema de Protección Especial en el departamento según tiempos de permanencia en la intervención,San José,2020-S1,total,29.0,cantidad
13,Cantidad de NNA que egresan del Sistema de Protección Especial en el departamento según tiempos de permanencia en la intervención,San José,2020-S2,total,39.0,cantidad
13,Cantidad de NNA que egresan del Sistema de Protección Especial en el departamento según tiempos de permanencia en la intervención,San José,2021-S1,total,22.0,cantidad
13,Cantidad de NNA que egresan del Sistema de Protección Especial en el departamento según tiempos de permanencia en la intervención,San José,2021-S2,total,41.0,cantidad
13,Cantidad de NNA que egresan del Sistema de Protección Especial en el departamento según tiempos de permanencia en la intervención,San José,2022-S1,total,42.0,cantidad
13,Cantidad de NNA que egresan del Sistema de Protección Especial en el departamento según tiempos de permanencia en la intervención,San José,2022-S2,total,50.0,cantidad
13,Cantidad de NNA que egresan del Sistema de Protección Especial en el departamento según tiempos de permanencia en la intervención,San José,2023-S1,total,44.0,cantidad
13,Cantidad de NNA que egresan del Sistema de Protección Especial en el departamento según tiempos de permanencia en la intervención,San José,2023-S2,total,58.0,cantidad
13,Cantidad de NNA que egresan del Sistema de Protección Especial en el departamento según tiempos de permanencia en la intervención,San José,2024-S1,total,43.0,cantidad
13,Cantidad de NNA que egresan del Sistema de Protección Especial en el departamento según tiempos de permanencia en la intervención,San José,2024-S2,total,67.0,cantidad
13,Cantidad de NNA que egresan del Sistema de Protección Especial en el departamento según tiempos de permanencia en la intervención,San José,2025-S1,total,87.0,cantidad
13,Cantidad de NNA que egresan del Sistema de Protección Especial en el departamento según tiempos de permanencia en la intervención,San José,2025-S2,total,72.0,cantidad
14,Cantidad de NNA que dejan de vivir en residencias en el departamento para vivir con una familia,San José,2020-S1,total,23.0,cantidad
14,Cantidad de NNA que dejan de vivir en residencias en el departamento para vivir con una familia,San José,2020-S2,total,29.0,cantidad
14,Cantidad de NNA que dejan de vivir en residencias en el departamento para vivir con una familia,San José,2021-S1,total,26.0,cantidad
14,Cantidad de NNA que dejan de vivir en residencias en el departamento para vivir con una familia,San José,2021-S2,total,39.0,cantidad
14,Cantidad de NNA que dejan de vivir en residencias en el departamento para vivir con una familia,San José,2022-S1,total,35.0,cantidad
14,Cantidad de NNA que dejan de vivir en residencias en el departamento para vivir con una familia,San José,2022-S2,total,31.0,cantidad
14,Cantidad de NNA que dejan de vivir en residencias en el departamento para vivir con una familia,San José,2023-S1,total,32.0,cantidad
14,Cantidad de NNA que dejan de vivir en residencias en el departamento para vivir con una familia,San José,2023-S2,total,65.0,cantidad
14,Cantidad de NNA que dejan de vivir en residencias en el departamento para vivir con una familia,San José,2024-S1,total,36.0,cantidad
14,Cantidad de NNA que dejan de vivir en residencias en el departamento para vivir con una familia,San José,2024-S2,total,35.0,cantidad
14,Cantidad de NNA que dejan de vivir en residencias en el departamento para vivir con una familia,San José,2025-S1,total,73.0,cantidad
14,Cantidad de NNA que dejan de vivir en residencias en el departamento para vivir con una familia,San José,2025-S2,total,52.0,cantidad
15,Cantidad de NNA con condición de adoptabilidad en el departamento,San José,2020-S1,total,11.0,cantidad
15,Cantidad de NNA con condición de adoptabilidad en el departamento,San José,2020-S2,total,15.0,cantidad
15,Cantidad de NNA con condición de adoptabilidad en el departamento,San José,2021-S1,total,10.0,cantidad
15,Cantidad de NNA con condición de adoptabilidad en el departamento,San José,2021-S2,total,16.0,cantidad
15,Cantidad de NNA con condición de adoptabilidad en el departamento,San José,2022-S1,total,23.0,cantidad
15,Cantidad de NNA con condición de adoptabilidad en el departamento,San José,2022-S2,total,20.0,cantidad
15,Cantidad de NNA con condición de adoptabilidad en el departamento,San José,2023-S1,total,14.0,cantidad
15,Cantidad de NNA con condición de adoptabilidad en el departamento,San José,2023-S2,total,16.0,cantidad
15,Cantidad de NNA con condición de adoptabilidad en el departamento,San José,2024-S1,total,17.0,cantidad
15,Cantidad de NNA con condición de adoptabilidad en el departamento,San José,2024-S2,total,17.0,cantidad
15,Cantidad de NNA con condición de adoptabilidad en el departamento,San José,2025-S1,total,23.0,cantidad
15,Cantidad de NNA con condición de adoptabilidad en el departamento,San José,2025-S2,total,25.0,cantidad
16,"Porcentaje de NNA con condición de adoptabilidad en el departamento, respecto al total de NNA atendidos por el Sistema de Protección Especial en el departamento",San José,2020-S1,total,4.7,porcentaje
16,"Porcentaje de NNA con condición de adoptabilidad en el departamento, respecto al total de NNA atendidos por el Sistema de Protección Especial en el departamento",San José,2020-S2,total,6.3,porcentaje
16,"Porcentaje de NNA con condición de adoptabilidad en el departamento, respecto al total de NNA atendidos por el Sistema de Protección Especial en el departamento",San José,2021-S1,total,4.3,porcentaje
16,"Porcentaje de NNA con condición de adoptabilidad en el departamento, respecto al total de NNA atendidos por el Sistema de Protección Especial en el departamento",San José,2021-S2,total,6.5,porcentaje
16,"Porcentaje de NNA con condición de adoptabilidad en el departamento, respecto al total de NNA atendidos por el Sistema de Protección Especial en el departamento",San José,2022-S1,total,9.2,porcentaje
16,"Porcentaje de NNA con condición de adoptabilidad en el departamento, respecto al total de NNA atendidos por el Sistema de Protección Especial en el departamento",San José,2022-S2,total,7.5,porcentaje
16,"Porcentaje de NNA con condición de adoptabilidad en el departamento, respecto al total de NNA atendidos por el Sistema de Protección Especial en el departamento",San José,2023-S1,total,4.8,porcentaje
16,"Porcentaje de NNA con condición de adoptabilidad en el departamento, respecto al total de NNA atendidos por el Sistema de Protección Especial en el departamento",San José,2023-S2,total,4.7,porcentaje
16,"Porcentaje de NNA con condición de adoptabilidad en el departamento, respecto al total de NNA atendidos por el Sistema de Protección Especial en el departamento",San José,2024-S1,total,4.8,porcentaje
16,"Porcentaje de NNA con condición de adoptabilidad en el departamento, respecto al total de NNA atendidos por el Sistema de Protección Especial en el departamento",San José,2024-S2,total,4.6,porcentaje
16,"Porcentaje de NNA con condición de adoptabilidad en el departamento, respecto al total de NNA atendidos por el Sistema de Protección Especial en el departamento",San José,2025-S1,total,5.9,porcentaje
16,"Porcentaje de NNA con condición de adoptabilidad en el departamento, respecto al total de NNA atendidos por el Sistema de Protección Especial en el departamento",San José,2025-S2,total,6.3,porcentaje
17,Cantidad de NNA con condición de adoptabilidad en el departamento que pasa a seguimiento de tenencia,San José,2020-S1,total,0.0,cantidad
17,Cantidad de NNA con condición de adoptabilidad en el departamento que pasa a seguimiento de tenencia,San José,2020-S2,total,2.0,cantidad
17,Cantidad de NNA con condición de adoptabilidad en el departamento que pasa a seguimiento de tenencia,San José,2021-S1,total,0.0,cantidad
17,Cantidad de NNA con condición de adoptabilidad en el departamento que pasa a seguimiento de tenencia,San José,2021-S2,total,3.0,cantidad
17,Cantidad de NNA con condición de adoptabilidad en el departamento que pasa a seguimiento de tenencia,San José,2022-S1,total,3.0,cantidad
17,Cantidad de NNA con condición de adoptabilidad en el departamento que pasa a seguimiento de tenencia,San José,2022-S2,total,7.0,cantidad
17,Cantidad de NNA con condición de adoptabilidad en el departamento que pasa a seguimiento de tenencia,San José,2023-S1,total,1.0,cantidad
17,Cantidad de NNA con condición de adoptabilidad en el departamento que pasa a seguimiento de tenencia,San José,2023-S2,total,2.0,cantidad
17,Cantidad de NNA con condición de adoptabilidad en el departamento que pasa a seguimiento de tenencia,San José,2024-S1,total,3.0,cantidad
17,Cantidad de NNA con condición de adoptabilidad en el departamento que pasa a seguimiento de tenencia,San José,2024-S2,total,1.0,cantidad
17,Cantidad de NNA con condición de adoptabilidad en el departamento que pasa a seguimiento de tenencia,San José,2025-S1,total,4.0,cantidad
17,Cantidad de NNA con condición de adoptabilidad en el departamento que pasa a seguimiento de tenencia,San José,2025-S2,total,3.0,cantidad
19,Cantidad de NNA atendidos por el Sistema de Protección Especial en el departamento que tiene Proyecto de Atención Integral (PAI),San José,2020-S1,total,156.0,cantidad
19,Cantidad de NNA atendidos por el Sistema de Protección Especial en el departamento que tiene Proyecto de Atención Integral (PAI),San José,2020-S2,total,66.0,cantidad
19,Cantidad de NNA atendidos por el Sistema de Protección Especial en el departamento que tiene Proyecto de Atención Integral (PAI),San José,2021-S1,total,134.0,cantidad
19,Cantidad de NNA atendidos por el Sistema de Protección Especial en el departamento que tiene Proyecto de Atención Integral (PAI),San José,2021-S2,total,24.0,cantidad
19,Cantidad de NNA atendidos por el Sistema de Protección Especial en el departamento que tiene Proyecto de Atención Integral (PAI),San José,2022-S1,total,68.0,cantidad
19,Cantidad de NNA atendidos por el Sistema de Protección Especial en el departamento que tiene Proyecto de Atención Integral (PAI),San José,2022-S2,total,57.0,cantidad
19,Cantidad de NNA atendidos por el Sistema de Protección Especial en el departamento que tiene Proyecto de Atención Integral (PAI),San José,2023-S1,total,54.0,cantidad
19,Cantidad de NNA atendidos por el Sistema de Protección Especial en el departamento que tiene Proyecto de Atención Integral (PAI),San José,2023-S2,total,47.0,cantidad
19,Cantidad de NNA atendidos por el Sistema de Protección Especial en el departamento que tiene Proyecto de Atención Integral (PAI),San José,2024-S1,total,75.0,cantidad
19,Cantidad de NNA atendidos por el Sistema de Protección Especial en el departamento que tiene Proyecto de Atención Integral (PAI),San José,2024-S2,total,63.0,cantidad
19,Cantidad de NNA atendidos por el Sistema de Protección Especial en el departamento que tiene Proyecto de Atención Integral (PAI),San José,2025-S1,total,51.0,cantidad
19,Cantidad de NNA atendidos por el Sistema de Protección Especial en el departamento que tiene Proyecto de Atención Integral (PAI),San José,2025-S2,total,51.0,cantidad
20,"Cantidad de NN de 0 a 5 años atendidos por el Sistema de Protección Especial en el departamento, inscriptos en centros de educación y cuidado",San José,2021-S1,total,31.0,cantidad
20,"Cantidad de NN de 0 a 5 años atendidos por el Sistema de Protección Especial en el departamento, inscriptos en centros de educación y cuidado",San José,2021-S2,total,30.0,cantidad
20,"Cantidad de NN de 0 a 5 años atendidos por el Sistema de Protección Especial en el departamento, inscriptos en centros de educación y cuidado",San José,2022-S1,total,33.0,cantidad
20,"Cantidad de NN de 0 a 5 años atendidos por el Sistema de Protección Especial en el departamento, inscriptos en centros de educación y cuidado",San José,2022-S2,total,26.0,cantidad
20,"Cantidad de NN de 0 a 5 años atendidos por el Sistema de Protección Especial en el departamento, inscriptos en centros de educación y cuidado",San José,2023-S1,total,41.0,cantidad
20,"Cantidad de NN de 0 a 5 años atendidos por el Sistema de Protección Especial en el departamento, inscriptos en centros de educación y cuidado",San José,2023-S2,total,36.0,cantidad
20,"Cantidad de NN de 0 a 5 años atendidos por el Sistema de Protección Especial en el departamento, inscriptos en centros de educación y cuidado",San José,2024-S1,total,43.0,cantidad
20,"Cantidad de NN de 0 a 5 años atendidos por el Sistema de Protección Especial en el departamento, inscriptos en centros de educación y cuidado",San José,2024-S2,total,44.0,cantidad
20,"Cantidad de NN de 0 a 5 años atendidos por el Sistema de Protección Especial en el departamento, inscriptos en centros de educación y cuidado",San José,2025-S1,total,41.0,cantidad
20,"Cantidad de NN de 0 a 5 años atendidos por el Sistema de Protección Especial en el departamento, inscriptos en centros de educación y cuidado",San José,2025-S2,total,41.0,cantidad
21,"Cantidad de NNA de 6 a 17 años atendidos por el Sistema de Protección Especial en el departamento, inscriptos en centros de educación formal",San José,2021-S1,total,161.0,cantidad
21,"Cantidad de NNA de 6 a 17 años atendidos por el Sistema de Protección Especial en el departamento, inscriptos en centros de educación formal",San José,2021-S2,total,166.0,cantidad
21,"Cantidad de NNA de 6 a 17 años atendidos por el Sistema de Protección Especial en el departamento, inscriptos en centros de educación formal",San José,2022-S1,total,160.0,cantidad
21,"Cantidad de NNA de 6 a 17 años atendidos por el Sistema de Protección Especial en el departamento, inscriptos en centros de educación formal",San José,2022-S2,total,171.0,cantidad
21,"Cantidad de NNA de 6 a 17 años atendidos por el Sistema de Protección Especial en el departamento, inscriptos en centros de educación formal",San José,2023-S1,total,195.0,cantidad
21,"Cantidad de NNA de 6 a 17 años atendidos por el Sistema de Protección Especial en el departamento, inscriptos en centros de educación formal",San José,2023-S2,total,224.0,cantidad
21,"Cantidad de NNA de 6 a 17 años atendidos por el Sistema de Protección Especial en el departamento, inscriptos en centros de educación formal",San José,2024-S1,total,240.0,cantidad
21,"Cantidad de NNA de 6 a 17 años atendidos por el Sistema de Protección Especial en el departamento, inscriptos en centros de educación formal",San José,2024-S2,total,245.0,cantidad
21,"Cantidad de NNA de 6 a 17 años atendidos por el Sistema de Protección Especial en el departamento, inscriptos en centros de educación formal",San José,2025-S1,total,234.0,cantidad
21,"Cantidad de NNA de 6 a 17 años atendidos por el Sistema de Protección Especial en el departamento, inscriptos en centros de educación formal",San José,2025-S2,total,248.0,cantidad
23,Cantidad de NNA atendidos por el Sistema de Protección Especial en el departamento con controles médicos al día,San José,2020-S1,total,154.0,cantidad
23,Cantidad de NNA atendidos por el Sistema de Protección Especial en el departamento con controles médicos al día,San José,2020-S2,total,122.0,cantidad
23,Cantidad de NNA atendidos por el Sistema de Protección Especial en el departamento con controles médicos al día,San José,2021-S1,total,183.0,cantidad
23,Cantidad de NNA atendidos por el Sistema de Protección Especial en el departamento con controles médicos al día,San José,2021-S2,total,180.0,cantidad
23,Cantidad de NNA atendidos por el Sistema de Protección Especial en el departamento con controles médicos al día,San José,2022-S1,total,177.0,cantidad
23,Cantidad de NNA atendidos por el Sistema de Protección Especial en el departamento con controles médicos al día,San José,2022-S2,total,162.0,cantidad
23,Cantidad de NNA atendidos por el Sistema de Protección Especial en el departamento con controles médicos al día,San José,2023-S1,total,190.0,cantidad
23,Cantidad de NNA atendidos por el Sistema de Protección Especial en el departamento con controles médicos al día,San José,2023-S2,total,222.0,cantidad
23,Cantidad de NNA atendidos por el Sistema de Protección Especial en el departamento con controles médicos al día,San José,2024-S1,total,261.0,cantidad
23,Cantidad de NNA atendidos por el Sistema de Protección Especial en el departamento con controles médicos al día,San José,2024-S2,total,223.0,cantidad
23,Cantidad de NNA atendidos por el Sistema de Protección Especial en el departamento con controles médicos al día,San José,2025-S1,total,223.0,cantidad
23,Cantidad de NNA atendidos por el Sistema de Protección Especial en el departamento con controles médicos al día,San José,2025-S2,total,220.0,cantidad
24,Cantidad de NNA atendidos por el Sistema de Protección Especial en el departamento con vacunas al día,San José,2020-S1,total,183.0,cantidad
24,Cantidad de NNA atendidos por el Sistema de Protección Especial en el departamento con vacunas al día,San José,2020-S2,total,165.0,cantidad
24,Cantidad de NNA atendidos por el Sistema de Protección Especial en el departamento con vacunas al día,San José,2021-S1,total,198.0,cantidad
24,Cantidad de NNA atendidos por el Sistema de Protección Especial en el departamento con vacunas al día,San José,2021-S2,total,198.0,cantidad
24,Cantidad de NNA atendidos por el Sistema de Protección Especial en el departamento con vacunas al día,San José,2022-S1,total,193.0,cantidad
24,Cantidad de NNA atendidos por el Sistema de Protección Especial en el departamento con vacunas al día,San José,2022-S2,total,189.0,cantidad
24,Cantidad de NNA atendidos por el Sistema de Protección Especial en el departamento con vacunas al día,San José,2023-S1,total,222.0,cantidad
24,Cantidad de NNA atendidos por el Sistema de Protección Especial en el departamento con vacunas al día,San José,2023-S2,total,254.0,cantidad
24,Cantidad de NNA atendidos por el Sistema de Protección Especial en el departamento con vacunas al día,San José,2024-S1,total,277.0,cantidad
24,Cantidad de NNA atendidos por el Sistema de Protección Especial en el departamento con vacunas al día,San José,2024-S2,total,265.0,cantidad
24,Cantidad de NNA atendidos por el Sistema de Protección Especial en el departamento con vacunas al día,San José,2025-S1,total,262.0,cantidad
24,Cantidad de NNA atendidos por el Sistema de Protección Especial en el departamento con vacunas al día,San José,2025-S2,total,275.0,cantidad
1,Cantidad de NNA atendidos en algún proyecto del Sistema de Protección Especial del departamento,Soriano,2020-S1,total,168.0,cantidad
1,Cantidad de NNA atendidos en algún proyecto del Sistema de Protección Especial del departamento,Soriano,2020-S2,total,144.0,cantidad
1,Cantidad de NNA atendidos en algún proyecto del Sistema de Protección Especial del departamento,Soriano,2021-S1,total,153.0,cantidad
1,Cantidad de NNA atendidos en algún proyecto del Sistema de Protección Especial del departamento,Soriano,2021-S2,total,147.0,cantidad
1,Cantidad de NNA atendidos en algún proyecto del Sistema de Protección Especial del departamento,Soriano,2022-S1,total,157.0,cantidad
1,Cantidad de NNA atendidos en algún proyecto del Sistema de Protección Especial del departamento,Soriano,2022-S2,total,143.0,cantidad
1,Cantidad de NNA atendidos en algún proyecto del Sistema de Protección Especial del departamento,Soriano,2023-S1,total,154.0,cantidad
1,Cantidad de NNA atendidos en algún proyecto del Sistema de Protección Especial del departamento,Soriano,2023-S2,total,171.0,cantidad
1,Cantidad de NNA atendidos en algún proyecto del Sistema de Protección Especial del departamento,Soriano,2024-S1,total,159.0,cantidad
1,Cantidad de NNA atendidos en algún proyecto del Sistema de Protección Especial del departamento,Soriano,2024-S2,total,143.0,cantidad
1,Cantidad de NNA atendidos en algún proyecto del Sistema de Protección Especial del departamento,Soriano,2025-S1,total,143.0,cantidad
1,Cantidad de NNA atendidos en algún proyecto del Sistema de Protección Especial del departamento,Soriano,2025-S2,total,144.0,cantidad
2,Porcentaje de NNA atendidos en algún proyecto del Sistema de Protección Especial del departamento respecto a la población total INAU del departamento,Soriano,2020-S1,total,6.2,porcentaje
2,Porcentaje de NNA atendidos en algún proyecto del Sistema de Protección Especial del departamento respecto a la población total INAU del departamento,Soriano,2020-S2,total,5.2,porcentaje
2,Porcentaje de NNA atendidos en algún proyecto del Sistema de Protección Especial del departamento respecto a la población total INAU del departamento,Soriano,2021-S1,total,5.6,porcentaje
2,Porcentaje de NNA atendidos en algún proyecto del Sistema de Protección Especial del departamento respecto a la población total INAU del departamento,Soriano,2021-S2,total,5.4,porcentaje
2,Porcentaje de NNA atendidos en algún proyecto del Sistema de Protección Especial del departamento respecto a la población total INAU del departamento,Soriano,2022-S1,total,5.5,porcentaje
2,Porcentaje de NNA atendidos en algún proyecto del Sistema de Protección Especial del departamento respecto a la población total INAU del departamento,Soriano,2022-S2,total,5.0,porcentaje
2,Porcentaje de NNA atendidos en algún proyecto del Sistema de Protección Especial del departamento respecto a la población total INAU del departamento,Soriano,2023-S1,total,5.4,porcentaje
2,Porcentaje de NNA atendidos en algún proyecto del Sistema de Protección Especial del departamento respecto a la población total INAU del departamento,Soriano,2023-S2,total,6.0,porcentaje
2,Porcentaje de NNA atendidos en algún proyecto del Sistema de Protección Especial del departamento respecto a la población total INAU del departamento,Soriano,2024-S1,total,5.6,porcentaje
2,Porcentaje de NNA atendidos en algún proyecto del Sistema de Protección Especial del departamento respecto a la población total INAU del departamento,Soriano,2024-S2,total,4.8,porcentaje
2,Porcentaje de NNA atendidos en algún proyecto del Sistema de Protección Especial del departamento respecto a la población total INAU del departamento,Soriano,2025-S1,total,5.0,porcentaje
2,Porcentaje de NNA atendidos en algún proyecto del Sistema de Protección Especial del departamento respecto a la población total INAU del departamento,Soriano,2025-S2,total,5.1,porcentaje
5,Cantidad de NNA en el Sistema de Protección Especial del departamento que viven en residencia,Soriano,2020-S1,total,45.0,cantidad
5,Cantidad de NNA en el Sistema de Protección Especial del departamento que viven en residencia,Soriano,2020-S2,total,48.0,cantidad
5,Cantidad de NNA en el Sistema de Protección Especial del departamento que viven en residencia,Soriano,2021-S1,total,36.0,cantidad
5,Cantidad de NNA en el Sistema de Protección Especial del departamento que viven en residencia,Soriano,2021-S2,total,27.0,cantidad
5,Cantidad de NNA en el Sistema de Protección Especial del departamento que viven en residencia,Soriano,2022-S1,total,40.0,cantidad
5,Cantidad de NNA en el Sistema de Protección Especial del departamento que viven en residencia,Soriano,2022-S2,total,36.0,cantidad
5,Cantidad de NNA en el Sistema de Protección Especial del departamento que viven en residencia,Soriano,2023-S1,total,45.0,cantidad
5,Cantidad de NNA en el Sistema de Protección Especial del departamento que viven en residencia,Soriano,2023-S2,total,51.0,cantidad
5,Cantidad de NNA en el Sistema de Protección Especial del departamento que viven en residencia,Soriano,2024-S1,total,42.0,cantidad
5,Cantidad de NNA en el Sistema de Protección Especial del departamento que viven en residencia,Soriano,2024-S2,total,37.0,cantidad
5,Cantidad de NNA en el Sistema de Protección Especial del departamento que viven en residencia,Soriano,2025-S1,total,28.0,cantidad
5,Cantidad de NNA en el Sistema de Protección Especial del departamento que viven en residencia,Soriano,2025-S2,total,31.0,cantidad
6,Cantidad de NNA en el Sistema de Protección Especial del departamento que viven en contexto familiar,Soriano,2020-S1,total,123.0,cantidad
6,Cantidad de NNA en el Sistema de Protección Especial del departamento que viven en contexto familiar,Soriano,2020-S2,total,96.0,cantidad
6,Cantidad de NNA en el Sistema de Protección Especial del departamento que viven en contexto familiar,Soriano,2021-S1,total,117.0,cantidad
6,Cantidad de NNA en el Sistema de Protección Especial del departamento que viven en contexto familiar,Soriano,2021-S2,total,120.0,cantidad
6,Cantidad de NNA en el Sistema de Protección Especial del departamento que viven en contexto familiar,Soriano,2022-S1,total,117.0,cantidad
6,Cantidad de NNA en el Sistema de Protección Especial del departamento que viven en contexto familiar,Soriano,2022-S2,total,107.0,cantidad
6,Cantidad de NNA en el Sistema de Protección Especial del departamento que viven en contexto familiar,Soriano,2023-S1,total,109.0,cantidad
6,Cantidad de NNA en el Sistema de Protección Especial del departamento que viven en contexto familiar,Soriano,2023-S2,total,120.0,cantidad
6,Cantidad de NNA en el Sistema de Protección Especial del departamento que viven en contexto familiar,Soriano,2024-S1,total,117.0,cantidad
6,Cantidad de NNA en el Sistema de Protección Especial del departamento que viven en contexto familiar,Soriano,2024-S2,total,106.0,cantidad
6,Cantidad de NNA en el Sistema de Protección Especial del departamento que viven en contexto familiar,Soriano,2025-S1,total,115.0,cantidad
6,Cantidad de NNA en el Sistema de Protección Especial del departamento que viven en contexto familiar,Soriano,2025-S2,total,113.0,cantidad
7,Cantidad de NNA en el departamento que ingresan por primera vez al Sistema de Protección Especial,Soriano,2020-S1,total,9.0,cantidad
7,Cantidad de NNA en el departamento que ingresan por primera vez al Sistema de Protección Especial,Soriano,2020-S2,total,13.0,cantidad
7,Cantidad de NNA en el departamento que ingresan por primera vez al Sistema de Protección Especial,Soriano,2021-S1,total,18.0,cantidad
7,Cantidad de NNA en el departamento que ingresan por primera vez al Sistema de Protección Especial,Soriano,2021-S2,total,20.0,cantidad
7,Cantidad de NNA en el departamento que ingresan por primera vez al Sistema de Protección Especial,Soriano,2022-S1,total,29.0,cantidad
7,Cantidad de NNA en el departamento que ingresan por primera vez al Sistema de Protección Especial,Soriano,2022-S2,total,10.0,cantidad
7,Cantidad de NNA en el departamento que ingresan por primera vez al Sistema de Protección Especial,Soriano,2023-S1,total,25.0,cantidad
7,Cantidad de NNA en el departamento que ingresan por primera vez al Sistema de Protección Especial,Soriano,2023-S2,total,51.0,cantidad
7,Cantidad de NNA en el departamento que ingresan por primera vez al Sistema de Protección Especial,Soriano,2024-S1,total,26.0,cantidad
7,Cantidad de NNA en el departamento que ingresan por primera vez al Sistema de Protección Especial,Soriano,2024-S2,total,25.0,cantidad
7,Cantidad de NNA en el departamento que ingresan por primera vez al Sistema de Protección Especial,Soriano,2025-S1,total,12.0,cantidad
7,Cantidad de NNA en el departamento que ingresan por primera vez al Sistema de Protección Especial,Soriano,2025-S2,total,22.0,cantidad
8,"Porcentaje de NNA que ingresan por primera vez al Sistema de Protección Especial en algún proyecto del departamento, respecto al total de atendidos por el Sistema en el departamento",Soriano,2020-S1,total,4.3,porcentaje
8,"Porcentaje de NNA que ingresan por primera vez al Sistema de Protección Especial en algún proyecto del departamento, respecto al total de atendidos por el Sistema en el departamento",Soriano,2020-S2,total,7.1,porcentaje
8,"Porcentaje de NNA que ingresan por primera vez al Sistema de Protección Especial en algún proyecto del departamento, respecto al total de atendidos por el Sistema en el departamento",Soriano,2021-S1,total,10.8,porcentaje
8,"Porcentaje de NNA que ingresan por primera vez al Sistema de Protección Especial en algún proyecto del departamento, respecto al total de atendidos por el Sistema en el departamento",Soriano,2021-S2,total,11.8,porcentaje
8,"Porcentaje de NNA que ingresan por primera vez al Sistema de Protección Especial en algún proyecto del departamento, respecto al total de atendidos por el Sistema en el departamento",Soriano,2022-S1,total,15.9,porcentaje
8,"Porcentaje de NNA que ingresan por primera vez al Sistema de Protección Especial en algún proyecto del departamento, respecto al total de atendidos por el Sistema en el departamento",Soriano,2022-S2,total,6.0,porcentaje
8,"Porcentaje de NNA que ingresan por primera vez al Sistema de Protección Especial en algún proyecto del departamento, respecto al total de atendidos por el Sistema en el departamento",Soriano,2023-S1,total,14.6,porcentaje
8,"Porcentaje de NNA que ingresan por primera vez al Sistema de Protección Especial en algún proyecto del departamento, respecto al total de atendidos por el Sistema en el departamento",Soriano,2023-S2,total,25.0,porcentaje
8,"Porcentaje de NNA que ingresan por primera vez al Sistema de Protección Especial en algún proyecto del departamento, respecto al total de atendidos por el Sistema en el departamento",Soriano,2024-S1,total,12.7,porcentaje
8,"Porcentaje de NNA que ingresan por primera vez al Sistema de Protección Especial en algún proyecto del departamento, respecto al total de atendidos por el Sistema en el departamento",Soriano,2024-S2,total,13.4,porcentaje
8,"Porcentaje de NNA que ingresan por primera vez al Sistema de Protección Especial en algún proyecto del departamento, respecto al total de atendidos por el Sistema en el departamento",Soriano,2025-S1,total,7.1,porcentaje
8,"Porcentaje de NNA que ingresan por primera vez al Sistema de Protección Especial en algún proyecto del departamento, respecto al total de atendidos por el Sistema en el departamento",Soriano,2025-S2,total,12.8,porcentaje
9,Cantidad de NNA que ingresan con trayectoria anterior al Sistema de Protección Especial en el departamento,Soriano,2020-S1,total,3.0,cantidad
9,Cantidad de NNA que ingresan con trayectoria anterior al Sistema de Protección Especial en el departamento,Soriano,2020-S2,total,5.0,cantidad
9,Cantidad de NNA que ingresan con trayectoria anterior al Sistema de Protección Especial en el departamento,Soriano,2021-S1,total,6.0,cantidad
9,Cantidad de NNA que ingresan con trayectoria anterior al Sistema de Protección Especial en el departamento,Soriano,2021-S2,total,4.0,cantidad
9,Cantidad de NNA que ingresan con trayectoria anterior al Sistema de Protección Especial en el departamento,Soriano,2022-S1,total,10.0,cantidad
9,Cantidad de NNA que ingresan con trayectoria anterior al Sistema de Protección Especial en el departamento,Soriano,2022-S2,total,4.0,cantidad
9,Cantidad de NNA que ingresan con trayectoria anterior al Sistema de Protección Especial en el departamento,Soriano,2023-S1,total,7.0,cantidad
9,Cantidad de NNA que ingresan con trayectoria anterior al Sistema de Protección Especial en el departamento,Soriano,2023-S2,total,1.0,cantidad
9,Cantidad de NNA que ingresan con trayectoria anterior al Sistema de Protección Especial en el departamento,Soriano,2024-S1,total,8.0,cantidad
9,Cantidad de NNA que ingresan con trayectoria anterior al Sistema de Protección Especial en el departamento,Soriano,2024-S2,total,5.0,cantidad
9,Cantidad de NNA que ingresan con trayectoria anterior al Sistema de Protección Especial en el departamento,Soriano,2025-S1,total,12.0,cantidad
9,Cantidad de NNA que ingresan con trayectoria anterior al Sistema de Protección Especial en el departamento,Soriano,2025-S2,total,5.0,cantidad
10,Porcentaje de NNA que ingresan con trayectoria anterior al Sistema de Protección Especial en algún proyecto del departamento respecto al total de atendidos por el Sistema en el departamento,Soriano,2020-S1,total,1.4,porcentaje
10,Porcentaje de NNA que ingresan con trayectoria anterior al Sistema de Protección Especial en algún proyecto del departamento respecto al total de atendidos por el Sistema en el departamento,Soriano,2020-S2,total,2.7,porcentaje
10,Porcentaje de NNA que ingresan con trayectoria anterior al Sistema de Protección Especial en algún proyecto del departamento respecto al total de atendidos por el Sistema en el departamento,Soriano,2021-S1,total,3.6,porcentaje
10,Porcentaje de NNA que ingresan con trayectoria anterior al Sistema de Protección Especial en algún proyecto del departamento respecto al total de atendidos por el Sistema en el departamento,Soriano,2021-S2,total,2.4,porcentaje
10,Porcentaje de NNA que ingresan con trayectoria anterior al Sistema de Protección Especial en algún proyecto del departamento respecto al total de atendidos por el Sistema en el departamento,Soriano,2022-S1,total,5.5,porcentaje
10,Porcentaje de NNA que ingresan con trayectoria anterior al Sistema de Protección Especial en algún proyecto del departamento respecto al total de atendidos por el Sistema en el departamento,Soriano,2022-S2,total,2.4,porcentaje
10,Porcentaje de NNA que ingresan con trayectoria anterior al Sistema de Protección Especial en algún proyecto del departamento respecto al total de atendidos por el Sistema en el departamento,Soriano,2023-S1,total,4.1,porcentaje
10,Porcentaje de NNA que ingresan con trayectoria anterior al Sistema de Protección Especial en algún proyecto del departamento respecto al total de atendidos por el Sistema en el departamento,Soriano,2023-S2,total,0.5,porcentaje
10,Porcentaje de NNA que ingresan con trayectoria anterior al Sistema de Protección Especial en algún proyecto del departamento respecto al total de atendidos por el Sistema en el departamento,Soriano,2024-S1,total,3.9,porcentaje
10,Porcentaje de NNA que ingresan con trayectoria anterior al Sistema de Protección Especial en algún proyecto del departamento respecto al total de atendidos por el Sistema en el departamento,Soriano,2024-S2,total,2.7,porcentaje
10,Porcentaje de NNA que ingresan con trayectoria anterior al Sistema de Protección Especial en algún proyecto del departamento respecto al total de atendidos por el Sistema en el departamento,Soriano,2025-S1,total,7.1,porcentaje
10,Porcentaje de NNA que ingresan con trayectoria anterior al Sistema de Protección Especial en algún proyecto del departamento respecto al total de atendidos por el Sistema en el departamento,Soriano,2025-S2,total,2.9,porcentaje
11,Cantidad de NNA que egresan del Sistema de Protección Especial en el departamento,Soriano,2020-S1,total,40.0,cantidad
11,Cantidad de NNA que egresan del Sistema de Protección Especial en el departamento,Soriano,2020-S2,total,47.0,cantidad
11,Cantidad de NNA que egresan del Sistema de Protección Especial en el departamento,Soriano,2021-S1,total,22.0,cantidad
11,Cantidad de NNA que egresan del Sistema de Protección Especial en el departamento,Soriano,2021-S2,total,31.0,cantidad
11,Cantidad de NNA que egresan del Sistema de Protección Especial en el departamento,Soriano,2022-S1,total,33.0,cantidad
11,Cantidad de NNA que egresan del Sistema de Protección Especial en el departamento,Soriano,2022-S2,total,31.0,cantidad
11,Cantidad de NNA que egresan del Sistema de Protección Especial en el departamento,Soriano,2023-S1,total,24.0,cantidad
11,Cantidad de NNA que egresan del Sistema de Protección Especial en el departamento,Soriano,2023-S2,total,48.0,cantidad
11,Cantidad de NNA que egresan del Sistema de Protección Especial en el departamento,Soriano,2024-S1,total,55.0,cantidad
11,Cantidad de NNA que egresan del Sistema de Protección Especial en el departamento,Soriano,2024-S2,total,47.0,cantidad
11,Cantidad de NNA que egresan del Sistema de Protección Especial en el departamento,Soriano,2025-S1,total,26.0,cantidad
11,Cantidad de NNA que egresan del Sistema de Protección Especial en el departamento,Soriano,2025-S2,total,26.0,cantidad
12,Cantidad de NNA que egresan del Sistema de Protección Especial en el departamento según tiempos de permanencia en el Sistema,Soriano,2020-S1,total,40.0,cantidad
12,Cantidad de NNA que egresan del Sistema de Protección Especial en el departamento según tiempos de permanencia en el Sistema,Soriano,2020-S2,total,47.0,cantidad
12,Cantidad de NNA que egresan del Sistema de Protección Especial en el departamento según tiempos de permanencia en el Sistema,Soriano,2021-S1,total,22.0,cantidad
12,Cantidad de NNA que egresan del Sistema de Protección Especial en el departamento según tiempos de permanencia en el Sistema,Soriano,2021-S2,total,31.0,cantidad
12,Cantidad de NNA que egresan del Sistema de Protección Especial en el departamento según tiempos de permanencia en el Sistema,Soriano,2022-S1,total,33.0,cantidad
12,Cantidad de NNA que egresan del Sistema de Protección Especial en el departamento según tiempos de permanencia en el Sistema,Soriano,2022-S2,total,31.0,cantidad
12,Cantidad de NNA que egresan del Sistema de Protección Especial en el departamento según tiempos de permanencia en el Sistema,Soriano,2023-S1,total,24.0,cantidad
12,Cantidad de NNA que egresan del Sistema de Protección Especial en el departamento según tiempos de permanencia en el Sistema,Soriano,2023-S2,total,48.0,cantidad
12,Cantidad de NNA que egresan del Sistema de Protección Especial en el departamento según tiempos de permanencia en el Sistema,Soriano,2024-S1,total,55.0,cantidad
12,Cantidad de NNA que egresan del Sistema de Protección Especial en el departamento según tiempos de permanencia en el Sistema,Soriano,2024-S2,total,47.0,cantidad
12,Cantidad de NNA que egresan del Sistema de Protección Especial en el departamento según tiempos de permanencia en el Sistema,Soriano,2025-S1,total,26.0,cantidad
12,Cantidad de NNA que egresan del Sistema de Protección Especial en el departamento según tiempos de permanencia en el Sistema,Soriano,2025-S2,total,26.0,cantidad
13,Cantidad de NNA que egresan del Sistema de Protección Especial en el departamento según tiempos de permanencia en la intervención,Soriano,2020-S1,total,40.0,cantidad
13,Cantidad de NNA que egresan del Sistema de Protección Especial en el departamento según tiempos de permanencia en la intervención,Soriano,2020-S2,total,47.0,cantidad
13,Cantidad de NNA que egresan del Sistema de Protección Especial en el departamento según tiempos de permanencia en la intervención,Soriano,2021-S1,total,22.0,cantidad
13,Cantidad de NNA que egresan del Sistema de Protección Especial en el departamento según tiempos de permanencia en la intervención,Soriano,2021-S2,total,31.0,cantidad
13,Cantidad de NNA que egresan del Sistema de Protección Especial en el departamento según tiempos de permanencia en la intervención,Soriano,2022-S1,total,33.0,cantidad
13,Cantidad de NNA que egresan del Sistema de Protección Especial en el departamento según tiempos de permanencia en la intervención,Soriano,2022-S2,total,31.0,cantidad
13,Cantidad de NNA que egresan del Sistema de Protección Especial en el departamento según tiempos de permanencia en la intervención,Soriano,2023-S1,total,24.0,cantidad
13,Cantidad de NNA que egresan del Sistema de Protección Especial en el departamento según tiempos de permanencia en la intervención,Soriano,2023-S2,total,48.0,cantidad
13,Cantidad de NNA que egresan del Sistema de Protección Especial en el departamento según tiempos de permanencia en la intervención,Soriano,2024-S1,total,55.0,cantidad
13,Cantidad de NNA que egresan del Sistema de Protección Especial en el departamento según tiempos de permanencia en la intervención,Soriano,2024-S2,total,47.0,cantidad
13,Cantidad de NNA que egresan del Sistema de Protección Especial en el departamento según tiempos de permanencia en la intervención,Soriano,2025-S1,total,26.0,cantidad
13,Cantidad de NNA que egresan del Sistema de Protección Especial en el departamento según tiempos de permanencia en la intervención,Soriano,2025-S2,total,26.0,cantidad
14,Cantidad de NNA que dejan de vivir en residencias en el departamento para vivir con una familia,Soriano,2020-S1,total,21.0,cantidad
14,Cantidad de NNA que dejan de vivir en residencias en el departamento para vivir con una familia,Soriano,2020-S2,total,23.0,cantidad
14,Cantidad de NNA que dejan de vivir en residencias en el departamento para vivir con una familia,Soriano,2021-S1,total,16.0,cantidad
14,Cantidad de NNA que dejan de vivir en residencias en el departamento para vivir con una familia,Soriano,2021-S2,total,30.0,cantidad
14,Cantidad de NNA que dejan de vivir en residencias en el departamento para vivir con una familia,Soriano,2022-S1,total,24.0,cantidad
14,Cantidad de NNA que dejan de vivir en residencias en el departamento para vivir con una familia,Soriano,2022-S2,total,44.0,cantidad
14,Cantidad de NNA que dejan de vivir en residencias en el departamento para vivir con una familia,Soriano,2023-S1,total,17.0,cantidad
14,Cantidad de NNA que dejan de vivir en residencias en el departamento para vivir con una familia,Soriano,2023-S2,total,47.0,cantidad
14,Cantidad de NNA que dejan de vivir en residencias en el departamento para vivir con una familia,Soriano,2024-S1,total,41.0,cantidad
14,Cantidad de NNA que dejan de vivir en residencias en el departamento para vivir con una familia,Soriano,2024-S2,total,32.0,cantidad
14,Cantidad de NNA que dejan de vivir en residencias en el departamento para vivir con una familia,Soriano,2025-S1,total,30.0,cantidad
14,Cantidad de NNA que dejan de vivir en residencias en el departamento para vivir con una familia,Soriano,2025-S2,total,33.0,cantidad
15,Cantidad de NNA con condición de adoptabilidad en el departamento,Soriano,2020-S1,total,8.0,cantidad
15,Cantidad de NNA con condición de adoptabilidad en el departamento,Soriano,2020-S2,total,9.0,cantidad
15,Cantidad de NNA con condición de adoptabilidad en el departamento,Soriano,2021-S1,total,7.0,cantidad
15,Cantidad de NNA con condición de adoptabilidad en el departamento,Soriano,2021-S2,total,5.0,cantidad
15,Cantidad de NNA con condición de adoptabilidad en el departamento,Soriano,2022-S1,total,7.0,cantidad
15,Cantidad de NNA con condición de adoptabilidad en el departamento,Soriano,2022-S2,total,7.0,cantidad
15,Cantidad de NNA con condición de adoptabilidad en el departamento,Soriano,2023-S1,total,6.0,cantidad
15,Cantidad de NNA con condición de adoptabilidad en el departamento,Soriano,2023-S2,total,10.0,cantidad
15,Cantidad de NNA con condición de adoptabilidad en el departamento,Soriano,2024-S1,total,13.0,cantidad
15,Cantidad de NNA con condición de adoptabilidad en el departamento,Soriano,2024-S2,total,12.0,cantidad
15,Cantidad de NNA con condición de adoptabilidad en el departamento,Soriano,2025-S1,total,7.0,cantidad
15,Cantidad de NNA con condición de adoptabilidad en el departamento,Soriano,2025-S2,total,5.0,cantidad
16,"Porcentaje de NNA con condición de adoptabilidad en el departamento, respecto al total de NNA atendidos por el Sistema de Protección Especial en el departamento",Soriano,2020-S1,total,3.8,porcentaje
16,"Porcentaje de NNA con condición de adoptabilidad en el departamento, respecto al total de NNA atendidos por el Sistema de Protección Especial en el departamento",Soriano,2020-S2,total,4.9,porcentaje
16,"Porcentaje de NNA con condición de adoptabilidad en el departamento, respecto al total de NNA atendidos por el Sistema de Protección Especial en el departamento",Soriano,2021-S1,total,4.2,porcentaje
16,"Porcentaje de NNA con condición de adoptabilidad en el departamento, respecto al total de NNA atendidos por el Sistema de Protección Especial en el departamento",Soriano,2021-S2,total,2.9,porcentaje
16,"Porcentaje de NNA con condición de adoptabilidad en el departamento, respecto al total de NNA atendidos por el Sistema de Protección Especial en el departamento",Soriano,2022-S1,total,3.8,porcentaje
16,"Porcentaje de NNA con condición de adoptabilidad en el departamento, respecto al total de NNA atendidos por el Sistema de Protección Especial en el departamento",Soriano,2022-S2,total,4.2,porcentaje
16,"Porcentaje de NNA con condición de adoptabilidad en el departamento, respecto al total de NNA atendidos por el Sistema de Protección Especial en el departamento",Soriano,2023-S1,total,3.5,porcentaje
16,"Porcentaje de NNA con condición de adoptabilidad en el departamento, respecto al total de NNA atendidos por el Sistema de Protección Especial en el departamento",Soriano,2023-S2,total,4.9,porcentaje
16,"Porcentaje de NNA con condición de adoptabilidad en el departamento, respecto al total de NNA atendidos por el Sistema de Protección Especial en el departamento",Soriano,2024-S1,total,6.4,porcentaje
16,"Porcentaje de NNA con condición de adoptabilidad en el departamento, respecto al total de NNA atendidos por el Sistema de Protección Especial en el departamento",Soriano,2024-S2,total,6.5,porcentaje
16,"Porcentaje de NNA con condición de adoptabilidad en el departamento, respecto al total de NNA atendidos por el Sistema de Protección Especial en el departamento",Soriano,2025-S1,total,4.2,porcentaje
16,"Porcentaje de NNA con condición de adoptabilidad en el departamento, respecto al total de NNA atendidos por el Sistema de Protección Especial en el departamento",Soriano,2025-S2,total,2.9,porcentaje
17,Cantidad de NNA con condición de adoptabilidad en el departamento que pasa a seguimiento de tenencia,Soriano,2020-S1,total,1.0,cantidad
17,Cantidad de NNA con condición de adoptabilidad en el departamento que pasa a seguimiento de tenencia,Soriano,2020-S2,total,2.0,cantidad
17,Cantidad de NNA con condición de adoptabilidad en el departamento que pasa a seguimiento de tenencia,Soriano,2021-S1,total,1.0,cantidad
17,Cantidad de NNA con condición de adoptabilidad en el departamento que pasa a seguimiento de tenencia,Soriano,2021-S2,total,0.0,cantidad
17,Cantidad de NNA con condición de adoptabilidad en el departamento que pasa a seguimiento de tenencia,Soriano,2022-S1,total,0.0,cantidad
17,Cantidad de NNA con condición de adoptabilidad en el departamento que pasa a seguimiento de tenencia,Soriano,2022-S2,total,2.0,cantidad
17,Cantidad de NNA con condición de adoptabilidad en el departamento que pasa a seguimiento de tenencia,Soriano,2023-S1,total,1.0,cantidad
17,Cantidad de NNA con condición de adoptabilidad en el departamento que pasa a seguimiento de tenencia,Soriano,2023-S2,total,1.0,cantidad
17,Cantidad de NNA con condición de adoptabilidad en el departamento que pasa a seguimiento de tenencia,Soriano,2024-S1,total,3.0,cantidad
17,Cantidad de NNA con condición de adoptabilidad en el departamento que pasa a seguimiento de tenencia,Soriano,2024-S2,total,4.0,cantidad
17,Cantidad de NNA con condición de adoptabilidad en el departamento que pasa a seguimiento de tenencia,Soriano,2025-S1,total,0.0,cantidad
17,Cantidad de NNA con condición de adoptabilidad en el departamento que pasa a seguimiento de tenencia,Soriano,2025-S2,total,0.0,cantidad
19,Cantidad de NNA atendidos por el Sistema de Protección Especial en el departamento que tiene Proyecto de Atención Integral (PAI),Soriano,2020-S1,total,0.0,cantidad
19,Cantidad de NNA atendidos por el Sistema de Protección Especial en el departamento que tiene Proyecto de Atención Integral (PAI),Soriano,2020-S2,total,0.0,cantidad
19,Cantidad de NNA atendidos por el Sistema de Protección Especial en el departamento que tiene Proyecto de Atención Integral (PAI),Soriano,2021-S1,total,1.0,cantidad
19,Cantidad de NNA atendidos por el Sistema de Protección Especial en el departamento que tiene Proyecto de Atención Integral (PAI),Soriano,2021-S2,total,1.0,cantidad
19,Cantidad de NNA atendidos por el Sistema de Protección Especial en el departamento que tiene Proyecto de Atención Integral (PAI),Soriano,2022-S1,total,0.0,cantidad
19,Cantidad de NNA atendidos por el Sistema de Protección Especial en el departamento que tiene Proyecto de Atención Integral (PAI),Soriano,2022-S2,total,0.0,cantidad
19,Cantidad de NNA atendidos por el Sistema de Protección Especial en el departamento que tiene Proyecto de Atención Integral (PAI),Soriano,2023-S1,total,0.0,cantidad
19,Cantidad de NNA atendidos por el Sistema de Protección Especial en el departamento que tiene Proyecto de Atención Integral (PAI),Soriano,2023-S2,total,0.0,cantidad
19,Cantidad de NNA atendidos por el Sistema de Protección Especial en el departamento que tiene Proyecto de Atención Integral (PAI),Soriano,2024-S1,total,0.0,cantidad
19,Cantidad de NNA atendidos por el Sistema de Protección Especial en el departamento que tiene Proyecto de Atención Integral (PAI),Soriano,2024-S2,total,0.0,cantidad
19,Cantidad de NNA atendidos por el Sistema de Protección Especial en el departamento que tiene Proyecto de Atención Integral (PAI),Soriano,2025-S1,total,0.0,cantidad
19,Cantidad de NNA atendidos por el Sistema de Protección Especial en el departamento que tiene Proyecto de Atención Integral (PAI),Soriano,2025-S2,total,0.0,cantidad
20,"Cantidad de NN de 0 a 5 años atendidos por el Sistema de Protección Especial en el departamento, inscriptos en centros de educación y cuidado",Soriano,2021-S1,total,23.0,cantidad
20,"Cantidad de NN de 0 a 5 años atendidos por el Sistema de Protección Especial en el departamento, inscriptos en centros de educación y cuidado",Soriano,2021-S2,total,24.0,cantidad
20,"Cantidad de NN de 0 a 5 años atendidos por el Sistema de Protección Especial en el departamento, inscriptos en centros de educación y cuidado",Soriano,2022-S1,total,29.0,cantidad
20,"Cantidad de NN de 0 a 5 años atendidos por el Sistema de Protección Especial en el departamento, inscriptos en centros de educación y cuidado",Soriano,2022-S2,total,20.0,cantidad
20,"Cantidad de NN de 0 a 5 años atendidos por el Sistema de Protección Especial en el departamento, inscriptos en centros de educación y cuidado",Soriano,2023-S1,total,23.0,cantidad
20,"Cantidad de NN de 0 a 5 años atendidos por el Sistema de Protección Especial en el departamento, inscriptos en centros de educación y cuidado",Soriano,2023-S2,total,23.0,cantidad
20,"Cantidad de NN de 0 a 5 años atendidos por el Sistema de Protección Especial en el departamento, inscriptos en centros de educación y cuidado",Soriano,2024-S1,total,23.0,cantidad
20,"Cantidad de NN de 0 a 5 años atendidos por el Sistema de Protección Especial en el departamento, inscriptos en centros de educación y cuidado",Soriano,2024-S2,total,20.0,cantidad
20,"Cantidad de NN de 0 a 5 años atendidos por el Sistema de Protección Especial en el departamento, inscriptos en centros de educación y cuidado",Soriano,2025-S1,total,16.0,cantidad
20,"Cantidad de NN de 0 a 5 años atendidos por el Sistema de Protección Especial en el departamento, inscriptos en centros de educación y cuidado",Soriano,2025-S2,total,18.0,cantidad
21,"Cantidad de NNA de 6 a 17 años atendidos por el Sistema de Protección Especial en el departamento, inscriptos en centros de educación formal",Soriano,2021-S1,total,104.0,cantidad
21,"Cantidad de NNA de 6 a 17 años atendidos por el Sistema de Protección Especial en el departamento, inscriptos en centros de educación formal",Soriano,2021-S2,total,105.0,cantidad
21,"Cantidad de NNA de 6 a 17 años atendidos por el Sistema de Protección Especial en el departamento, inscriptos en centros de educación formal",Soriano,2022-S1,total,110.0,cantidad
21,"Cantidad de NNA de 6 a 17 años atendidos por el Sistema de Protección Especial en el departamento, inscriptos en centros de educación formal",Soriano,2022-S2,total,109.0,cantidad
21,"Cantidad de NNA de 6 a 17 años atendidos por el Sistema de Protección Especial en el departamento, inscriptos en centros de educación formal",Soriano,2023-S1,total,120.0,cantidad
21,"Cantidad de NNA de 6 a 17 años atendidos por el Sistema de Protección Especial en el departamento, inscriptos en centros de educación formal",Soriano,2023-S2,total,123.0,cantidad
21,"Cantidad de NNA de 6 a 17 años atendidos por el Sistema de Protección Especial en el departamento, inscriptos en centros de educación formal",Soriano,2024-S1,total,117.0,cantidad
21,"Cantidad de NNA de 6 a 17 años atendidos por el Sistema de Protección Especial en el departamento, inscriptos en centros de educación formal",Soriano,2024-S2,total,105.0,cantidad
21,"Cantidad de NNA de 6 a 17 años atendidos por el Sistema de Protección Especial en el departamento, inscriptos en centros de educación formal",Soriano,2025-S1,total,113.0,cantidad
21,"Cantidad de NNA de 6 a 17 años atendidos por el Sistema de Protección Especial en el departamento, inscriptos en centros de educación formal",Soriano,2025-S2,total,110.0,cantidad
23,Cantidad de NNA atendidos por el Sistema de Protección Especial en el departamento con controles médicos al día,Soriano,2020-S1,total,134.0,cantidad
23,Cantidad de NNA atendidos por el Sistema de Protección Especial en el departamento con controles médicos al día,Soriano,2020-S2,total,71.0,cantidad
23,Cantidad de NNA atendidos por el Sistema de Protección Especial en el departamento con controles médicos al día,Soriano,2021-S1,total,99.0,cantidad
23,Cantidad de NNA atendidos por el Sistema de Protección Especial en el departamento con controles médicos al día,Soriano,2021-S2,total,104.0,cantidad
23,Cantidad de NNA atendidos por el Sistema de Protección Especial en el departamento con controles médicos al día,Soriano,2022-S1,total,108.0,cantidad
23,Cantidad de NNA atendidos por el Sistema de Protección Especial en el departamento con controles médicos al día,Soriano,2022-S2,total,103.0,cantidad
23,Cantidad de NNA atendidos por el Sistema de Protección Especial en el departamento con controles médicos al día,Soriano,2023-S1,total,130.0,cantidad
23,Cantidad de NNA atendidos por el Sistema de Protección Especial en el departamento con controles médicos al día,Soriano,2023-S2,total,100.0,cantidad
23,Cantidad de NNA atendidos por el Sistema de Protección Especial en el departamento con controles médicos al día,Soriano,2024-S1,total,123.0,cantidad
23,Cantidad de NNA atendidos por el Sistema de Protección Especial en el departamento con controles médicos al día,Soriano,2024-S2,total,100.0,cantidad
23,Cantidad de NNA atendidos por el Sistema de Protección Especial en el departamento con controles médicos al día,Soriano,2025-S1,total,113.0,cantidad
23,Cantidad de NNA atendidos por el Sistema de Protección Especial en el departamento con controles médicos al día,Soriano,2025-S2,total,90.0,cantidad
24,Cantidad de NNA atendidos por el Sistema de Protección Especial en el departamento con vacunas al día,Soriano,2020-S1,total,157.0,cantidad
24,Cantidad de NNA atendidos por el Sistema de Protección Especial en el departamento con vacunas al día,Soriano,2020-S2,total,121.0,cantidad
24,Cantidad de NNA atendidos por el Sistema de Protección Especial en el departamento con vacunas al día,Soriano,2021-S1,total,138.0,cantidad
24,Cantidad de NNA atendidos por el Sistema de Protección Especial en el departamento con vacunas al día,Soriano,2021-S2,total,135.0,cantidad
24,Cantidad de NNA atendidos por el Sistema de Protección Especial en el departamento con vacunas al día,Soriano,2022-S1,total,131.0,cantidad
24,Cantidad de NNA atendidos por el Sistema de Protección Especial en el departamento con vacunas al día,Soriano,2022-S2,total,127.0,cantidad
24,Cantidad de NNA atendidos por el Sistema de Protección Especial en el departamento con vacunas al día,Soriano,2023-S1,total,142.0,cantidad
24,Cantidad de NNA atendidos por el Sistema de Protección Especial en el departamento con vacunas al día,Soriano,2023-S2,total,148.0,cantidad
24,Cantidad de NNA atendidos por el Sistema de Protección Especial en el departamento con vacunas al día,Soriano,2024-S1,total,146.0,cantidad
24,Cantidad de NNA atendidos por el Sistema de Protección Especial en el departamento con vacunas al día,Soriano,2024-S2,total,125.0,cantidad
24,Cantidad de NNA atendidos por el Sistema de Protección Especial en el departamento con vacunas al día,Soriano,2025-S1,total,131.0,cantidad
24,Cantidad de NNA atendidos por el Sistema de Protección Especial en el departamento con vacunas al día,Soriano,2025-S2,total,127.0,cantidad
1,Cantidad de NNA atendidos en algún proyecto del Sistema de Protección Especial del departamento,Tacuarembó,2020-S1,total,127.0,cantidad
1,Cantidad de NNA atendidos en algún proyecto del Sistema de Protección Especial del departamento,Tacuarembó,2020-S2,total,123.0,cantidad
1,Cantidad de NNA atendidos en algún proyecto del Sistema de Protección Especial del departamento,Tacuarembó,2021-S1,total,128.0,cantidad
1,Cantidad de NNA atendidos en algún proyecto del Sistema de Protección Especial del departamento,Tacuarembó,2021-S2,total,139.0,cantidad
1,Cantidad de NNA atendidos en algún proyecto del Sistema de Protección Especial del departamento,Tacuarembó,2022-S1,total,148.0,cantidad
1,Cantidad de NNA atendidos en algún proyecto del Sistema de Protección Especial del departamento,Tacuarembó,2022-S2,total,164.0,cantidad
1,Cantidad de NNA atendidos en algún proyecto del Sistema de Protección Especial del departamento,Tacuarembó,2023-S1,total,169.0,cantidad
1,Cantidad de NNA atendidos en algún proyecto del Sistema de Protección Especial del departamento,Tacuarembó,2023-S2,total,168.0,cantidad
1,Cantidad de NNA atendidos en algún proyecto del Sistema de Protección Especial del departamento,Tacuarembó,2024-S1,total,182.0,cantidad
1,Cantidad de NNA atendidos en algún proyecto del Sistema de Protección Especial del departamento,Tacuarembó,2024-S2,total,181.0,cantidad
1,Cantidad de NNA atendidos en algún proyecto del Sistema de Protección Especial del departamento,Tacuarembó,2025-S1,total,172.0,cantidad
1,Cantidad de NNA atendidos en algún proyecto del Sistema de Protección Especial del departamento,Tacuarembó,2025-S2,total,165.0,cantidad
2,Porcentaje de NNA atendidos en algún proyecto del Sistema de Protección Especial del departamento respecto a la población total INAU del departamento,Tacuarembó,2020-S1,total,4.3,porcentaje
2,Porcentaje de NNA atendidos en algún proyecto del Sistema de Protección Especial del departamento respecto a la población total INAU del departamento,Tacuarembó,2020-S2,total,4.2,porcentaje
2,Porcentaje de NNA atendidos en algún proyecto del Sistema de Protección Especial del departamento respecto a la población total INAU del departamento,Tacuarembó,2021-S1,total,4.3,porcentaje
2,Porcentaje de NNA atendidos en algún proyecto del Sistema de Protección Especial del departamento respecto a la población total INAU del departamento,Tacuarembó,2021-S2,total,4.5,porcentaje
2,Porcentaje de NNA atendidos en algún proyecto del Sistema de Protección Especial del departamento respecto a la población total INAU del departamento,Tacuarembó,2022-S1,total,5.0,porcentaje
2,Porcentaje de NNA atendidos en algún proyecto del Sistema de Protección Especial del departamento respecto a la población total INAU del departamento,Tacuarembó,2022-S2,total,5.4,porcentaje
2,Porcentaje de NNA atendidos en algún proyecto del Sistema de Protección Especial del departamento respecto a la población total INAU del departamento,Tacuarembó,2023-S1,total,5.6,porcentaje
2,Porcentaje de NNA atendidos en algún proyecto del Sistema de Protección Especial del departamento respecto a la población total INAU del departamento,Tacuarembó,2023-S2,total,5.4,porcentaje
2,Porcentaje de NNA atendidos en algún proyecto del Sistema de Protección Especial del departamento respecto a la población total INAU del departamento,Tacuarembó,2024-S1,total,5.9,porcentaje
2,Porcentaje de NNA atendidos en algún proyecto del Sistema de Protección Especial del departamento respecto a la población total INAU del departamento,Tacuarembó,2024-S2,total,5.6,porcentaje
2,Porcentaje de NNA atendidos en algún proyecto del Sistema de Protección Especial del departamento respecto a la población total INAU del departamento,Tacuarembó,2025-S1,total,5.5,porcentaje
2,Porcentaje de NNA atendidos en algún proyecto del Sistema de Protección Especial del departamento respecto a la población total INAU del departamento,Tacuarembó,2025-S2,total,5.2,porcentaje
5,Cantidad de NNA en el Sistema de Protección Especial del departamento que viven en residencia,Tacuarembó,2020-S1,total,34.0,cantidad
5,Cantidad de NNA en el Sistema de Protección Especial del departamento que viven en residencia,Tacuarembó,2020-S2,total,40.0,cantidad
5,Cantidad de NNA en el Sistema de Protección Especial del departamento que viven en residencia,Tacuarembó,2021-S1,total,17.0,cantidad
5,Cantidad de NNA en el Sistema de Protección Especial del departamento que viven en residencia,Tacuarembó,2021-S2,total,21.0,cantidad
5,Cantidad de NNA en el Sistema de Protección Especial del departamento que viven en residencia,Tacuarembó,2022-S1,total,30.0,cantidad
5,Cantidad de NNA en el Sistema de Protección Especial del departamento que viven en residencia,Tacuarembó,2022-S2,total,34.0,cantidad
5,Cantidad de NNA en el Sistema de Protección Especial del departamento que viven en residencia,Tacuarembó,2023-S1,total,37.0,cantidad
5,Cantidad de NNA en el Sistema de Protección Especial del departamento que viven en residencia,Tacuarembó,2023-S2,total,36.0,cantidad
5,Cantidad de NNA en el Sistema de Protección Especial del departamento que viven en residencia,Tacuarembó,2024-S1,total,49.0,cantidad
5,Cantidad de NNA en el Sistema de Protección Especial del departamento que viven en residencia,Tacuarembó,2024-S2,total,57.0,cantidad
5,Cantidad de NNA en el Sistema de Protección Especial del departamento que viven en residencia,Tacuarembó,2025-S1,total,46.0,cantidad
5,Cantidad de NNA en el Sistema de Protección Especial del departamento que viven en residencia,Tacuarembó,2025-S2,total,37.0,cantidad
6,Cantidad de NNA en el Sistema de Protección Especial del departamento que viven en contexto familiar,Tacuarembó,2020-S1,total,93.0,cantidad
6,Cantidad de NNA en el Sistema de Protección Especial del departamento que viven en contexto familiar,Tacuarembó,2020-S2,total,83.0,cantidad
6,Cantidad de NNA en el Sistema de Protección Especial del departamento que viven en contexto familiar,Tacuarembó,2021-S1,total,111.0,cantidad
6,Cantidad de NNA en el Sistema de Protección Especial del departamento que viven en contexto familiar,Tacuarembó,2021-S2,total,118.0,cantidad
6,Cantidad de NNA en el Sistema de Protección Especial del departamento que viven en contexto familiar,Tacuarembó,2022-S1,total,118.0,cantidad
6,Cantidad de NNA en el Sistema de Protección Especial del departamento que viven en contexto familiar,Tacuarembó,2022-S2,total,130.0,cantidad
6,Cantidad de NNA en el Sistema de Protección Especial del departamento que viven en contexto familiar,Tacuarembó,2023-S1,total,132.0,cantidad
6,Cantidad de NNA en el Sistema de Protección Especial del departamento que viven en contexto familiar,Tacuarembó,2023-S2,total,132.0,cantidad
6,Cantidad de NNA en el Sistema de Protección Especial del departamento que viven en contexto familiar,Tacuarembó,2024-S1,total,133.0,cantidad
6,Cantidad de NNA en el Sistema de Protección Especial del departamento que viven en contexto familiar,Tacuarembó,2024-S2,total,124.0,cantidad
6,Cantidad de NNA en el Sistema de Protección Especial del departamento que viven en contexto familiar,Tacuarembó,2025-S1,total,126.0,cantidad
6,Cantidad de NNA en el Sistema de Protección Especial del departamento que viven en contexto familiar,Tacuarembó,2025-S2,total,128.0,cantidad
7,Cantidad de NNA en el departamento que ingresan por primera vez al Sistema de Protección Especial,Tacuarembó,2020-S1,total,17.0,cantidad
7,Cantidad de NNA en el departamento que ingresan por primera vez al Sistema de Protección Especial,Tacuarembó,2020-S2,total,22.0,cantidad
7,Cantidad de NNA en el departamento que ingresan por primera vez al Sistema de Protección Especial,Tacuarembó,2021-S1,total,17.0,cantidad
7,Cantidad de NNA en el departamento que ingresan por primera vez al Sistema de Protección Especial,Tacuarembó,2021-S2,total,26.0,cantidad
7,Cantidad de NNA en el departamento que ingresan por primera vez al Sistema de Protección Especial,Tacuarembó,2022-S1,total,42.0,cantidad
7,Cantidad de NNA en el departamento que ingresan por primera vez al Sistema de Protección Especial,Tacuarembó,2022-S2,total,39.0,cantidad
7,Cantidad de NNA en el departamento que ingresan por primera vez al Sistema de Protección Especial,Tacuarembó,2023-S1,total,31.0,cantidad
7,Cantidad de NNA en el departamento que ingresan por primera vez al Sistema de Protección Especial,Tacuarembó,2023-S2,total,25.0,cantidad
7,Cantidad de NNA en el departamento que ingresan por primera vez al Sistema de Protección Especial,Tacuarembó,2024-S1,total,42.0,cantidad
7,Cantidad de NNA en el departamento que ingresan por primera vez al Sistema de Protección Especial,Tacuarembó,2024-S2,total,33.0,cantidad
7,Cantidad de NNA en el departamento que ingresan por primera vez al Sistema de Protección Especial,Tacuarembó,2025-S1,total,12.0,cantidad
7,Cantidad de NNA en el departamento que ingresan por primera vez al Sistema de Protección Especial,Tacuarembó,2025-S2,total,37.0,cantidad
8,"Porcentaje de NNA que ingresan por primera vez al Sistema de Protección Especial en algún proyecto del departamento, respecto al total de atendidos por el Sistema en el departamento",Tacuarembó,2020-S1,total,11.2,porcentaje
8,"Porcentaje de NNA que ingresan por primera vez al Sistema de Protección Especial en algún proyecto del departamento, respecto al total de atendidos por el Sistema en el departamento",Tacuarembó,2020-S2,total,13.8,porcentaje
8,"Porcentaje de NNA que ingresan por primera vez al Sistema de Protección Especial en algún proyecto del departamento, respecto al total de atendidos por el Sistema en el departamento",Tacuarembó,2021-S1,total,11.3,porcentaje
8,"Porcentaje de NNA que ingresan por primera vez al Sistema de Protección Especial en algún proyecto del departamento, respecto al total de atendidos por el Sistema en el departamento",Tacuarembó,2021-S2,total,15.9,porcentaje
8,"Porcentaje de NNA que ingresan por primera vez al Sistema de Protección Especial en algún proyecto del departamento, respecto al total de atendidos por el Sistema en el departamento",Tacuarembó,2022-S1,total,22.1,porcentaje
8,"Porcentaje de NNA que ingresan por primera vez al Sistema de Protección Especial en algún proyecto del departamento, respecto al total de atendidos por el Sistema en el departamento",Tacuarembó,2022-S2,total,19.4,porcentaje
8,"Porcentaje de NNA que ingresan por primera vez al Sistema de Protección Especial en algún proyecto del departamento, respecto al total de atendidos por el Sistema en el departamento",Tacuarembó,2023-S1,total,15.3,porcentaje
8,"Porcentaje de NNA que ingresan por primera vez al Sistema de Protección Especial en algún proyecto del departamento, respecto al total de atendidos por el Sistema en el departamento",Tacuarembó,2023-S2,total,12.1,porcentaje
8,"Porcentaje de NNA que ingresan por primera vez al Sistema de Protección Especial en algún proyecto del departamento, respecto al total de atendidos por el Sistema en el departamento",Tacuarembó,2024-S1,total,19.0,porcentaje
8,"Porcentaje de NNA que ingresan por primera vez al Sistema de Protección Especial en algún proyecto del departamento, respecto al total de atendidos por el Sistema en el departamento",Tacuarembó,2024-S2,total,13.9,porcentaje
8,"Porcentaje de NNA que ingresan por primera vez al Sistema de Protección Especial en algún proyecto del departamento, respecto al total de atendidos por el Sistema en el departamento",Tacuarembó,2025-S1,total,4.9,porcentaje
8,"Porcentaje de NNA que ingresan por primera vez al Sistema de Protección Especial en algún proyecto del departamento, respecto al total de atendidos por el Sistema en el departamento",Tacuarembó,2025-S2,total,14.2,porcentaje
9,Cantidad de NNA que ingresan con trayectoria anterior al Sistema de Protección Especial en el departamento,Tacuarembó,2020-S1,total,11.0,cantidad
9,Cantidad de NNA que ingresan con trayectoria anterior al Sistema de Protección Especial en el departamento,Tacuarembó,2020-S2,total,9.0,cantidad
9,Cantidad de NNA que ingresan con trayectoria anterior al Sistema de Protección Especial en el departamento,Tacuarembó,2021-S1,total,7.0,cantidad
9,Cantidad de NNA que ingresan con trayectoria anterior al Sistema de Protección Especial en el departamento,Tacuarembó,2021-S2,total,7.0,cantidad
9,Cantidad de NNA que ingresan con trayectoria anterior al Sistema de Protección Especial en el departamento,Tacuarembó,2022-S1,total,6.0,cantidad
9,Cantidad de NNA que ingresan con trayectoria anterior al Sistema de Protección Especial en el departamento,Tacuarembó,2022-S2,total,8.0,cantidad
9,Cantidad de NNA que ingresan con trayectoria anterior al Sistema de Protección Especial en el departamento,Tacuarembó,2023-S1,total,10.0,cantidad
9,Cantidad de NNA que ingresan con trayectoria anterior al Sistema de Protección Especial en el departamento,Tacuarembó,2023-S2,total,7.0,cantidad
9,Cantidad de NNA que ingresan con trayectoria anterior al Sistema de Protección Especial en el departamento,Tacuarembó,2024-S1,total,4.0,cantidad
9,Cantidad de NNA que ingresan con trayectoria anterior al Sistema de Protección Especial en el departamento,Tacuarembó,2024-S2,total,5.0,cantidad
9,Cantidad de NNA que ingresan con trayectoria anterior al Sistema de Protección Especial en el departamento,Tacuarembó,2025-S1,total,9.0,cantidad
9,Cantidad de NNA que ingresan con trayectoria anterior al Sistema de Protección Especial en el departamento,Tacuarembó,2025-S2,total,6.0,cantidad
10,Porcentaje de NNA que ingresan con trayectoria anterior al Sistema de Protección Especial en algún proyecto del departamento respecto al total de atendidos por el Sistema en el departamento,Tacuarembó,2020-S1,total,7.2,porcentaje
10,Porcentaje de NNA que ingresan con trayectoria anterior al Sistema de Protección Especial en algún proyecto del departamento respecto al total de atendidos por el Sistema en el departamento,Tacuarembó,2020-S2,total,5.7,porcentaje
10,Porcentaje de NNA que ingresan con trayectoria anterior al Sistema de Protección Especial en algún proyecto del departamento respecto al total de atendidos por el Sistema en el departamento,Tacuarembó,2021-S1,total,4.6,porcentaje
10,Porcentaje de NNA que ingresan con trayectoria anterior al Sistema de Protección Especial en algún proyecto del departamento respecto al total de atendidos por el Sistema en el departamento,Tacuarembó,2021-S2,total,4.3,porcentaje
10,Porcentaje de NNA que ingresan con trayectoria anterior al Sistema de Protección Especial en algún proyecto del departamento respecto al total de atendidos por el Sistema en el departamento,Tacuarembó,2022-S1,total,3.2,porcentaje
10,Porcentaje de NNA que ingresan con trayectoria anterior al Sistema de Protección Especial en algún proyecto del departamento respecto al total de atendidos por el Sistema en el departamento,Tacuarembó,2022-S2,total,4.0,porcentaje
10,Porcentaje de NNA que ingresan con trayectoria anterior al Sistema de Protección Especial en algún proyecto del departamento respecto al total de atendidos por el Sistema en el departamento,Tacuarembó,2023-S1,total,5.0,porcentaje
10,Porcentaje de NNA que ingresan con trayectoria anterior al Sistema de Protección Especial en algún proyecto del departamento respecto al total de atendidos por el Sistema en el departamento,Tacuarembó,2023-S2,total,3.4,porcentaje
10,Porcentaje de NNA que ingresan con trayectoria anterior al Sistema de Protección Especial en algún proyecto del departamento respecto al total de atendidos por el Sistema en el departamento,Tacuarembó,2024-S1,total,1.8,porcentaje
10,Porcentaje de NNA que ingresan con trayectoria anterior al Sistema de Protección Especial en algún proyecto del departamento respecto al total de atendidos por el Sistema en el departamento,Tacuarembó,2024-S2,total,2.1,porcentaje
10,Porcentaje de NNA que ingresan con trayectoria anterior al Sistema de Protección Especial en algún proyecto del departamento respecto al total de atendidos por el Sistema en el departamento,Tacuarembó,2025-S1,total,3.7,porcentaje
10,Porcentaje de NNA que ingresan con trayectoria anterior al Sistema de Protección Especial en algún proyecto del departamento respecto al total de atendidos por el Sistema en el departamento,Tacuarembó,2025-S2,total,2.3,porcentaje
11,Cantidad de NNA que egresan del Sistema de Protección Especial en el departamento,Tacuarembó,2020-S1,total,26.0,cantidad
11,Cantidad de NNA que egresan del Sistema de Protección Especial en el departamento,Tacuarembó,2020-S2,total,50.0,cantidad
11,Cantidad de NNA que egresan del Sistema de Protección Especial en el departamento,Tacuarembó,2021-S1,total,42.0,cantidad
11,Cantidad de NNA que egresan del Sistema de Protección Especial en el departamento,Tacuarembó,2021-S2,total,20.0,cantidad
11,Cantidad de NNA que egresan del Sistema de Protección Especial en el departamento,Tacuarembó,2022-S1,total,44.0,cantidad
11,Cantidad de NNA que egresan del Sistema de Protección Especial en el departamento,Tacuarembó,2022-S2,total,36.0,cantidad
11,Cantidad de NNA que egresan del Sistema de Protección Especial en el departamento,Tacuarembó,2023-S1,total,36.0,cantidad
11,Cantidad de NNA que egresan del Sistema de Protección Especial en el departamento,Tacuarembó,2023-S2,total,44.0,cantidad
11,Cantidad de NNA que egresan del Sistema de Protección Especial en el departamento,Tacuarembó,2024-S1,total,45.0,cantidad
11,Cantidad de NNA que egresan del Sistema de Protección Especial en el departamento,Tacuarembó,2024-S2,total,46.0,cantidad
11,Cantidad de NNA que egresan del Sistema de Protección Especial en el departamento,Tacuarembó,2025-S1,total,38.0,cantidad
11,Cantidad de NNA que egresan del Sistema de Protección Especial en el departamento,Tacuarembó,2025-S2,total,48.0,cantidad
12,Cantidad de NNA que egresan del Sistema de Protección Especial en el departamento según tiempos de permanencia en el Sistema,Tacuarembó,2020-S1,total,26.0,cantidad
12,Cantidad de NNA que egresan del Sistema de Protección Especial en el departamento según tiempos de permanencia en el Sistema,Tacuarembó,2020-S2,total,50.0,cantidad
12,Cantidad de NNA que egresan del Sistema de Protección Especial en el departamento según tiempos de permanencia en el Sistema,Tacuarembó,2021-S1,total,42.0,cantidad
12,Cantidad de NNA que egresan del Sistema de Protección Especial en el departamento según tiempos de permanencia en el Sistema,Tacuarembó,2021-S2,total,20.0,cantidad
12,Cantidad de NNA que egresan del Sistema de Protección Especial en el departamento según tiempos de permanencia en el Sistema,Tacuarembó,2022-S1,total,44.0,cantidad
12,Cantidad de NNA que egresan del Sistema de Protección Especial en el departamento según tiempos de permanencia en el Sistema,Tacuarembó,2022-S2,total,36.0,cantidad
12,Cantidad de NNA que egresan del Sistema de Protección Especial en el departamento según tiempos de permanencia en el Sistema,Tacuarembó,2023-S1,total,36.0,cantidad
12,Cantidad de NNA que egresan del Sistema de Protección Especial en el departamento según tiempos de permanencia en el Sistema,Tacuarembó,2023-S2,total,44.0,cantidad
12,Cantidad de NNA que egresan del Sistema de Protección Especial en el departamento según tiempos de permanencia en el Sistema,Tacuarembó,2024-S1,total,45.0,cantidad
12,Cantidad de NNA que egresan del Sistema de Protección Especial en el departamento según tiempos de permanencia en el Sistema,Tacuarembó,2024-S2,total,46.0,cantidad
12,Cantidad de NNA que egresan del Sistema de Protección Especial en el departamento según tiempos de permanencia en el Sistema,Tacuarembó,2025-S1,total,38.0,cantidad
12,Cantidad de NNA que egresan del Sistema de Protección Especial en el departamento según tiempos de permanencia en el Sistema,Tacuarembó,2025-S2,total,48.0,cantidad
13,Cantidad de NNA que egresan del Sistema de Protección Especial en el departamento según tiempos de permanencia en la intervención,Tacuarembó,2020-S1,total,26.0,cantidad
13,Cantidad de NNA que egresan del Sistema de Protección Especial en el departamento según tiempos de permanencia en la intervención,Tacuarembó,2020-S2,total,50.0,cantidad
13,Cantidad de NNA que egresan del Sistema de Protección Especial en el departamento según tiempos de permanencia en la intervención,Tacuarembó,2021-S1,total,42.0,cantidad
13,Cantidad de NNA que egresan del Sistema de Protección Especial en el departamento según tiempos de permanencia en la intervención,Tacuarembó,2021-S2,total,20.0,cantidad
13,Cantidad de NNA que egresan del Sistema de Protección Especial en el departamento según tiempos de permanencia en la intervención,Tacuarembó,2022-S1,total,44.0,cantidad
13,Cantidad de NNA que egresan del Sistema de Protección Especial en el departamento según tiempos de permanencia en la intervención,Tacuarembó,2022-S2,total,36.0,cantidad
13,Cantidad de NNA que egresan del Sistema de Protección Especial en el departamento según tiempos de permanencia en la intervención,Tacuarembó,2023-S1,total,36.0,cantidad
13,Cantidad de NNA que egresan del Sistema de Protección Especial en el departamento según tiempos de permanencia en la intervención,Tacuarembó,2023-S2,total,44.0,cantidad
13,Cantidad de NNA que egresan del Sistema de Protección Especial en el departamento según tiempos de permanencia en la intervención,Tacuarembó,2024-S1,total,45.0,cantidad
13,Cantidad de NNA que egresan del Sistema de Protección Especial en el departamento según tiempos de permanencia en la intervención,Tacuarembó,2024-S2,total,46.0,cantidad
13,Cantidad de NNA que egresan del Sistema de Protección Especial en el departamento según tiempos de permanencia en la intervención,Tacuarembó,2025-S1,total,38.0,cantidad
13,Cantidad de NNA que egresan del Sistema de Protección Especial en el departamento según tiempos de permanencia en la intervención,Tacuarembó,2025-S2,total,48.0,cantidad
14,Cantidad de NNA que dejan de vivir en residencias en el departamento para vivir con una familia,Tacuarembó,2020-S1,total,44.0,cantidad
14,Cantidad de NNA que dejan de vivir en residencias en el departamento para vivir con una familia,Tacuarembó,2020-S2,total,26.0,cantidad
14,Cantidad de NNA que dejan de vivir en residencias en el departamento para vivir con una familia,Tacuarembó,2021-S1,total,29.0,cantidad
14,Cantidad de NNA que dejan de vivir en residencias en el departamento para vivir con una familia,Tacuarembó,2021-S2,total,18.0,cantidad
14,Cantidad de NNA que dejan de vivir en residencias en el departamento para vivir con una familia,Tacuarembó,2022-S1,total,32.0,cantidad
14,Cantidad de NNA que dejan de vivir en residencias en el departamento para vivir con una familia,Tacuarembó,2022-S2,total,45.0,cantidad
14,Cantidad de NNA que dejan de vivir en residencias en el departamento para vivir con una familia,Tacuarembó,2023-S1,total,39.0,cantidad
14,Cantidad de NNA que dejan de vivir en residencias en el departamento para vivir con una familia,Tacuarembó,2023-S2,total,28.0,cantidad
14,Cantidad de NNA que dejan de vivir en residencias en el departamento para vivir con una familia,Tacuarembó,2024-S1,total,34.0,cantidad
14,Cantidad de NNA que dejan de vivir en residencias en el departamento para vivir con una familia,Tacuarembó,2024-S2,total,28.0,cantidad
14,Cantidad de NNA que dejan de vivir en residencias en el departamento para vivir con una familia,Tacuarembó,2025-S1,total,30.0,cantidad
14,Cantidad de NNA que dejan de vivir en residencias en el departamento para vivir con una familia,Tacuarembó,2025-S2,total,44.0,cantidad
15,Cantidad de NNA con condición de adoptabilidad en el departamento,Tacuarembó,2020-S1,total,6.0,cantidad
15,Cantidad de NNA con condición de adoptabilidad en el departamento,Tacuarembó,2020-S2,total,6.0,cantidad
15,Cantidad de NNA con condición de adoptabilidad en el departamento,Tacuarembó,2021-S1,total,6.0,cantidad
15,Cantidad de NNA con condición de adoptabilidad en el departamento,Tacuarembó,2021-S2,total,3.0,cantidad
15,Cantidad de NNA con condición de adoptabilidad en el departamento,Tacuarembó,2022-S1,total,8.0,cantidad
15,Cantidad de NNA con condición de adoptabilidad en el departamento,Tacuarembó,2022-S2,total,10.0,cantidad
15,Cantidad de NNA con condición de adoptabilidad en el departamento,Tacuarembó,2023-S1,total,5.0,cantidad
15,Cantidad de NNA con condición de adoptabilidad en el departamento,Tacuarembó,2023-S2,total,13.0,cantidad
15,Cantidad de NNA con condición de adoptabilidad en el departamento,Tacuarembó,2024-S1,total,12.0,cantidad
15,Cantidad de NNA con condición de adoptabilidad en el departamento,Tacuarembó,2024-S2,total,12.0,cantidad
15,Cantidad de NNA con condición de adoptabilidad en el departamento,Tacuarembó,2025-S1,total,15.0,cantidad
15,Cantidad de NNA con condición de adoptabilidad en el departamento,Tacuarembó,2025-S2,total,16.0,cantidad
16,"Porcentaje de NNA con condición de adoptabilidad en el departamento, respecto al total de NNA atendidos por el Sistema de Protección Especial en el departamento",Tacuarembó,2020-S1,total,3.9,porcentaje
16,"Porcentaje de NNA con condición de adoptabilidad en el departamento, respecto al total de NNA atendidos por el Sistema de Protección Especial en el departamento",Tacuarembó,2020-S2,total,3.8,porcentaje
16,"Porcentaje de NNA con condición de adoptabilidad en el departamento, respecto al total de NNA atendidos por el Sistema de Protección Especial en el departamento",Tacuarembó,2021-S1,total,4.0,porcentaje
16,"Porcentaje de NNA con condición de adoptabilidad en el departamento, respecto al total de NNA atendidos por el Sistema de Protección Especial en el departamento",Tacuarembó,2021-S2,total,1.8,porcentaje
16,"Porcentaje de NNA con condición de adoptabilidad en el departamento, respecto al total de NNA atendidos por el Sistema de Protección Especial en el departamento",Tacuarembó,2022-S1,total,4.2,porcentaje
16,"Porcentaje de NNA con condición de adoptabilidad en el departamento, respecto al total de NNA atendidos por el Sistema de Protección Especial en el departamento",Tacuarembó,2022-S2,total,5.0,porcentaje
16,"Porcentaje de NNA con condición de adoptabilidad en el departamento, respecto al total de NNA atendidos por el Sistema de Protección Especial en el departamento",Tacuarembó,2023-S1,total,2.5,porcentaje
16,"Porcentaje de NNA con condición de adoptabilidad en el departamento, respecto al total de NNA atendidos por el Sistema de Protección Especial en el departamento",Tacuarembó,2023-S2,total,6.3,porcentaje
16,"Porcentaje de NNA con condición de adoptabilidad en el departamento, respecto al total de NNA atendidos por el Sistema de Protección Especial en el departamento",Tacuarembó,2024-S1,total,5.4,porcentaje
16,"Porcentaje de NNA con condición de adoptabilidad en el departamento, respecto al total de NNA atendidos por el Sistema de Protección Especial en el departamento",Tacuarembó,2024-S2,total,5.0,porcentaje
16,"Porcentaje de NNA con condición de adoptabilidad en el departamento, respecto al total de NNA atendidos por el Sistema de Protección Especial en el departamento",Tacuarembó,2025-S1,total,6.2,porcentaje
16,"Porcentaje de NNA con condición de adoptabilidad en el departamento, respecto al total de NNA atendidos por el Sistema de Protección Especial en el departamento",Tacuarembó,2025-S2,total,6.2,porcentaje
17,Cantidad de NNA con condición de adoptabilidad en el departamento que pasa a seguimiento de tenencia,Tacuarembó,2020-S1,total,0.0,cantidad
17,Cantidad de NNA con condición de adoptabilidad en el departamento que pasa a seguimiento de tenencia,Tacuarembó,2020-S2,total,1.0,cantidad
17,Cantidad de NNA con condición de adoptabilidad en el departamento que pasa a seguimiento de tenencia,Tacuarembó,2021-S1,total,3.0,cantidad
17,Cantidad de NNA con condición de adoptabilidad en el departamento que pasa a seguimiento de tenencia,Tacuarembó,2021-S2,total,0.0,cantidad
17,Cantidad de NNA con condición de adoptabilidad en el departamento que pasa a seguimiento de tenencia,Tacuarembó,2022-S1,total,1.0,cantidad
17,Cantidad de NNA con condición de adoptabilidad en el departamento que pasa a seguimiento de tenencia,Tacuarembó,2022-S2,total,3.0,cantidad
17,Cantidad de NNA con condición de adoptabilidad en el departamento que pasa a seguimiento de tenencia,Tacuarembó,2023-S1,total,1.0,cantidad
17,Cantidad de NNA con condición de adoptabilidad en el departamento que pasa a seguimiento de tenencia,Tacuarembó,2023-S2,total,4.0,cantidad
17,Cantidad de NNA con condición de adoptabilidad en el departamento que pasa a seguimiento de tenencia,Tacuarembó,2024-S1,total,2.0,cantidad
17,Cantidad de NNA con condición de adoptabilidad en el departamento que pasa a seguimiento de tenencia,Tacuarembó,2024-S2,total,1.0,cantidad
17,Cantidad de NNA con condición de adoptabilidad en el departamento que pasa a seguimiento de tenencia,Tacuarembó,2025-S1,total,0.0,cantidad
17,Cantidad de NNA con condición de adoptabilidad en el departamento que pasa a seguimiento de tenencia,Tacuarembó,2025-S2,total,3.0,cantidad
19,Cantidad de NNA atendidos por el Sistema de Protección Especial en el departamento que tiene Proyecto de Atención Integral (PAI),Tacuarembó,2020-S1,total,0.0,cantidad
19,Cantidad de NNA atendidos por el Sistema de Protección Especial en el departamento que tiene Proyecto de Atención Integral (PAI),Tacuarembó,2020-S2,total,0.0,cantidad
19,Cantidad de NNA atendidos por el Sistema de Protección Especial en el departamento que tiene Proyecto de Atención Integral (PAI),Tacuarembó,2021-S1,total,0.0,cantidad
19,Cantidad de NNA atendidos por el Sistema de Protección Especial en el departamento que tiene Proyecto de Atención Integral (PAI),Tacuarembó,2021-S2,total,0.0,cantidad
19,Cantidad de NNA atendidos por el Sistema de Protección Especial en el departamento que tiene Proyecto de Atención Integral (PAI),Tacuarembó,2022-S1,total,0.0,cantidad
19,Cantidad de NNA atendidos por el Sistema de Protección Especial en el departamento que tiene Proyecto de Atención Integral (PAI),Tacuarembó,2022-S2,total,0.0,cantidad
19,Cantidad de NNA atendidos por el Sistema de Protección Especial en el departamento que tiene Proyecto de Atención Integral (PAI),Tacuarembó,2023-S1,total,0.0,cantidad
19,Cantidad de NNA atendidos por el Sistema de Protección Especial en el departamento que tiene Proyecto de Atención Integral (PAI),Tacuarembó,2023-S2,total,0.0,cantidad
19,Cantidad de NNA atendidos por el Sistema de Protección Especial en el departamento que tiene Proyecto de Atención Integral (PAI),Tacuarembó,2024-S1,total,0.0,cantidad
19,Cantidad de NNA atendidos por el Sistema de Protección Especial en el departamento que tiene Proyecto de Atención Integral (PAI),Tacuarembó,2024-S2,total,0.0,cantidad
19,Cantidad de NNA atendidos por el Sistema de Protección Especial en el departamento que tiene Proyecto de Atención Integral (PAI),Tacuarembó,2025-S1,total,0.0,cantidad
19,Cantidad de NNA atendidos por el Sistema de Protección Especial en el departamento que tiene Proyecto de Atención Integral (PAI),Tacuarembó,2025-S2,total,0.0,cantidad
20,"Cantidad de NN de 0 a 5 años atendidos por el Sistema de Protección Especial en el departamento, inscriptos en centros de educación y cuidado",Tacuarembó,2021-S1,total,21.0,cantidad
20,"Cantidad de NN de 0 a 5 años atendidos por el Sistema de Protección Especial en el departamento, inscriptos en centros de educación y cuidado",Tacuarembó,2021-S2,total,19.0,cantidad
20,"Cantidad de NN de 0 a 5 años atendidos por el Sistema de Protección Especial en el departamento, inscriptos en centros de educación y cuidado",Tacuarembó,2022-S1,total,22.0,cantidad
20,"Cantidad de NN de 0 a 5 años atendidos por el Sistema de Protección Especial en el departamento, inscriptos en centros de educación y cuidado",Tacuarembó,2022-S2,total,27.0,cantidad
20,"Cantidad de NN de 0 a 5 años atendidos por el Sistema de Protección Especial en el departamento, inscriptos en centros de educación y cuidado",Tacuarembó,2023-S1,total,29.0,cantidad
20,"Cantidad de NN de 0 a 5 años atendidos por el Sistema de Protección Especial en el departamento, inscriptos en centros de educación y cuidado",Tacuarembó,2023-S2,total,27.0,cantidad
20,"Cantidad de NN de 0 a 5 años atendidos por el Sistema de Protección Especial en el departamento, inscriptos en centros de educación y cuidado",Tacuarembó,2024-S1,total,35.0,cantidad
20,"Cantidad de NN de 0 a 5 años atendidos por el Sistema de Protección Especial en el departamento, inscriptos en centros de educación y cuidado",Tacuarembó,2024-S2,total,35.0,cantidad
20,"Cantidad de NN de 0 a 5 años atendidos por el Sistema de Protección Especial en el departamento, inscriptos en centros de educación y cuidado",Tacuarembó,2025-S1,total,34.0,cantidad
20,"Cantidad de NN de 0 a 5 años atendidos por el Sistema de Protección Especial en el departamento, inscriptos en centros de educación y cuidado",Tacuarembó,2025-S2,total,25.0,cantidad
21,"Cantidad de NNA de 6 a 17 años atendidos por el Sistema de Protección Especial en el departamento, inscriptos en centros de educación formal",Tacuarembó,2021-S1,total,101.0,cantidad
21,"Cantidad de NNA de 6 a 17 años atendidos por el Sistema de Protección Especial en el departamento, inscriptos en centros de educación formal",Tacuarembó,2021-S2,total,112.0,cantidad
21,"Cantidad de NNA de 6 a 17 años atendidos por el Sistema de Protección Especial en el departamento, inscriptos en centros de educación formal",Tacuarembó,2022-S1,total,117.0,cantidad
21,"Cantidad de NNA de 6 a 17 años atendidos por el Sistema de Protección Especial en el departamento, inscriptos en centros de educación formal",Tacuarembó,2022-S2,total,122.0,cantidad
21,"Cantidad de NNA de 6 a 17 años atendidos por el Sistema de Protección Especial en el departamento, inscriptos en centros de educación formal",Tacuarembó,2023-S1,total,128.0,cantidad
21,"Cantidad de NNA de 6 a 17 años atendidos por el Sistema de Protección Especial en el departamento, inscriptos en centros de educación formal",Tacuarembó,2023-S2,total,127.0,cantidad
21,"Cantidad de NNA de 6 a 17 años atendidos por el Sistema de Protección Especial en el departamento, inscriptos en centros de educación formal",Tacuarembó,2024-S1,total,133.0,cantidad
21,"Cantidad de NNA de 6 a 17 años atendidos por el Sistema de Protección Especial en el departamento, inscriptos en centros de educación formal",Tacuarembó,2024-S2,total,129.0,cantidad
21,"Cantidad de NNA de 6 a 17 años atendidos por el Sistema de Protección Especial en el departamento, inscriptos en centros de educación formal",Tacuarembó,2025-S1,total,124.0,cantidad
21,"Cantidad de NNA de 6 a 17 años atendidos por el Sistema de Protección Especial en el departamento, inscriptos en centros de educación formal",Tacuarembó,2025-S2,total,123.0,cantidad
23,Cantidad de NNA atendidos por el Sistema de Protección Especial en el departamento con controles médicos al día,Tacuarembó,2020-S1,total,91.0,cantidad
23,Cantidad de NNA atendidos por el Sistema de Protección Especial en el departamento con controles médicos al día,Tacuarembó,2020-S2,total,49.0,cantidad
23,Cantidad de NNA atendidos por el Sistema de Protección Especial en el departamento con controles médicos al día,Tacuarembó,2021-S1,total,56.0,cantidad
23,Cantidad de NNA atendidos por el Sistema de Protección Especial en el departamento con controles médicos al día,Tacuarembó,2021-S2,total,60.0,cantidad
23,Cantidad de NNA atendidos por el Sistema de Protección Especial en el departamento con controles médicos al día,Tacuarembó,2022-S1,total,61.0,cantidad
23,Cantidad de NNA atendidos por el Sistema de Protección Especial en el departamento con controles médicos al día,Tacuarembó,2022-S2,total,73.0,cantidad
23,Cantidad de NNA atendidos por el Sistema de Protección Especial en el departamento con controles médicos al día,Tacuarembó,2023-S1,total,84.0,cantidad
23,Cantidad de NNA atendidos por el Sistema de Protección Especial en el departamento con controles médicos al día,Tacuarembó,2023-S2,total,86.0,cantidad
23,Cantidad de NNA atendidos por el Sistema de Protección Especial en el departamento con controles médicos al día,Tacuarembó,2024-S1,total,115.0,cantidad
23,Cantidad de NNA atendidos por el Sistema de Protección Especial en el departamento con controles médicos al día,Tacuarembó,2024-S2,total,80.0,cantidad
23,Cantidad de NNA atendidos por el Sistema de Protección Especial en el departamento con controles médicos al día,Tacuarembó,2025-S1,total,108.0,cantidad
23,Cantidad de NNA atendidos por el Sistema de Protección Especial en el departamento con controles médicos al día,Tacuarembó,2025-S2,total,109.0,cantidad
24,Cantidad de NNA atendidos por el Sistema de Protección Especial en el departamento con vacunas al día,Tacuarembó,2020-S1,total,113.0,cantidad
24,Cantidad de NNA atendidos por el Sistema de Protección Especial en el departamento con vacunas al día,Tacuarembó,2020-S2,total,95.0,cantidad
24,Cantidad de NNA atendidos por el Sistema de Protección Especial en el departamento con vacunas al día,Tacuarembó,2021-S1,total,100.0,cantidad
24,Cantidad de NNA atendidos por el Sistema de Protección Especial en el departamento con vacunas al día,Tacuarembó,2021-S2,total,103.0,cantidad
24,Cantidad de NNA atendidos por el Sistema de Protección Especial en el departamento con vacunas al día,Tacuarembó,2022-S1,total,101.0,cantidad
24,Cantidad de NNA atendidos por el Sistema de Protección Especial en el departamento con vacunas al día,Tacuarembó,2022-S2,total,110.0,cantidad
24,Cantidad de NNA atendidos por el Sistema de Protección Especial en el departamento con vacunas al día,Tacuarembó,2023-S1,total,120.0,cantidad
24,Cantidad de NNA atendidos por el Sistema de Protección Especial en el departamento con vacunas al día,Tacuarembó,2023-S2,total,137.0,cantidad
24,Cantidad de NNA atendidos por el Sistema de Protección Especial en el departamento con vacunas al día,Tacuarembó,2024-S1,total,144.0,cantidad
24,Cantidad de NNA atendidos por el Sistema de Protección Especial en el departamento con vacunas al día,Tacuarembó,2024-S2,total,126.0,cantidad
24,Cantidad de NNA atendidos por el Sistema de Protección Especial en el departamento con vacunas al día,Tacuarembó,2025-S1,total,132.0,cantidad
24,Cantidad de NNA atendidos por el Sistema de Protección Especial en el departamento con vacunas al día,Tacuarembó,2025-S2,total,131.0,cantidad
1,Cantidad de NNA atendidos en algún proyecto del Sistema de Protección Especial del departamento,Treinta y Tres,2020-S1,total,164.0,cantidad
1,Cantidad de NNA atendidos en algún proyecto del Sistema de Protección Especial del departamento,Treinta y Tres,2020-S2,total,178.0,cantidad
1,Cantidad de NNA atendidos en algún proyecto del Sistema de Protección Especial del departamento,Treinta y Tres,2021-S1,total,159.0,cantidad
1,Cantidad de NNA atendidos en algún proyecto del Sistema de Protección Especial del departamento,Treinta y Tres,2021-S2,total,152.0,cantidad
1,Cantidad de NNA atendidos en algún proyecto del Sistema de Protección Especial del departamento,Treinta y Tres,2022-S1,total,161.0,cantidad
1,Cantidad de NNA atendidos en algún proyecto del Sistema de Protección Especial del departamento,Treinta y Tres,2022-S2,total,166.0,cantidad
1,Cantidad de NNA atendidos en algún proyecto del Sistema de Protección Especial del departamento,Treinta y Tres,2023-S1,total,163.0,cantidad
1,Cantidad de NNA atendidos en algún proyecto del Sistema de Protección Especial del departamento,Treinta y Tres,2023-S2,total,182.0,cantidad
1,Cantidad de NNA atendidos en algún proyecto del Sistema de Protección Especial del departamento,Treinta y Tres,2024-S1,total,177.0,cantidad
1,Cantidad de NNA atendidos en algún proyecto del Sistema de Protección Especial del departamento,Treinta y Tres,2024-S2,total,168.0,cantidad
1,Cantidad de NNA atendidos en algún proyecto del Sistema de Protección Especial del departamento,Treinta y Tres,2025-S1,total,159.0,cantidad
1,Cantidad de NNA atendidos en algún proyecto del Sistema de Protección Especial del departamento,Treinta y Tres,2025-S2,total,159.0,cantidad
2,Porcentaje de NNA atendidos en algún proyecto del Sistema de Protección Especial del departamento respecto a la población total INAU del departamento,Treinta y Tres,2020-S1,total,9.5,porcentaje
2,Porcentaje de NNA atendidos en algún proyecto del Sistema de Protección Especial del departamento respecto a la población total INAU del departamento,Treinta y Tres,2020-S2,total,9.6,porcentaje
2,Porcentaje de NNA atendidos en algún proyecto del Sistema de Protección Especial del departamento respecto a la población total INAU del departamento,Treinta y Tres,2021-S1,total,8.6,porcentaje
2,Porcentaje de NNA atendidos en algún proyecto del Sistema de Protección Especial del departamento respecto a la población total INAU del departamento,Treinta y Tres,2021-S2,total,8.4,porcentaje
2,Porcentaje de NNA atendidos en algún proyecto del Sistema de Protección Especial del departamento respecto a la población total INAU del departamento,Treinta y Tres,2022-S1,total,8.7,porcentaje
2,Porcentaje de NNA atendidos en algún proyecto del Sistema de Protección Especial del departamento respecto a la población total INAU del departamento,Treinta y Tres,2022-S2,total,9.2,porcentaje
2,Porcentaje de NNA atendidos en algún proyecto del Sistema de Protección Especial del departamento respecto a la población total INAU del departamento,Treinta y Tres,2023-S1,total,8.6,porcentaje
2,Porcentaje de NNA atendidos en algún proyecto del Sistema de Protección Especial del departamento respecto a la población total INAU del departamento,Treinta y Tres,2023-S2,total,9.4,porcentaje
2,Porcentaje de NNA atendidos en algún proyecto del Sistema de Protección Especial del departamento respecto a la población total INAU del departamento,Treinta y Tres,2024-S1,total,9.5,porcentaje
2,Porcentaje de NNA atendidos en algún proyecto del Sistema de Protección Especial del departamento respecto a la población total INAU del departamento,Treinta y Tres,2024-S2,total,9.0,porcentaje
2,Porcentaje de NNA atendidos en algún proyecto del Sistema de Protección Especial del departamento respecto a la población total INAU del departamento,Treinta y Tres,2025-S1,total,9.0,porcentaje
2,Porcentaje de NNA atendidos en algún proyecto del Sistema de Protección Especial del departamento respecto a la población total INAU del departamento,Treinta y Tres,2025-S2,total,9.0,porcentaje
5,Cantidad de NNA en el Sistema de Protección Especial del departamento que viven en residencia,Treinta y Tres,2020-S1,total,43.0,cantidad
5,Cantidad de NNA en el Sistema de Protección Especial del departamento que viven en residencia,Treinta y Tres,2020-S2,total,63.0,cantidad
5,Cantidad de NNA en el Sistema de Protección Especial del departamento que viven en residencia,Treinta y Tres,2021-S1,total,43.0,cantidad
5,Cantidad de NNA en el Sistema de Protección Especial del departamento que viven en residencia,Treinta y Tres,2021-S2,total,35.0,cantidad
5,Cantidad de NNA en el Sistema de Protección Especial del departamento que viven en residencia,Treinta y Tres,2022-S1,total,37.0,cantidad
5,Cantidad de NNA en el Sistema de Protección Especial del departamento que viven en residencia,Treinta y Tres,2022-S2,total,48.0,cantidad
5,Cantidad de NNA en el Sistema de Protección Especial del departamento que viven en residencia,Treinta y Tres,2023-S1,total,47.0,cantidad
5,Cantidad de NNA en el Sistema de Protección Especial del departamento que viven en residencia,Treinta y Tres,2023-S2,total,56.0,cantidad
5,Cantidad de NNA en el Sistema de Protección Especial del departamento que viven en residencia,Treinta y Tres,2024-S1,total,54.0,cantidad
5,Cantidad de NNA en el Sistema de Protección Especial del departamento que viven en residencia,Treinta y Tres,2024-S2,total,37.0,cantidad
5,Cantidad de NNA en el Sistema de Protección Especial del departamento que viven en residencia,Treinta y Tres,2025-S1,total,42.0,cantidad
5,Cantidad de NNA en el Sistema de Protección Especial del departamento que viven en residencia,Treinta y Tres,2025-S2,total,46.0,cantidad
6,Cantidad de NNA en el Sistema de Protección Especial del departamento que viven en contexto familiar,Treinta y Tres,2020-S1,total,121.0,cantidad
6,Cantidad de NNA en el Sistema de Protección Especial del departamento que viven en contexto familiar,Treinta y Tres,2020-S2,total,115.0,cantidad
6,Cantidad de NNA en el Sistema de Protección Especial del departamento que viven en contexto familiar,Treinta y Tres,2021-S1,total,116.0,cantidad
6,Cantidad de NNA en el Sistema de Protección Especial del departamento que viven en contexto familiar,Treinta y Tres,2021-S2,total,117.0,cantidad
6,Cantidad de NNA en el Sistema de Protección Especial del departamento que viven en contexto familiar,Treinta y Tres,2022-S1,total,124.0,cantidad
6,Cantidad de NNA en el Sistema de Protección Especial del departamento que viven en contexto familiar,Treinta y Tres,2022-S2,total,118.0,cantidad
6,Cantidad de NNA en el Sistema de Protección Especial del departamento que viven en contexto familiar,Treinta y Tres,2023-S1,total,116.0,cantidad
6,Cantidad de NNA en el Sistema de Protección Especial del departamento que viven en contexto familiar,Treinta y Tres,2023-S2,total,126.0,cantidad
6,Cantidad de NNA en el Sistema de Protección Especial del departamento que viven en contexto familiar,Treinta y Tres,2024-S1,total,123.0,cantidad
6,Cantidad de NNA en el Sistema de Protección Especial del departamento que viven en contexto familiar,Treinta y Tres,2024-S2,total,131.0,cantidad
6,Cantidad de NNA en el Sistema de Protección Especial del departamento que viven en contexto familiar,Treinta y Tres,2025-S1,total,117.0,cantidad
6,Cantidad de NNA en el Sistema de Protección Especial del departamento que viven en contexto familiar,Treinta y Tres,2025-S2,total,113.0,cantidad
7,Cantidad de NNA en el departamento que ingresan por primera vez al Sistema de Protección Especial,Treinta y Tres,2020-S1,total,25.0,cantidad
7,Cantidad de NNA en el departamento que ingresan por primera vez al Sistema de Protección Especial,Treinta y Tres,2020-S2,total,32.0,cantidad
7,Cantidad de NNA en el departamento que ingresan por primera vez al Sistema de Protección Especial,Treinta y Tres,2021-S1,total,18.0,cantidad
7,Cantidad de NNA en el departamento que ingresan por primera vez al Sistema de Protección Especial,Treinta y Tres,2021-S2,total,20.0,cantidad
7,Cantidad de NNA en el departamento que ingresan por primera vez al Sistema de Protección Especial,Treinta y Tres,2022-S1,total,21.0,cantidad
7,Cantidad de NNA en el departamento que ingresan por primera vez al Sistema de Protección Especial,Treinta y Tres,2022-S2,total,27.0,cantidad
7,Cantidad de NNA en el departamento que ingresan por primera vez al Sistema de Protección Especial,Treinta y Tres,2023-S1,total,34.0,cantidad
7,Cantidad de NNA en el departamento que ingresan por primera vez al Sistema de Protección Especial,Treinta y Tres,2023-S2,total,26.0,cantidad
7,Cantidad de NNA en el departamento que ingresan por primera vez al Sistema de Protección Especial,Treinta y Tres,2024-S1,total,26.0,cantidad
7,Cantidad de NNA en el departamento que ingresan por primera vez al Sistema de Protección Especial,Treinta y Tres,2024-S2,total,25.0,cantidad
7,Cantidad de NNA en el departamento que ingresan por primera vez al Sistema de Protección Especial,Treinta y Tres,2025-S1,total,29.0,cantidad
7,Cantidad de NNA en el departamento que ingresan por primera vez al Sistema de Protección Especial,Treinta y Tres,2025-S2,total,40.0,cantidad
8,"Porcentaje de NNA que ingresan por primera vez al Sistema de Protección Especial en algún proyecto del departamento, respecto al total de atendidos por el Sistema en el departamento",Treinta y Tres,2020-S1,total,13.7,porcentaje
8,"Porcentaje de NNA que ingresan por primera vez al Sistema de Protección Especial en algún proyecto del departamento, respecto al total de atendidos por el Sistema en el departamento",Treinta y Tres,2020-S2,total,16.2,porcentaje
8,"Porcentaje de NNA que ingresan por primera vez al Sistema de Protección Especial en algún proyecto del departamento, respecto al total de atendidos por el Sistema en el departamento",Treinta y Tres,2021-S1,total,9.5,porcentaje
8,"Porcentaje de NNA que ingresan por primera vez al Sistema de Protección Especial en algún proyecto del departamento, respecto al total de atendidos por el Sistema en el departamento",Treinta y Tres,2021-S2,total,10.8,porcentaje
8,"Porcentaje de NNA que ingresan por primera vez al Sistema de Protección Especial en algún proyecto del departamento, respecto al total de atendidos por el Sistema en el departamento",Treinta y Tres,2022-S1,total,11.5,porcentaje
8,"Porcentaje de NNA que ingresan por primera vez al Sistema de Protección Especial en algún proyecto del departamento, respecto al total de atendidos por el Sistema en el departamento",Treinta y Tres,2022-S2,total,14.0,porcentaje
8,"Porcentaje de NNA que ingresan por primera vez al Sistema de Protección Especial en algún proyecto del departamento, respecto al total de atendidos por el Sistema en el departamento",Treinta y Tres,2023-S1,total,16.7,porcentaje
8,"Porcentaje de NNA que ingresan por primera vez al Sistema de Protección Especial en algún proyecto del departamento, respecto al total de atendidos por el Sistema en el departamento",Treinta y Tres,2023-S2,total,12.7,porcentaje
8,"Porcentaje de NNA que ingresan por primera vez al Sistema de Protección Especial en algún proyecto del departamento, respecto al total de atendidos por el Sistema en el departamento",Treinta y Tres,2024-S1,total,12.4,porcentaje
8,"Porcentaje de NNA que ingresan por primera vez al Sistema de Protección Especial en algún proyecto del departamento, respecto al total de atendidos por el Sistema en el departamento",Treinta y Tres,2024-S2,total,11.8,porcentaje
8,"Porcentaje de NNA que ingresan por primera vez al Sistema de Protección Especial en algún proyecto del departamento, respecto al total de atendidos por el Sistema en el departamento",Treinta y Tres,2025-S1,total,13.9,porcentaje
8,"Porcentaje de NNA que ingresan por primera vez al Sistema de Protección Especial en algún proyecto del departamento, respecto al total de atendidos por el Sistema en el departamento",Treinta y Tres,2025-S2,total,19.0,porcentaje
9,Cantidad de NNA que ingresan con trayectoria anterior al Sistema de Protección Especial en el departamento,Treinta y Tres,2020-S1,total,0.0,cantidad
9,Cantidad de NNA que ingresan con trayectoria anterior al Sistema de Protección Especial en el departamento,Treinta y Tres,2020-S2,total,7.0,cantidad
9,Cantidad de NNA que ingresan con trayectoria anterior al Sistema de Protección Especial en el departamento,Treinta y Tres,2021-S1,total,1.0,cantidad
9,Cantidad de NNA que ingresan con trayectoria anterior al Sistema de Protección Especial en el departamento,Treinta y Tres,2021-S2,total,6.0,cantidad
9,Cantidad de NNA que ingresan con trayectoria anterior al Sistema de Protección Especial en el departamento,Treinta y Tres,2022-S1,total,5.0,cantidad
9,Cantidad de NNA que ingresan con trayectoria anterior al Sistema de Protección Especial en el departamento,Treinta y Tres,2022-S2,total,6.0,cantidad
9,Cantidad de NNA que ingresan con trayectoria anterior al Sistema de Protección Especial en el departamento,Treinta y Tres,2023-S1,total,4.0,cantidad
9,Cantidad de NNA que ingresan con trayectoria anterior al Sistema de Protección Especial en el departamento,Treinta y Tres,2023-S2,total,8.0,cantidad
9,Cantidad de NNA que ingresan con trayectoria anterior al Sistema de Protección Especial en el departamento,Treinta y Tres,2024-S1,total,1.0,cantidad
9,Cantidad de NNA que ingresan con trayectoria anterior al Sistema de Protección Especial en el departamento,Treinta y Tres,2024-S2,total,7.0,cantidad
9,Cantidad de NNA que ingresan con trayectoria anterior al Sistema de Protección Especial en el departamento,Treinta y Tres,2025-S1,total,9.0,cantidad
9,Cantidad de NNA que ingresan con trayectoria anterior al Sistema de Protección Especial en el departamento,Treinta y Tres,2025-S2,total,11.0,cantidad
10,Porcentaje de NNA que ingresan con trayectoria anterior al Sistema de Protección Especial en algún proyecto del departamento respecto al total de atendidos por el Sistema en el departamento,Treinta y Tres,2020-S1,total,0.0,porcentaje
10,Porcentaje de NNA que ingresan con trayectoria anterior al Sistema de Protección Especial en algún proyecto del departamento respecto al total de atendidos por el Sistema en el departamento,Treinta y Tres,2020-S2,total,3.6,porcentaje
10,Porcentaje de NNA que ingresan con trayectoria anterior al Sistema de Protección Especial en algún proyecto del departamento respecto al total de atendidos por el Sistema en el departamento,Treinta y Tres,2021-S1,total,0.5,porcentaje
10,Porcentaje de NNA que ingresan con trayectoria anterior al Sistema de Protección Especial en algún proyecto del departamento respecto al total de atendidos por el Sistema en el departamento,Treinta y Tres,2021-S2,total,3.2,porcentaje
10,Porcentaje de NNA que ingresan con trayectoria anterior al Sistema de Protección Especial en algún proyecto del departamento respecto al total de atendidos por el Sistema en el departamento,Treinta y Tres,2022-S1,total,2.7,porcentaje
10,Porcentaje de NNA que ingresan con trayectoria anterior al Sistema de Protección Especial en algún proyecto del departamento respecto al total de atendidos por el Sistema en el departamento,Treinta y Tres,2022-S2,total,3.1,porcentaje
10,Porcentaje de NNA que ingresan con trayectoria anterior al Sistema de Protección Especial en algún proyecto del departamento respecto al total de atendidos por el Sistema en el departamento,Treinta y Tres,2023-S1,total,2.0,porcentaje
10,Porcentaje de NNA que ingresan con trayectoria anterior al Sistema de Protección Especial en algún proyecto del departamento respecto al total de atendidos por el Sistema en el departamento,Treinta y Tres,2023-S2,total,3.9,porcentaje
10,Porcentaje de NNA que ingresan con trayectoria anterior al Sistema de Protección Especial en algún proyecto del departamento respecto al total de atendidos por el Sistema en el departamento,Treinta y Tres,2024-S1,total,0.5,porcentaje
10,Porcentaje de NNA que ingresan con trayectoria anterior al Sistema de Protección Especial en algún proyecto del departamento respecto al total de atendidos por el Sistema en el departamento,Treinta y Tres,2024-S2,total,3.3,porcentaje
10,Porcentaje de NNA que ingresan con trayectoria anterior al Sistema de Protección Especial en algún proyecto del departamento respecto al total de atendidos por el Sistema en el departamento,Treinta y Tres,2025-S1,total,4.3,porcentaje
10,Porcentaje de NNA que ingresan con trayectoria anterior al Sistema de Protección Especial en algún proyecto del departamento respecto al total de atendidos por el Sistema en el departamento,Treinta y Tres,2025-S2,total,5.2,porcentaje
11,Cantidad de NNA que egresan del Sistema de Protección Especial en el departamento,Treinta y Tres,2020-S1,total,23.0,cantidad
11,Cantidad de NNA que egresan del Sistema de Protección Especial en el departamento,Treinta y Tres,2020-S2,total,18.0,cantidad
11,Cantidad de NNA que egresan del Sistema de Protección Especial en el departamento,Treinta y Tres,2021-S1,total,28.0,cantidad
11,Cantidad de NNA que egresan del Sistema de Protección Especial en el departamento,Treinta y Tres,2021-S2,total,36.0,cantidad
11,Cantidad de NNA que egresan del Sistema de Protección Especial en el departamento,Treinta y Tres,2022-S1,total,25.0,cantidad
11,Cantidad de NNA que egresan del Sistema de Protección Especial en el departamento,Treinta y Tres,2022-S2,total,29.0,cantidad
11,Cantidad de NNA que egresan del Sistema de Protección Especial en el departamento,Treinta y Tres,2023-S1,total,42.0,cantidad
11,Cantidad de NNA que egresan del Sistema de Protección Especial en el departamento,Treinta y Tres,2023-S2,total,22.0,cantidad
11,Cantidad de NNA que egresan del Sistema de Protección Especial en el departamento,Treinta y Tres,2024-S1,total,27.0,cantidad
11,Cantidad de NNA que egresan del Sistema de Protección Especial en el departamento,Treinta y Tres,2024-S2,total,39.0,cantidad
11,Cantidad de NNA que egresan del Sistema de Protección Especial en el departamento,Treinta y Tres,2025-S1,total,41.0,cantidad
11,Cantidad de NNA que egresan del Sistema de Protección Especial en el departamento,Treinta y Tres,2025-S2,total,56.0,cantidad
12,Cantidad de NNA que egresan del Sistema de Protección Especial en el departamento según tiempos de permanencia en el Sistema,Treinta y Tres,2020-S1,total,23.0,cantidad
12,Cantidad de NNA que egresan del Sistema de Protección Especial en el departamento según tiempos de permanencia en el Sistema,Treinta y Tres,2020-S2,total,18.0,cantidad
12,Cantidad de NNA que egresan del Sistema de Protección Especial en el departamento según tiempos de permanencia en el Sistema,Treinta y Tres,2021-S1,total,28.0,cantidad
12,Cantidad de NNA que egresan del Sistema de Protección Especial en el departamento según tiempos de permanencia en el Sistema,Treinta y Tres,2021-S2,total,36.0,cantidad
12,Cantidad de NNA que egresan del Sistema de Protección Especial en el departamento según tiempos de permanencia en el Sistema,Treinta y Tres,2022-S1,total,25.0,cantidad
12,Cantidad de NNA que egresan del Sistema de Protección Especial en el departamento según tiempos de permanencia en el Sistema,Treinta y Tres,2022-S2,total,29.0,cantidad
12,Cantidad de NNA que egresan del Sistema de Protección Especial en el departamento según tiempos de permanencia en el Sistema,Treinta y Tres,2023-S1,total,42.0,cantidad
12,Cantidad de NNA que egresan del Sistema de Protección Especial en el departamento según tiempos de permanencia en el Sistema,Treinta y Tres,2023-S2,total,22.0,cantidad
12,Cantidad de NNA que egresan del Sistema de Protección Especial en el departamento según tiempos de permanencia en el Sistema,Treinta y Tres,2024-S1,total,27.0,cantidad
12,Cantidad de NNA que egresan del Sistema de Protección Especial en el departamento según tiempos de permanencia en el Sistema,Treinta y Tres,2024-S2,total,39.0,cantidad
12,Cantidad de NNA que egresan del Sistema de Protección Especial en el departamento según tiempos de permanencia en el Sistema,Treinta y Tres,2025-S1,total,41.0,cantidad
12,Cantidad de NNA que egresan del Sistema de Protección Especial en el departamento según tiempos de permanencia en el Sistema,Treinta y Tres,2025-S2,total,56.0,cantidad
13,Cantidad de NNA que egresan del Sistema de Protección Especial en el departamento según tiempos de permanencia en la intervención,Treinta y Tres,2020-S1,total,23.0,cantidad
13,Cantidad de NNA que egresan del Sistema de Protección Especial en el departamento según tiempos de permanencia en la intervención,Treinta y Tres,2020-S2,total,18.0,cantidad
13,Cantidad de NNA que egresan del Sistema de Protección Especial en el departamento según tiempos de permanencia en la intervención,Treinta y Tres,2021-S1,total,28.0,cantidad
13,Cantidad de NNA que egresan del Sistema de Protección Especial en el departamento según tiempos de permanencia en la intervención,Treinta y Tres,2021-S2,total,36.0,cantidad
13,Cantidad de NNA que egresan del Sistema de Protección Especial en el departamento según tiempos de permanencia en la intervención,Treinta y Tres,2022-S1,total,25.0,cantidad
13,Cantidad de NNA que egresan del Sistema de Protección Especial en el departamento según tiempos de permanencia en la intervención,Treinta y Tres,2022-S2,total,29.0,cantidad
13,Cantidad de NNA que egresan del Sistema de Protección Especial en el departamento según tiempos de permanencia en la intervención,Treinta y Tres,2023-S1,total,42.0,cantidad
13,Cantidad de NNA que egresan del Sistema de Protección Especial en el departamento según tiempos de permanencia en la intervención,Treinta y Tres,2023-S2,total,22.0,cantidad
13,Cantidad de NNA que egresan del Sistema de Protección Especial en el departamento según tiempos de permanencia en la intervención,Treinta y Tres,2024-S1,total,27.0,cantidad
13,Cantidad de NNA que egresan del Sistema de Protección Especial en el departamento según tiempos de permanencia en la intervención,Treinta y Tres,2024-S2,total,39.0,cantidad
13,Cantidad de NNA que egresan del Sistema de Protección Especial en el departamento según tiempos de permanencia en la intervención,Treinta y Tres,2025-S1,total,41.0,cantidad
13,Cantidad de NNA que egresan del Sistema de Protección Especial en el departamento según tiempos de permanencia en la intervención,Treinta y Tres,2025-S2,total,56.0,cantidad
14,Cantidad de NNA que dejan de vivir en residencias en el departamento para vivir con una familia,Treinta y Tres,2020-S1,total,9.0,cantidad
14,Cantidad de NNA que dejan de vivir en residencias en el departamento para vivir con una familia,Treinta y Tres,2020-S2,total,22.0,cantidad
14,Cantidad de NNA que dejan de vivir en residencias en el departamento para vivir con una familia,Treinta y Tres,2021-S1,total,17.0,cantidad
14,Cantidad de NNA que dejan de vivir en residencias en el departamento para vivir con una familia,Treinta y Tres,2021-S2,total,49.0,cantidad
14,Cantidad de NNA que dejan de vivir en residencias en el departamento para vivir con una familia,Treinta y Tres,2022-S1,total,35.0,cantidad
14,Cantidad de NNA que dejan de vivir en residencias en el departamento para vivir con una familia,Treinta y Tres,2022-S2,total,31.0,cantidad
14,Cantidad de NNA que dejan de vivir en residencias en el departamento para vivir con una familia,Treinta y Tres,2023-S1,total,22.0,cantidad
14,Cantidad de NNA que dejan de vivir en residencias en el departamento para vivir con una familia,Treinta y Tres,2023-S2,total,23.0,cantidad
14,Cantidad de NNA que dejan de vivir en residencias en el departamento para vivir con una familia,Treinta y Tres,2024-S1,total,23.0,cantidad
14,Cantidad de NNA que dejan de vivir en residencias en el departamento para vivir con una familia,Treinta y Tres,2024-S2,total,39.0,cantidad
14,Cantidad de NNA que dejan de vivir en residencias en el departamento para vivir con una familia,Treinta y Tres,2025-S1,total,33.0,cantidad
14,Cantidad de NNA que dejan de vivir en residencias en el departamento para vivir con una familia,Treinta y Tres,2025-S2,total,50.0,cantidad
15,Cantidad de NNA con condición de adoptabilidad en el departamento,Treinta y Tres,2020-S1,total,0.0,cantidad
15,Cantidad de NNA con condición de adoptabilidad en el departamento,Treinta y Tres,2020-S2,total,0.0,cantidad
15,Cantidad de NNA con condición de adoptabilidad en el departamento,Treinta y Tres,2021-S1,total,1.0,cantidad
15,Cantidad de NNA con condición de adoptabilidad en el departamento,Treinta y Tres,2021-S2,total,1.0,cantidad
15,Cantidad de NNA con condición de adoptabilidad en el departamento,Treinta y Tres,2022-S1,total,0.0,cantidad
15,Cantidad de NNA con condición de adoptabilidad en el departamento,Treinta y Tres,2022-S2,total,1.0,cantidad
15,Cantidad de NNA con condición de adoptabilidad en el departamento,Treinta y Tres,2023-S1,total,0.0,cantidad
15,Cantidad de NNA con condición de adoptabilidad en el departamento,Treinta y Tres,2023-S2,total,5.0,cantidad
15,Cantidad de NNA con condición de adoptabilidad en el departamento,Treinta y Tres,2024-S1,total,6.0,cantidad
15,Cantidad de NNA con condición de adoptabilidad en el departamento,Treinta y Tres,2024-S2,total,6.0,cantidad
15,Cantidad de NNA con condición de adoptabilidad en el departamento,Treinta y Tres,2025-S1,total,6.0,cantidad
15,Cantidad de NNA con condición de adoptabilidad en el departamento,Treinta y Tres,2025-S2,total,3.0,cantidad
16,"Porcentaje de NNA con condición de adoptabilidad en el departamento, respecto al total de NNA atendidos por el Sistema de Protección Especial en el departamento",Treinta y Tres,2020-S1,total,0.0,porcentaje
16,"Porcentaje de NNA con condición de adoptabilidad en el departamento, respecto al total de NNA atendidos por el Sistema de Protección Especial en el departamento",Treinta y Tres,2020-S2,total,0.0,porcentaje
16,"Porcentaje de NNA con condición de adoptabilidad en el departamento, respecto al total de NNA atendidos por el Sistema de Protección Especial en el departamento",Treinta y Tres,2021-S1,total,0.5,porcentaje
16,"Porcentaje de NNA con condición de adoptabilidad en el departamento, respecto al total de NNA atendidos por el Sistema de Protección Especial en el departamento",Treinta y Tres,2021-S2,total,0.5,porcentaje
16,"Porcentaje de NNA con condición de adoptabilidad en el departamento, respecto al total de NNA atendidos por el Sistema de Protección Especial en el departamento",Treinta y Tres,2022-S1,total,0.0,porcentaje
16,"Porcentaje de NNA con condición de adoptabilidad en el departamento, respecto al total de NNA atendidos por el Sistema de Protección Especial en el departamento",Treinta y Tres,2022-S2,total,0.5,porcentaje
16,"Porcentaje de NNA con condición de adoptabilidad en el departamento, respecto al total de NNA atendidos por el Sistema de Protección Especial en el departamento",Treinta y Tres,2023-S1,total,0.0,porcentaje
16,"Porcentaje de NNA con condición de adoptabilidad en el departamento, respecto al total de NNA atendidos por el Sistema de Protección Especial en el departamento",Treinta y Tres,2023-S2,total,2.5,porcentaje
16,"Porcentaje de NNA con condición de adoptabilidad en el departamento, respecto al total de NNA atendidos por el Sistema de Protección Especial en el departamento",Treinta y Tres,2024-S1,total,2.9,porcentaje
16,"Porcentaje de NNA con condición de adoptabilidad en el departamento, respecto al total de NNA atendidos por el Sistema de Protección Especial en el departamento",Treinta y Tres,2024-S2,total,2.8,porcentaje
16,"Porcentaje de NNA con condición de adoptabilidad en el departamento, respecto al total de NNA atendidos por el Sistema de Protección Especial en el departamento",Treinta y Tres,2025-S1,total,2.9,porcentaje
16,"Porcentaje de NNA con condición de adoptabilidad en el departamento, respecto al total de NNA atendidos por el Sistema de Protección Especial en el departamento",Treinta y Tres,2025-S2,total,1.4,porcentaje
17,Cantidad de NNA con condición de adoptabilidad en el departamento que pasa a seguimiento de tenencia,Treinta y Tres,2020-S1,total,0.0,cantidad
17,Cantidad de NNA con condición de adoptabilidad en el departamento que pasa a seguimiento de tenencia,Treinta y Tres,2020-S2,total,0.0,cantidad
17,Cantidad de NNA con condición de adoptabilidad en el departamento que pasa a seguimiento de tenencia,Treinta y Tres,2021-S1,total,0.0,cantidad
17,Cantidad de NNA con condición de adoptabilidad en el departamento que pasa a seguimiento de tenencia,Treinta y Tres,2021-S2,total,1.0,cantidad
17,Cantidad de NNA con condición de adoptabilidad en el departamento que pasa a seguimiento de tenencia,Treinta y Tres,2022-S1,total,0.0,cantidad
17,Cantidad de NNA con condición de adoptabilidad en el departamento que pasa a seguimiento de tenencia,Treinta y Tres,2022-S2,total,0.0,cantidad
17,Cantidad de NNA con condición de adoptabilidad en el departamento que pasa a seguimiento de tenencia,Treinta y Tres,2023-S1,total,0.0,cantidad
17,Cantidad de NNA con condición de adoptabilidad en el departamento que pasa a seguimiento de tenencia,Treinta y Tres,2023-S2,total,2.0,cantidad
17,Cantidad de NNA con condición de adoptabilidad en el departamento que pasa a seguimiento de tenencia,Treinta y Tres,2024-S1,total,1.0,cantidad
17,Cantidad de NNA con condición de adoptabilidad en el departamento que pasa a seguimiento de tenencia,Treinta y Tres,2024-S2,total,2.0,cantidad
17,Cantidad de NNA con condición de adoptabilidad en el departamento que pasa a seguimiento de tenencia,Treinta y Tres,2025-S1,total,4.0,cantidad
17,Cantidad de NNA con condición de adoptabilidad en el departamento que pasa a seguimiento de tenencia,Treinta y Tres,2025-S2,total,2.0,cantidad
19,Cantidad de NNA atendidos por el Sistema de Protección Especial en el departamento que tiene Proyecto de Atención Integral (PAI),Treinta y Tres,2020-S1,total,0.0,cantidad
19,Cantidad de NNA atendidos por el Sistema de Protección Especial en el departamento que tiene Proyecto de Atención Integral (PAI),Treinta y Tres,2020-S2,total,0.0,cantidad
19,Cantidad de NNA atendidos por el Sistema de Protección Especial en el departamento que tiene Proyecto de Atención Integral (PAI),Treinta y Tres,2021-S1,total,0.0,cantidad
19,Cantidad de NNA atendidos por el Sistema de Protección Especial en el departamento que tiene Proyecto de Atención Integral (PAI),Treinta y Tres,2021-S2,total,0.0,cantidad
19,Cantidad de NNA atendidos por el Sistema de Protección Especial en el departamento que tiene Proyecto de Atención Integral (PAI),Treinta y Tres,2022-S1,total,0.0,cantidad
19,Cantidad de NNA atendidos por el Sistema de Protección Especial en el departamento que tiene Proyecto de Atención Integral (PAI),Treinta y Tres,2022-S2,total,0.0,cantidad
19,Cantidad de NNA atendidos por el Sistema de Protección Especial en el departamento que tiene Proyecto de Atención Integral (PAI),Treinta y Tres,2023-S1,total,0.0,cantidad
19,Cantidad de NNA atendidos por el Sistema de Protección Especial en el departamento que tiene Proyecto de Atención Integral (PAI),Treinta y Tres,2023-S2,total,0.0,cantidad
19,Cantidad de NNA atendidos por el Sistema de Protección Especial en el departamento que tiene Proyecto de Atención Integral (PAI),Treinta y Tres,2024-S1,total,0.0,cantidad
19,Cantidad de NNA atendidos por el Sistema de Protección Especial en el departamento que tiene Proyecto de Atención Integral (PAI),Treinta y Tres,2024-S2,total,0.0,cantidad
19,Cantidad de NNA atendidos por el Sistema de Protección Especial en el departamento que tiene Proyecto de Atención Integral (PAI),Treinta y Tres,2025-S1,total,0.0,cantidad
19,Cantidad de NNA atendidos por el Sistema de Protección Especial en el departamento que tiene Proyecto de Atención Integral (PAI),Treinta y Tres,2025-S2,total,0.0,cantidad
20,"Cantidad de NN de 0 a 5 años atendidos por el Sistema de Protección Especial en el departamento, inscriptos en centros de educación y cuidado",Treinta y Tres,2021-S1,total,30.0,cantidad
20,"Cantidad de NN de 0 a 5 años atendidos por el Sistema de Protección Especial en el departamento, inscriptos en centros de educación y cuidado",Treinta y Tres,2021-S2,total,31.0,cantidad
20,"Cantidad de NN de 0 a 5 años atendidos por el Sistema de Protección Especial en el departamento, inscriptos en centros de educación y cuidado",Treinta y Tres,2022-S1,total,33.0,cantidad
20,"Cantidad de NN de 0 a 5 años atendidos por el Sistema de Protección Especial en el departamento, inscriptos en centros de educación y cuidado",Treinta y Tres,2022-S2,total,32.0,cantidad
20,"Cantidad de NN de 0 a 5 años atendidos por el Sistema de Protección Especial en el departamento, inscriptos en centros de educación y cuidado",Treinta y Tres,2023-S1,total,43.0,cantidad
20,"Cantidad de NN de 0 a 5 años atendidos por el Sistema de Protección Especial en el departamento, inscriptos en centros de educación y cuidado",Treinta y Tres,2023-S2,total,39.0,cantidad
20,"Cantidad de NN de 0 a 5 años atendidos por el Sistema de Protección Especial en el departamento, inscriptos en centros de educación y cuidado",Treinta y Tres,2024-S1,total,36.0,cantidad
20,"Cantidad de NN de 0 a 5 años atendidos por el Sistema de Protección Especial en el departamento, inscriptos en centros de educación y cuidado",Treinta y Tres,2024-S2,total,25.0,cantidad
20,"Cantidad de NN de 0 a 5 años atendidos por el Sistema de Protección Especial en el departamento, inscriptos en centros de educación y cuidado",Treinta y Tres,2025-S1,total,16.0,cantidad
20,"Cantidad de NN de 0 a 5 años atendidos por el Sistema de Protección Especial en el departamento, inscriptos en centros de educación y cuidado",Treinta y Tres,2025-S2,total,15.0,cantidad
21,"Cantidad de NNA de 6 a 17 años atendidos por el Sistema de Protección Especial en el departamento, inscriptos en centros de educación formal",Treinta y Tres,2021-S1,total,120.0,cantidad
21,"Cantidad de NNA de 6 a 17 años atendidos por el Sistema de Protección Especial en el departamento, inscriptos en centros de educación formal",Treinta y Tres,2021-S2,total,111.0,cantidad
21,"Cantidad de NNA de 6 a 17 años atendidos por el Sistema de Protección Especial en el departamento, inscriptos en centros de educación formal",Treinta y Tres,2022-S1,total,122.0,cantidad
21,"Cantidad de NNA de 6 a 17 años atendidos por el Sistema de Protección Especial en el departamento, inscriptos en centros de educación formal",Treinta y Tres,2022-S2,total,131.0,cantidad
21,"Cantidad de NNA de 6 a 17 años atendidos por el Sistema de Protección Especial en el departamento, inscriptos en centros de educación formal",Treinta y Tres,2023-S1,total,116.0,cantidad
21,"Cantidad de NNA de 6 a 17 años atendidos por el Sistema de Protección Especial en el departamento, inscriptos en centros de educación formal",Treinta y Tres,2023-S2,total,136.0,cantidad
21,"Cantidad de NNA de 6 a 17 años atendidos por el Sistema de Protección Especial en el departamento, inscriptos en centros de educación formal",Treinta y Tres,2024-S1,total,139.0,cantidad
21,"Cantidad de NNA de 6 a 17 años atendidos por el Sistema de Protección Especial en el departamento, inscriptos en centros de educación formal",Treinta y Tres,2024-S2,total,138.0,cantidad
21,"Cantidad de NNA de 6 a 17 años atendidos por el Sistema de Protección Especial en el departamento, inscriptos en centros de educación formal",Treinta y Tres,2025-S1,total,137.0,cantidad
21,"Cantidad de NNA de 6 a 17 años atendidos por el Sistema de Protección Especial en el departamento, inscriptos en centros de educación formal",Treinta y Tres,2025-S2,total,140.0,cantidad
23,Cantidad de NNA atendidos por el Sistema de Protección Especial en el departamento con controles médicos al día,Treinta y Tres,2020-S1,total,87.0,cantidad
23,Cantidad de NNA atendidos por el Sistema de Protección Especial en el departamento con controles médicos al día,Treinta y Tres,2020-S2,total,87.0,cantidad
23,Cantidad de NNA atendidos por el Sistema de Protección Especial en el departamento con controles médicos al día,Treinta y Tres,2021-S1,total,123.0,cantidad
23,Cantidad de NNA atendidos por el Sistema de Protección Especial en el departamento con controles médicos al día,Treinta y Tres,2021-S2,total,107.0,cantidad
23,Cantidad de NNA atendidos por el Sistema de Protección Especial en el departamento con controles médicos al día,Treinta y Tres,2022-S1,total,130.0,cantidad
23,Cantidad de NNA atendidos por el Sistema de Protección Especial en el departamento con controles médicos al día,Treinta y Tres,2022-S2,total,107.0,cantidad
23,Cantidad de NNA atendidos por el Sistema de Protección Especial en el departamento con controles médicos al día,Treinta y Tres,2023-S1,total,108.0,cantidad
23,Cantidad de NNA atendidos por el Sistema de Protección Especial en el departamento con controles médicos al día,Treinta y Tres,2023-S2,total,91.0,cantidad
23,Cantidad de NNA atendidos por el Sistema de Protección Especial en el departamento con controles médicos al día,Treinta y Tres,2024-S1,total,155.0,cantidad
23,Cantidad de NNA atendidos por el Sistema de Protección Especial en el departamento con controles médicos al día,Treinta y Tres,2024-S2,total,126.0,cantidad
23,Cantidad de NNA atendidos por el Sistema de Protección Especial en el departamento con controles médicos al día,Treinta y Tres,2025-S1,total,116.0,cantidad
23,Cantidad de NNA atendidos por el Sistema de Protección Especial en el departamento con controles médicos al día,Treinta y Tres,2025-S2,total,113.0,cantidad
24,Cantidad de NNA atendidos por el Sistema de Protección Especial en el departamento con vacunas al día,Treinta y Tres,2020-S1,total,139.0,cantidad
24,Cantidad de NNA atendidos por el Sistema de Protección Especial en el departamento con vacunas al día,Treinta y Tres,2020-S2,total,139.0,cantidad
24,Cantidad de NNA atendidos por el Sistema de Protección Especial en el departamento con vacunas al día,Treinta y Tres,2021-S1,total,151.0,cantidad
24,Cantidad de NNA atendidos por el Sistema de Protección Especial en el departamento con vacunas al día,Treinta y Tres,2021-S2,total,134.0,cantidad
24,Cantidad de NNA atendidos por el Sistema de Protección Especial en el departamento con vacunas al día,Treinta y Tres,2022-S1,total,153.0,cantidad
24,Cantidad de NNA atendidos por el Sistema de Protección Especial en el departamento con vacunas al día,Treinta y Tres,2022-S2,total,149.0,cantidad
24,Cantidad de NNA atendidos por el Sistema de Protección Especial en el departamento con vacunas al día,Treinta y Tres,2023-S1,total,145.0,cantidad
24,Cantidad de NNA atendidos por el Sistema de Protección Especial en el departamento con vacunas al día,Treinta y Tres,2023-S2,total,161.0,cantidad
24,Cantidad de NNA atendidos por el Sistema de Protección Especial en el departamento con vacunas al día,Treinta y Tres,2024-S1,total,166.0,cantidad
24,Cantidad de NNA atendidos por el Sistema de Protección Especial en el departamento con vacunas al día,Treinta y Tres,2024-S2,total,156.0,cantidad
24,Cantidad de NNA atendidos por el Sistema de Protección Especial en el departamento con vacunas al día,Treinta y Tres,2025-S1,total,148.0,cantidad
24,Cantidad de NNA atendidos por el Sistema de Protección Especial en el departamento con vacunas al día,Treinta y Tres,2025-S2,total,143.0,cantidad
